runnerUri,fullname,time,rank,nationality,nationalityCode,index,ageGroup,gender
2704.kilian.jornetburgada,Kilian JORNET BURGADA,20:36:43,1,Espagne,ES,,20-34,H
7208.iker.karrera,Iker KARRERA,20:45:30,2,Espagne,ES,,35-39,H
12616.sebastien.chaigneau,Sebastien CHAIGNEAU,20:55:41,3,France,FR,,35-39,H
17.csaba.nemeth,Csaba NEMETH,22:35:48,4,Hongrie,HU,,40-44,H
13637.carlos.sa,Carlos SA,22:48:24,5,Portugal,PT,,35-39,H
2474.patrick.bohard,Patrick BOHARD,23:31:55,6,France,FR,,45-49,H
2708.tsuyoshi.kaburaki,Tsuyoshi KABURAKI,23:41:04,7,Japon,JP,,40-44,H
6953.antoine.guillon,Antoine GUILLON,23:56:50,8,France,FR,,40-44,H
110187.francois.faivre,Francois FAIVRE,24:07:03,9,France,FR,,20-34,H
36428.kenichi.yamamoto,Kenichi YAMAMOTO,24:15:40,10,Japon,JP,,20-34,H
2751.mike.foote,Mike FOOTE,24:25:12,11,Etats-Unis,US,,20-34,H
11752.matthias.dippacher,Matthias DIPPACHER,24:38:23,12,Allemagne,DE,,20-34,H
12828.elizabeth.hawker,Elizabeth HAWKER,25:02:00,13,Royaume-Uni,GB,,35-39,F
17705.nicholas.pedatella,Nicholas PEDATELLA,25:51:33,14,Etats-Unis,US,,20-34,H
40205.michel.cercueil,Michel CERCUEIL,26:19:25,15,France,FR,,35-39,H
75927.eneko.aurrekoetxeauriarte,Eneko AURREKOETXEA-URIARTE,26:23:32,16,Espagne,ES,,20-34,H
24239.bastien.bravais,Bastien BRAVAIS,26:34:55,17,France,FR,,20-34,H
2190.john.tidd,John TIDD,26:35:05,18,Espagne,ES,,45-49,H
9851.frederic.cantin,Frederic CANTIN,26:44:38,19,France,FR,,35-39,H
73306.joao.goncalves,Joao GONCALVES,26:59:47,20,Portugal,PT,,35-39,H
10.stephane.sarda,Stephane SARDA,27:28:06,21,France,FR,,35-39,H
14400.jack.pilla,Jack PILLA,27:35:26,22,Etats-Unis,US,,50-54,H
20047.jeanclaude.mathieu,Jean-Claude MATHIEU,27:47:20,23,France,FR,,45-49,H
8924.benoit.thiery,Benoit THIERY,27:47:20,23,France,FR,,20-34,H
12831.nerea.martinezurruzola,Nerea MARTINEZ-URRUZOLA,27:55:34,25,Espagne,ES,,35-39,F
2705.mike.wolfe,Mike WOLFE,28:01:47,26,Etats-Unis,US,,20-34,H
24417.remy.marcel,Remy MARCEL,28:20:44,27,France,FR,,20-34,H
44212.chris.near,Chris NEAR,28:25:46,28,Royaume-Uni,GB,,35-39,H
8140.mathieu.siraudin,Mathieu SIRAUDIN,28:26:55,29,France,FR,,20-34,H
75928.krzysztof.dolegowski,Krzysztof DOLEGOWSKI,28:27:41,30,Pologne,PL,,20-34,H
75929.darcy.piceuafrica,Darcy PICEU AFRICA,28:30:28,31,Etats-Unis,US,,35-39,F
19256.marco.zanchi,Marco ZANCHI,28:37:14,32,Italie,IT,,35-39,H
24567.serge.locatelli,Serge LOCATELLI,28:38:20,33,France,FR,,40-44,H
75930.eoin.keith,Eoin KEITH,28:54:50,34,Irlande,IE,,40-44,H
12296.raul.frechillatoledo,Raul FRECHILLA-TOLEDO,29:00:10,35,Espagne,ES,,35-39,H
20065.daniel.biollaz,Daniel BIOLLAZ,29:00:11,36,France,FR,,40-44,H
6291.frederic.souchon,Frederic SOUCHON,29:04:07,37,France,FR,,40-44,H
20964.sergio.vallosio,Sergio VALLOSIO,29:12:43,38,Italie,IT,,35-39,H
17693.fabrice.hardel,Fabrice HARDEL,29:14:35,39,France,FR,,35-39,H
2749.scott.jaime,Scott JAIME,29:17:13,40,Etats-Unis,US,,40-44,H
,Anonymous,29:20:55,41,Italie,IT,,40-44,H
75931.albert.ginecid,Albert GINE-CID,29:25:28,42,Espagne,ES,,20-34,H
12641.denise.zimmermann,Denise ZIMMERMANN,29:26:39,43,Suisse,CH,,35-39,F
51239.alan.lucker,Alan LUCKER,29:29:06,44,Royaume-Uni,GB,,35-39,H
19963.philippe.carrard,Philippe CARRARD,29:30:48,45,Suisse,CH,,35-39,H
75932.benoit.poupinet,Benoit POUPINET,29:30:48,45,France,FR,,40-44,H
51170.richard.cunningham,Richard CUNNINGHAM,29:46:11,47,Royaume-Uni,GB,,40-44,H
21277.alessandro.montani,Alessandro MONTANI,30:03:09,48,Italie,IT,,35-39,H
19261.giuseppe.marazzi,Giuseppe MARAZZI,30:17:51,49,Italie,IT,,35-39,H
5988.maud.gobert,Maud GOBERT,30:20:59,50,France,FR,,20-34,F
2742.helen.cospolich,Helen COSPOLICH,30:27:37,51,Etats-Unis,US,,20-34,F
7850.thierry.tutzo,Thierry TUTZO,30:36:22,52,France,FR,,45-49,H
30616.katia.fori,Katia FORI,30:38:44,53,Italie,IT,,35-39,F
19600.gianluca.broseghini,Gianluca BROSEGHINI,30:38:52,54,Italie,IT,,35-39,H
34655.fabio.granzotto,Fabio GRANZOTTO,30:42:41,55,Italie,IT,,20-34,H
20963.enrico.camarda,Enrico CAMARDA,30:42:58,56,Italie,IT,,35-39,H
20066.adrien.schluchter,Adrien SCHLUCHTER,30:49:29,57,Suisse,CH,,55-59,H
70530.alois.leitner,Alois LEITNER,30:52:50,58,Autriche,AT,,45-49,H
7216.patrick.delikat,Patrick DELIKAT,30:54:31,59,France,FR,,40-44,H
28126.christophe.laurent,Christophe LAURENT,31:01:29,60,France,FR,,40-44,H
11127.franck.dorne,Franck DORNE,31:07:40,61,France,FR,,45-49,H
,Anonymous,31:07:57,62,Espagne,ES,,35-39,H
73432.thierry.cussac,Thierry CUSSAC,31:16:04,63,France,FR,,40-44,H
75934.julio.rodriguez,Julio RODRIGUEZ,31:52:11,64,Espagne,ES,,35-39,H
11056.marc.toubin,Marc TOUBIN,31:57:02,65,France,FR,,35-39,H
20057.julien.voeffray,Julien VOEFFRAY,32:01:41,66,Suisse,CH,,20-34,H
57825.andrew.findley,Andrew FINDLEY,32:01:51,67,Royaume-Uni,GB,,45-49,H
6289.mathieu.motsch,Mathieu MOTSCH,32:01:52,68,France,FR,,35-39,H
55348.nikolaos.petropoulos,Nikolaos PETROPOULOS,32:01:53,69,Grèce,GR,,40-44,H
42642.christophe.meier,Christophe MEIER,32:04:01,70,Suisse,CH,,35-39,H
75935.jordi.calduchprat,Jordi CALDUCH-PRAT,32:05:09,71,Espagne,ES,,35-39,H
20967.gianluca.galeati,Gianluca GALEATI,32:14:00,72,Italie,IT,,20-34,H
30471.davide.grazielli,Davide GRAZIELLI,32:14:02,73,Italie,IT,,35-39,H
24.johan.moussel,Johan MOUSSEL,32:15:35,74,France,FR,,35-39,H
6642.jerome.bereziat,Jerome BEREZIAT,32:18:52,75,France,FR,,35-39,H
10427.jacky.deconihout,Jacky DECONIHOUT,32:20:39,76,France,FR,,55-59,H
20184.benoit.clement,Benoit CLEMENT,32:20:39,76,Suisse,CH,,40-44,H
37727.maria.semerjian,Maria SEMERJIAN,32:22:18,78,France,FR,,35-39,F
19607.michele.benamati,Michele BENAMATI,32:23:08,79,Italie,IT,,40-44,H
48405.daniel.egli,Daniel EGLI,32:27:45,80,Suisse,CH,,40-44,H
19014.jason.poole,Jason POOLE,32:27:54,81,Etats-Unis,US,,40-44,H
75936.paul.maisonnier,Paul MAISONNIER,32:30:38,82,France,FR,,45-49,H
20417.gerard.minary,Gerard MINARY,32:31:41,83,France,FR,,55-59,H
62537.christoph.lux,Christoph LUX,32:33:48,84,Allemagne,DE,,20-34,H
67514.thomas.tribius,Thomas TRIBIUS,32:34:18,85,Allemagne,DE,,45-49,H
75937.roger.vallsjove,Roger VALLS-JOVE,32:38:37,86,Espagne,ES,,20-34,H
11505.eric.henry,Eric HENRY,32:48:13,87,France,FR,,40-44,H
27899.jeanchristophe.bessiere,Jean-Christophe BESSIERE,32:49:42,88,France,FR,,45-49,H
75938.patrice.henry,Patrice HENRY,32:51:44,89,France,FR,,60-64,H
75.jeanluc.lefrancois,Jean-Luc LEFRANCOIS,32:56:14,90,France,FR,,45-49,H
561192.miguel.filgueiras,Miguel FILGUEIRAS,32:56:44,91,Espagne,ES,,40-44,H
41861.yves.jacquet,Yves JACQUET,32:58:52,92,France,FR,,50-54,H
11514.patrice.pajean,Patrice PAJEAN,33:00:27,93,France,FR,,35-39,H
10650.roland.gers,Roland GERS,33:01:00,94,France,FR,,20-34,H
870514.valentin.delacerdacisternes,Valentin DE LA CERDA CISTERNES,33:01:23,95,Espagne,ES,,35-39,H
20428.achim.mink,Achim MINK,33:03:55,96,Allemagne,DE,,40-44,H
55378.panagiotis.konstantinou,Panagiotis KONSTANTINOU,33:05:38,97,Grèce,GR,,40-44,H
340614.kian.pourady,Kian POURADY,33:06:16,98,France,FR,,40-44,H
42796.eric.moine,Eric MOINE,33:09:25,99,France,FR,,50-54,H
10441.herve.fuchs,Herve FUCHS,33:09:25,99,France,FR,,40-44,H
8293.raphael.bodiguel,Raphaël BODIGUEL,33:13:26,101,France,FR,,40-44,H
30609.maurizio.sala,Maurizio SALA,33:15:15,102,Italie,IT,,45-49,H
6669.tanguy.epale,Tanguy EPALE,33:15:16,103,France,FR,,35-39,H
7868.denis.gremeaux,Denis GREMEAUX,33:17:15,104,France,FR,,40-44,H
75940.digby.harris,Digby HARRIS,33:19:05,105,Royaume-Uni,GB,,40-44,H
10711.gilles.repellin,Gilles REPELLIN,33:20:42,106,France,FR,,40-44,H
44244.yann.lepage,Yann LEPAGE,33:28:36,107,France,FR,,35-39,H
30008.paul.cascarino,Paul CASCARINO,33:29:54,108,France,FR,,40-44,H
32242.enric.gonzalezlopera,Enric GONZALEZ LOPERA,33:34:07,109,Espagne,ES,,35-39,H
41768.benoit.luchez,Benoit LUCHEZ,33:34:39,110,France,FR,,35-39,H
388872.didier.garnier,Didier GARNIER,33:35:09,111,France,FR,,35-39,H
73319.guy.berton,Guy BERTON,33:36:00,112,Belgique,BE,,40-44,H
6300.serge.lamendour,Serge LAMENDOUR,33:36:45,113,France,FR,,40-44,H
75942.oscar.aguinagaiza,Oscar AGUINAGA-IZA,33:44:56,114,Espagne,ES,,35-39,H
75943.enric.carrerasdorca,Enric CARRERAS-DORCA,33:45:22,115,Espagne,ES,,20-34,H
25216.hubert.binder,Hubert BINDER,33:46:49,116,France,FR,,40-44,H
20067.niels.grimpeluhmann,Niels GRIMPE-LUHMANN,33:46:49,116,Allemagne,DE,,45-49,H
62928.dieter.guentner,Dieter GUENTNER,33:52:21,118,Allemagne,DE,,45-49,H
75944.dominique.laville,Dominique LAVILLE,34:01:05,119,France,FR,,50-54,H
19317.simonetta.castelli,Simonetta CASTELLI,34:04:20,120,Italie,IT,,45-49,F
41299.renaud.lobry,Renaud LOBRY,34:13:28,121,France,FR,,40-44,H
179.robert.westaway,Robert WESTAWAY,34:13:54,122,Nouvelle-Zélande,NZ,,40-44,H
19628.konstantinos.kozanitis,Konstantinos KOZANITIS,34:14:50,123,Grèce,GR,,40-44,H
60008.margaretha.fortmann,Margaretha FORTMANN,34:15:23,124,Australie,AU,,20-34,F
11532.roland.poly,Roland POLY,34:18:04,125,France,FR,,60-64,H
20447.david.delille,David DELILLE,34:18:45,126,France,FR,,20-34,H
41858.martin.delarue,Martin DELARUE,34:27:03,127,France,FR,,40-44,H
75945.guillaume.chelius,Guillaume CHELIUS,34:27:03,127,France,FR,,20-34,H
8330.bruno.felgines,Bruno FELGINES,34:29:49,129,France,FR,,40-44,H
25246.francis.baudet,Francis BAUDET,34:29:56,130,France,FR,,55-59,H
9890.gilles.cavertdelatour,Gilles CAVERT-DE LA TOUR,34:34:32,131,France,FR,,45-49,H
48686.franco.radaelli,Franco RADAELLI,34:36:18,132,Italie,IT,,40-44,H
19625.pal.polgar,Pal POLGAR,34:36:28,133,Hongrie,HU,,55-59,H
20405.didier.roy,Didier ROY,34:38:13,134,France,FR,,40-44,H
36478.takashi.nakagawa,Takashi NAKAGAWA,34:38:55,135,Japon,JP,,35-39,H
75946.oscar.defrancisco,Oscar DE FRANCISCO,34:44:05,136,Espagne,ES,,35-39,H
57824.dietmar.fiedler,Dietmar FIEDLER,34:45:26,137,Autriche,AT,,20-34,H
75947.joel.saulay,Joel SAULAY,34:48:30,138,France,FR,,45-49,H
44897.tom.siener,Tom SIENER,34:48:32,139,Allemagne,DE,,40-44,H
10442.cyrille.carrasco,Cyrille CARRASCO,34:54:23,140,France,FR,,40-44,H
9885.damien.vaugoyeau,Damien VAUGOYEAU,34:54:44,141,France,FR,,35-39,H
10535.serge.lefebvre,Serge LEFEBVRE,34:59:17,142,France,FR,,40-44,H
18760.beat.lohner,Beat LOHNER,34:59:36,143,Liechtenstein,LI,,40-44,H
75948.christophe.carminati,Christophe CARMINATI,35:00:02,144,France,FR,,40-44,H
6698.pascal.morelli,Pascal MORELLI,35:00:03,145,France,FR,,35-39,H
7166.patrick.tirello,Patrick TIRELLO,35:00:38,146,France,FR,,40-44,H
126.philippe.treuil,Philippe TREUIL,35:02:03,147,France,FR,,50-54,H
7247.frederic.vidotto,Frederic VIDOTTO,35:02:36,148,France,FR,,35-39,H
34657.daniele.settesoldi,Daniele SETTESOLDI,35:04:42,149,Italie,IT,,40-44,H
75949.valenti.cruzladera,Valenti CRUZ-LADERA,35:05:27,150,Espagne,ES,,40-44,H
8782.nicolas.eyroulet,Nicolas EYROULET,35:09:28,151,France,FR,,20-34,H
10817.mariechristine.pasero,Marie-Christine PASERO,35:10:11,152,France,FR,,50-54,F
75950.joan.riustorner,Joan RIUS-TORNER,35:10:13,153,Espagne,ES,,45-49,H
75951.stephane.pillaud,Stephane PILLAUD,35:11:12,154,France,FR,,40-44,H
113660.stephane.jung,Stephane JUNG,35:13:46,155,France,FR,,40-44,H
43904.denis.dechivre,Denis DE CHIVRE,35:16:20,156,France,FR,,35-39,H
38665.adrien.abry,Adrien ABRY,35:16:55,157,France,FR,,20-34,H
21292.carlo.saccardo,Carlo SACCARDO,35:17:43,158,Italie,IT,,50-54,H
10438.massimo.zaccaria,Massimo ZACCARIA,35:17:44,159,Italie,IT,,40-44,H
19275.giuliana.arrigoni,Giuliana ARRIGONI,35:20:27,160,Italie,IT,,45-49,F
75952.richard.brown,Richard BROWN,35:20:38,161,Royaume-Uni,GB,,40-44,H
74982.borkur.arnason,Börkur ARNASON,35:22:57,162,Islande,IS,,35-39,H
43026.bernard.blachas,Bernard BLACHAS,35:24:32,163,France,FR,,60-64,H
20999.elio.foiadelli,Elio FOIADELLI,35:27:19,164,Italie,IT,,45-49,H
234.bruno.batisse,Bruno BATISSE,35:29:35,165,France,FR,,35-39,H
21104.patrizia.pensa,Patrizia PENSA,35:29:38,166,Italie,IT,,45-49,F
142.michel.ferre,Michel FERRE,35:31:23,167,France,FR,,50-54,H
19968.michel.cherix,Michel CHERIX,35:36:30,168,Suisse,CH,,45-49,H
40284.stephane.berthe,Stephane BERTHE,35:38:17,169,France,FR,,40-44,H
75953.gerald.gaborieau,Gerald GABORIEAU,35:39:29,170,Belgique,BE,,45-49,H
30018.frederic.teyssandier,Frederic TEYSSANDIER,35:41:10,171,France,FR,,20-34,H
75954.david.lecoanet,David LECOANET,35:41:19,172,France,FR,,40-44,H
31715.juansalvador.arinomaties,Juan-Salvador ARINO-MATIES,35:41:49,173,Espagne,ES,,50-54,H
6389.thierry.escudero,Thierry ESCUDERO,35:45:19,174,France,FR,,45-49,H
75955.bruno.doridant,Bruno DORIDANT,35:46:42,175,France,FR,,45-49,H
73409.arnaud.schroeder,Arnaud SCHROEDER,35:46:53,176,France,FR,,35-39,H
75956.pedro.silva,Pedro SILVA,35:47:48,177,Portugal,PT,,45-49,H
1894033.hugo.monville,Hugo MONVILLE,35:47:49,178,France,FR,,20-34,H
8699.salvador.soriano,Salvador SORIANO,35:49:45,179,France,FR,,50-54,H
75957.jesusemiliano.martinpozas,Jesus Emiliano MARTIN POZAS,35:50:48,180,Espagne,ES,,45-49,H
14106.franck.heuze,Franck HEUZE,35:52:21,181,France,FR,,45-49,H
51250.tom.keely,Tom KEELY,35:54:50,182,Irlande,IE,,45-49,H
56401.prokopios.arkoudis,Prokopios ARKOUDIS,35:55:47,183,Grèce,GR,,45-49,H
75958.mihaiconstantin.orleanu,Mihai-Constantin ORLEANU,35:55:48,184,Roumanie,RO,,45-49,H
75959.raphael.cheriet,Raphael CHERIET,35:55:50,185,France,FR,,40-44,H
19394.stefano.martini,Stefano MARTINI,35:56:31,186,Italie,IT,,35-39,H
24596.gabriel.abbey,Gabriel ABBEY,35:57:07,187,France,FR,,35-39,H
6958.olivier.vancassel,Olivier VANCASSEL,36:00:27,188,France,FR,,35-39,H
41281.pietro.convertini,Pietro CONVERTINI,36:02:38,189,France,FR,,45-49,H
349.bruno.merindol,Bruno MERINDOL,36:04:35,190,France,FR,,20-34,H
30321.jeanfrancois.cuveillier,Jean-Francois CUVEILLIER,36:04:45,191,France,FR,,45-49,H
19026.michael.hempel,Michael HEMPEL,36:05:30,192,Allemagne,DE,,20-34,H
863.vincent.narbaud,Vincent NARBAUD,36:05:37,193,France,FR,,45-49,H
36469.tomohiro.hosaka,Tomohiro HOSAKA,36:05:52,194,Japon,JP,,35-39,H
36437.masahiro.ono,Masahiro ONO,36:05:53,195,Japon,JP,,20-34,H
49343.takashi.yamada,Takashi YAMADA,36:05:54,196,Japon,JP,,20-34,H
36464.junichi.seki,Junichi SEKI,36:05:54,196,Japon,JP,,35-39,H
75960.takashi.okubo,Takashi OKUBO,36:05:54,196,Japon,JP,,35-39,H
2568.jeanpierre.costa,Jean-Pierre COSTA,36:08:03,199,France,FR,,50-54,H
24064.benoit.cassan,Benoit CASSAN,36:08:52,200,France,FR,,40-44,H
39247.bruno.edelin,Bruno EDELIN,36:11:51,201,France,FR,,45-49,H
75961.vicente.munozromero,Vicente MUNOZ-ROMERO,36:13:58,202,Espagne,ES,,20-34,H
24930.geraldine.loewenguth,Geraldine LOEWENGUTH,36:16:00,203,France,FR,,45-49,F
2555.jeanluc.ducourtieux,Jean Luc DUCOURTIEUX,36:16:04,204,France,FR,,50-54,H
73510.daniel.barnett,Daniel BARNETT,36:16:48,205,Royaume-Uni,GB,,20-34,H
206570.albert.perezvalero,Albert PEREZ-VALERO,36:17:55,206,Espagne,ES,,35-39,H
7287.gerard.soler,Gerard SOLER-SEGU,36:17:55,206,Espagne,ES,,20-34,H
31633.josepmaria.salicrumontaner,Josep-Maria SALICRU-MONTANER,36:17:55,206,Espagne,ES,,35-39,H
,Anonymous,36:17:55,206,Espagne,ES,,20-34,H
12292.mateu.planellapares,Mateu PLANELLA-PARES,36:17:55,206,Espagne,ES,,20-34,H
11786.judit.casasalvarez,Judit CASAS-ALVAREZ,36:17:55,206,Espagne,ES,,20-34,F
11141.jeremy.jobert,Jeremy JOBERT,36:18:13,212,France,FR,,20-34,H
24959.bruno.lascols,Bruno LASCOLS,36:19:40,213,France,FR,,50-54,H
6380.denis.grandjean,Denis GRANDJEAN,36:19:46,214,Suisse,CH,,50-54,H
7046.rachid.azeggagh,Rachid AZEGGAGH,36:19:48,215,France,FR,,45-49,H
6352.eric.boitte,Eric BOITTE,36:19:53,216,France,FR,,40-44,H
436.regis.gasperi,Regis GASPERI,36:20:37,217,France,FR,,45-49,H
41595.franck.barbier,Franck BARBIER,36:21:40,218,France,FR,,45-49,H
41307.arnaud.souloumiac,Arnaud SOULOUMIAC,36:22:17,219,France,FR,,40-44,H
75963.franciscoa.garciarodriguez,Francisco-A GARCIA-RODRIGUEZ,36:22:18,220,Espagne,ES,,50-54,H
8373.laurent.alexandrowicz,Laurent ALEXANDROWICZ,36:22:30,221,France,FR,,45-49,H
51203.simon.ellis,Simon ELLIS,36:23:47,222,Royaume-Uni,GB,,45-49,H
30610.fabio.festorazzi,Fabio FESTORAZZI,36:24:02,223,Italie,IT,,40-44,H
45154.naoto.takamatsu,Naoto TAKAMATSU,36:25:12,224,Japon,JP,,35-39,H
73547.mickael.marclay,Mickael MARCLAY,36:25:16,225,France,FR,,20-34,H
6362.alain.boutet,Alain BOUTET,36:26:18,226,France,FR,,40-44,H
6006.didier.chaffard,Didier CHAFFARD,36:27:55,227,France,FR,,40-44,H
75964.manuelignacio.buenolorenzo,Manuel-Ignacio BUENO-LORENZO,36:28:50,228,Espagne,ES,,40-44,H
41292.nicolas.caille,Nicolas CAILLE,36:34:13,229,France,FR,,45-49,H
41766.rodolphe.charpentier,Rodolphe CHARPENTIER,36:35:33,230,France,FR,,35-39,H
156400.tatsuro.aoyama,Tatsuro AOYAMA,36:35:46,231,Japon,JP,,35-39,H
10419.laurent.filhol,Laurent FILHOL,36:36:23,232,France,FR,,35-39,H
75965.franciscojavier.sanagustin,Francisco Javier SANAGUSTIN,36:39:49,233,Espagne,ES,,50-54,H
7728.enrique.badiaizquierdo,Enrique BADIA-IZQUIERDO,36:42:47,234,Espagne,ES,,35-39,H
10826.frederic.vuillemin,Frederic VUILLEMIN,36:45:22,235,France,FR,,40-44,H
102.gianluca.dimeo,Gianluca DI MEO,36:45:54,236,Italie,IT,,35-39,H
75966.tomasz.baranow,Tomasz BARANOW,36:46:19,237,Pologne,PL,,35-39,H
51193.mark.leggett,Mark LEGGETT,36:47:29,238,Royaume-Uni,GB,,40-44,H
158266.hiroshi.abe,Hiroshi ABE,36:48:08,239,Japon,JP,,35-39,H
49030.kazunori.sadahiro,Kazunori SADAHIRO,36:48:09,240,Japon,JP,,35-39,H
7725.gerard.evain,Gerard EVAIN,36:48:57,241,France,FR,,45-49,H
21285.roberto.novello,Roberto NOVELLO,36:49:03,242,Italie,IT,,35-39,H
75967.marc.rosaz,Marc ROSAZ,36:50:11,243,France,FR,,35-39,H
6916.stephane.leroux,Stephane LEROUX,36:50:24,244,France,FR,,40-44,H
8985.jeanfrancois.meyer,Jean-Francois MEYER,36:51:18,245,France,FR,,40-44,H
73471.gilbert.barthelemy,Gilbert BARTHELEMY,36:51:36,246,France,FR,,50-54,H
20094.frederik.gregaard,Frederik GREGAARD,36:52:27,247,Danemark,DK,,20-34,H
73449.quentin.charron,Quentin CHARRON,36:54:12,248,France,FR,,20-34,H
38023.sergey.soloviev,Sergey SOLOVIEV,36:56:07,249,Ukraine,UA,,40-44,H
42063.franck.ducerf,Franck DUCERF,37:00:43,250,France,FR,,45-49,H
73501.frederic.jouinot,Frederic JOUINOT,37:03:21,251,France,FR,,35-39,H
28584.damien.petitjean,Damien PETITJEAN,37:03:27,252,France,FR,,35-39,H
26549.willy.dujardin,Willy DUJARDIN,37:03:31,253,France,FR,,35-39,H
75968.laurent.espitalier,Laurent ESPITALIER,37:03:33,254,France,FR,,40-44,H
23811.jeanmarie.etheve,Jean-Marie ETHEVE,37:03:37,255,France,FR,,45-49,H
75969.jordi.massanacuadras,Jordi MASSANA-CUADRAS,37:11:33,256,Espagne,ES,,35-39,H
6008.jeanpierre.chirol,Jean-Pierre CHIROL,37:14:51,257,France,FR,,50-54,H
9891.didier.chapuis,Didier CHAPUIS,37:16:56,258,France,FR,,40-44,H
6656.alain.fays,Alain FAYS,37:17:49,259,France,FR,,50-54,H
10739.yves.colloud,Yves COLLOUD,37:18:18,260,France,FR,,45-49,H
41501.jerome.cavalier,Jerome CAVALIER,37:20:45,261,France,FR,,40-44,H
75970.kevin.murdock,Kevin MURDOCK,37:21:06,262,Irlande,IE,,45-49,H
10732.jeanluc.pigeault,Jean-Luc PIGEAULT,37:24:07,263,France,FR,,50-54,H
41867.didier.delemontez,Didier DELEMONTEZ,37:24:08,264,France,FR,,50-54,H
12398.antonio.andradechacon,Antonio ANDRADE-CHACON,37:24:14,265,Espagne,ES,,40-44,H
20069.alain.bartolini,Alain BARTOLINI,37:31:25,266,Suisse,CH,,35-39,H
30333.philippe.goffard,Philippe GOFFARD,37:32:55,267,France,FR,,50-54,H
12868.mario.rodriguez,Mario RODRIGUEZ,37:33:06,268,Espagne,ES,,35-39,H
42808.guy.savelli,Guy SAVELLI,37:33:34,269,France,FR,,45-49,H
13517.joseramon.sousalebaniegos,Jose-Ramón SOUSA-LEBANIEGOS,37:34:40,270,Espagne,ES,,35-39,H
75971.jeanpaul.etchenique,Jean-Paul ETCHENIQUE,37:35:24,271,France,FR,,40-44,H
75972.ximun.galanenaaguirre,Ximun GALANENA-AGUIRRE,37:35:25,272,France,FR,,45-49,H
30334.frederic.zonca,Frederic ZONCA,37:37:27,273,France,FR,,45-49,H
73474.dace.tranina,Dace TRANINA,37:37:34,274,Lettonie,LV,,20-34,F
33426.franck.horentguerra,Franck HORENT-GUERRA,37:38:10,275,France,FR,,40-44,H
19982.peter.lestak,Peter LESTAK,37:38:28,276,Slovaquie,SK,,40-44,H
75974.oscar.sanchezvines,Oscar SANCHEZ-VINES,37:38:33,277,Espagne,ES,,20-34,H
13922.jone.pelaezfernandez,Jone PELAEZ-FERNANDEZ,37:41:07,278,Espagne,ES,,45-49,F
,Anonymous,37:42:43,279,Italie,IT,,35-39,H
8714.genevieve.bardonsoriano,Genevieve BARDON-SORIANO,37:44:08,280,France,FR,,50-54,F
75976.jeanpierre.miquel,Jean-Pierre MIQUEL,37:44:29,281,France,FR,,40-44,H
19657.giovanni.pozzi,Giovanni POZZI,37:46:12,282,Italie,IT,,40-44,H
21297.corradogiuseppe.alberti,Corrado-Giuseppe ALBERTI,37:46:12,282,Italie,IT,,45-49,H
8204.philippe.gamen,Philippe GAMEN,37:47:44,284,France,FR,,45-49,H
20089.tamagawa.hiroyuki,Hiroyuki TAMAGAWA (Tamagawa HIROYUKI),37:47:52,285,Japon,JP,,35-39,H
75977.enric.pintofulla,Enric PINTO-FULLA,37:48:33,286,Espagne,ES,,20-34,H
75978.jordi.codinaventura,Jordi CODINA-VENTURA,37:48:34,287,Espagne,ES,,35-39,H
9136.bastien.bony,Bastien BONY,37:48:42,288,France,FR,,40-44,H
10738.laurent.abel,Laurent ABEL,37:50:18,289,France,FR,,45-49,H
7515.jerome.perrier,Jerome PERRIER,37:55:05,290,France,FR,,20-34,H
11112.yohann.giner,Yohann GINER,37:55:40,291,France,FR,,35-39,H
75979.eric.achard,Eric ACHARD,37:55:53,292,France,FR,,50-54,H
26025.laurent.arnaud,Laurent ARNAUD,37:57:16,293,France,FR,,40-44,H
11067.laurent.gombert,Laurent GOMBERT,37:57:40,294,France,FR,,35-39,H
40618.ghislain.brefuel,Ghislain BREFUEL,37:57:41,295,France,FR,,40-44,H
28288.yann.gabet,Yann GABET,37:57:58,296,France,FR,,40-44,H
39346.philippe.cotart,Philippe COTART,37:58:31,297,France,FR,,20-34,H
10459.yannick.flamand,Yannick FLAMAND,37:58:31,297,France,FR,,40-44,H
28218.edmond.ouvrierneyret,Edmond OUVRIER-NEYRET,38:00:30,299,France,FR,,45-49,H
19901.ignacio.packer,Ignacio PACKER,38:01:57,300,Suisse,CH,,45-49,H
75981.jocelyn.corbeil,Jocelyn CORBEIL,38:02:02,301,Canada,CA,,45-49,H
45119.freddy.burgin,Freddy BÜRGIN,38:03:16,302,Suisse,CH,,45-49,H
30518.sergio.cucchi,Sergio CUCCHI,38:03:36,303,Italie,IT,,40-44,H
27600.laurent.chyra,Laurent CHYRA,38:06:03,304,France,FR,,40-44,H
1191.olivier.gruffaz,Olivier GRUFFAZ,38:06:12,305,France,FR,,40-44,H
210.corinne.gruffaz,Corinne GRUFFAZ,38:06:13,306,France,FR,,35-39,F
11200.christophe.arlot,Christophe ARLOT,38:07:00,307,France,FR,,45-49,H
56472.nikolaos.kitrinos,Nikolaos KITRINOS,38:07:39,308,Grèce,GR,,40-44,H
10742.laurent.lambert,Laurent LAMBERT,38:07:46,309,France,FR,,40-44,H
52470.thomas.reeves,Thomas REEVES,38:08:04,310,Royaume-Uni,GB,,40-44,H
708.fabrice.miayokila,Fabrice MIAYOKILA,38:08:11,311,France,FR,,20-34,H
476694.victor.lopeztoledano,Victor LOPEZ-TOLEDANO,38:08:56,312,Espagne,ES,,35-39,H
23712.benoit.cros,Benoit CROS,38:09:54,313,France,FR,,20-34,H
23774.eddy.myrtal,Eddy MYRTAL,38:10:11,314,France,FR,,40-44,H
36440.chiharu.watanabe,Chiharu WATANABE,38:10:13,315,Japon,JP,,40-44,H
75982.brian.melia,Brian MELIA,38:10:13,315,Royaume-Uni,GB,,45-49,H
20011.philip.wolstencroft,Philip WOLSTENCROFT,38:10:49,317,Royaume-Uni,GB,,45-49,H
75983.gael.obein,Gael OBEIN,38:11:01,318,France,FR,,35-39,H
42660.xavier.hubner,Xavier HUBNER,38:11:06,319,France,FR,,35-39,H
75984.jordi.justicia,Jordi JUSTICIA,38:13:05,320,Espagne,ES,,20-34,H
75985.david.ciudad,David CIUDAD,38:13:05,320,Espagne,ES,,20-34,H
11225.bernard.liatard,Bernard LIATARD,38:13:06,322,France,FR,,45-49,H
19683.lino.dalbianco,Lino DAL BIANCO,38:13:35,323,Italie,IT,,40-44,H
2604.yannick.simoncic,Yannick SIMONCIC,38:15:26,324,France,FR,,35-39,H
20079.aline.grangier,Aline GRANGIER,38:15:52,325,Suisse,CH,,35-39,F
6693.jeanyves.migeon,Jean-Yves MIGEON,38:16:07,326,France,FR,,45-49,H
48717.stojan.kosmerl,Stojan KOSMERL,38:16:19,327,Slovénie,SI,,55-59,H
34648.giacomo.cominotti,Giacomo COMINOTTI,38:16:24,328,Italie,IT,,40-44,H
36563.kouji.dan,Kouji DAN,38:17:53,329,Japon,JP,,50-54,H
75986.miguel.arburuaberrueta,Miguel ARBURUA-BERRUETA,38:18:50,330,Espagne,ES,,40-44,H
75987.andresalejandro.palomaresmoreno,Andres-Alejandro PALOMARES-MORENO,38:20:29,331,Espagne,ES,,40-44,H
75988.olivier.seyeux,Olivier SEYEUX,38:22:35,332,France,FR,,40-44,H
64614.robert.nolte,Robert NOLTE,38:25:35,333,Allemagne,DE,,35-39,H
72581.jerome.moyse,Jerome MOYSE,38:26:11,334,France,FR,,40-44,H
108602.robert.pech,Robert PECH,38:26:23,335,France,FR,,45-49,H
70200.hansjorg.gogl,Hansjorg GOGL,38:27:48,336,Autriche,AT,,50-54,H
70021.doris.hallama,Doris HALLAMA,38:27:49,337,Autriche,AT,,35-39,F
9969.gilles.petit,Gilles PETIT,38:27:50,338,France,FR,,40-44,H
33328.olivier.bochet,Olivier BOCHET,38:29:22,339,France,FR,,40-44,H
75989.enrique.alvarezestevez,Enrique ALVAREZ-ESTEVEZ,38:29:46,340,Espagne,ES,,40-44,H
7796.joseluis.gutierrezlimones,Jose-Luis GUTIERREZ LIMONES,38:30:57,341,Espagne,ES,,45-49,H
75990.mahmoud.letaief,Mahmoud LETAIEF,38:36:25,342,France,FR,,45-49,H
28226.daniel.geremia,Daniel GEREMIA,38:38:17,343,France,FR,,45-49,H
75991.henry.keighleyelstub,Henry KEIGHLEY-ELSTUB,38:38:48,344,Royaume-Uni,GB,,40-44,H
366844.luis.desantiago,Luis DE SANTIAGO,38:39:11,345,Espagne,ES,,40-44,H
13961.dan.kuperberg,Dan KUPERBERG,38:39:25,346,Etats-Unis,US,,45-49,H
7838.ryan.baumann,Ryan BAUMANN,38:40:45,347,Suisse,CH,,35-39,H
27540.pascal.fouqueray,Pascal FOUQUERAY,38:41:07,348,France,FR,,40-44,H
5016757.unknown.unknown,Unknown UNKNOWN,38:41:32,349,France,FR,,80+,H
13440.aitor.berra,Aitor BERRA,38:41:50,350,Espagne,ES,,35-39,H
41519.marc.kayser,Marc KAYSER,38:43:01,351,Luxembourg,LU,,55-59,H
39046.david.bidault,David BIDAULT,38:43:01,351,France,FR,,35-39,H
24607.joe.wagener,Joe WAGENER,38:43:02,353,Luxembourg,LU,,20-34,H
20001.marcel.huber,Marcel HUBER,38:43:26,354,Suisse,CH,,40-44,H
29614.shinya.yamada,Shinya YAMADA,38:44:08,355,Japon,JP,,20-34,H
13004.salvador.millanmarco,Salvador MILLAN MARCO,38:44:27,356,Espagne,ES,,40-44,H
38849.jerome.destruel,Jerome DESTRUEL,38:45:07,357,France,FR,,35-39,H
36480.masato.shindo,Masato SHINDO,38:45:08,358,Japon,JP,,40-44,H
73365.raffaele.dagostino,Raffaele D AGOSTINO,38:45:37,359,Italie,IT,,45-49,H
32935.sully.esther,Sully ESTHER,38:46:34,360,France,FR,,50-54,H
19045.volker.ley,Volker LEY,38:48:33,361,Allemagne,DE,,40-44,H
20762.david.krommenacker,David KROMMENACKER,38:49:49,362,France,FR,,35-39,H
57846.koichi.iwasa,Koichi IWASA,38:49:53,363,Japon,JP,,40-44,H
70565.harald.koller,Harald KOLLER,38:50:36,364,Autriche,AT,,40-44,H
5745511.unknown.unknown,Unknown UNKNOWN,38:51:46,365,France,FR,,80+,H
19324.andrea.moreschini,Andrea MORESCHINI,38:52:06,366,Italie,IT,,45-49,H
11138.gilles.arnal,Gilles ARNAL,38:52:15,367,France,FR,,40-44,H
1610.jeanmichel.touron,Jean-Michel TOURON,38:52:59,368,France,FR,,20-34,H
20072.daniel.debelder,Daniel DE BELDER,38:53:25,369,Royaume-Uni,GB,,35-39,H
75993.ian.leach,Ian LEACH,38:54:54,370,Royaume-Uni,GB,,35-39,H
4072.hal.koerner,Hal KOERNER,38:55:39,371,Etats-Unis,US,,35-39,H
4177.roch.horton,Roch HORTON,38:55:39,371,Etats-Unis,US,,50-54,H
36560.steve.brammar,Steve BRAMMAR,38:57:54,373,Royaume-Uni,GB,,40-44,H
20993.alessandro.bernorio,Alessandro BERNORIO,39:00:17,374,Italie,IT,,40-44,H
623065.sertan.girgin,Sertan GIRGIN,39:04:25,375,Turquie,TR,,20-34,H
75994.manueldavid.tajadavitales,Manuel-David TAJADA-VITALES,39:04:26,376,Espagne,ES,,35-39,H
140705.juan.flores,Juan FLORES,39:08:27,377,Espagne,ES,,35-39,H
32500.frederick.fragner,Frédérick FRAGNER,39:10:45,378,France,FR,,40-44,H
75995.eric.blanchard,Eric BLANCHARD,39:11:41,379,France,FR,,40-44,H
30324.alexandre.choquetbotella,Alexandre CHOQUET-BOTELLA,39:13:05,380,France,FR,,20-34,H
9991.vincent.desfossez,Vincent DESFOSSEZ,39:15:41,381,France,FR,,50-54,H
40762.christophe.cazin,Christophe CAZIN,39:19:35,382,France,FR,,35-39,H
2811.marco.melchiorri,Marco MELCHIORRI,39:20:37,383,Italie,IT,,45-49,H
19988.patrick.leuenberger,Patrick LEUENBERGER,39:22:07,384,Suisse,CH,,40-44,H
75996.joe.gale,Joe GALE,39:22:10,385,Royaume-Uni,GB,,20-34,H
41916.jeanmarc.arimont,Jean-Marc ARIMONT,39:22:25,386,Belgique,BE,,40-44,H
6722.emmanuel.jan,Emmanuel JAN,39:22:48,387,France,FR,,40-44,H
10585.benoit.delachat,Benoit DELACHAT,39:22:59,388,France,FR,,45-49,H
30069.nicolas.ruffiermonet,Nicolas RUFFIER-MONET,39:23:12,389,France,FR,,40-44,H
,Anonymous,39:24:28,390,Italie,IT,,45-49,H
20439.anthony.delbarre,Anthony DELBARRE,39:24:54,391,France,FR,,20-34,H
73592.frederic.astolfi,Frederic ASTOLFI,39:24:59,392,France,FR,,45-49,H
30163.pascal.thube,Pascal THUBE,39:25:16,393,France,FR,,45-49,H
75997.xavier.mundetfrontela,Xavier MUNDET-FRONTELA,39:26:06,394,Espagne,ES,,40-44,H
295526.michel.bovy,Michel BOVY,39:26:33,395,France,FR,,55-59,H
75998.emilio.zarcobarrera,Emilio ZARCO-BARRERA,39:26:35,396,Espagne,ES,,40-44,H
211.pascal.guitton,Pascal GUITTON,39:27:18,397,France,FR,,40-44,H
41596.patrick.gallot,Patrick GALLOT,39:27:18,397,France,FR,,45-49,H
57679.jerome.delattre,Jerome DELATTRE,39:27:22,399,France,FR,,40-44,H
19668.marcello.mangia,Marcello MANGIA,39:28:05,400,Italie,IT,,45-49,H
24051.pascal.chenot,Pascal CHENOT,39:28:54,401,France,FR,,40-44,H
33437.stephane.becaert,Stephane BECAERT,39:29:09,402,France,FR,,40-44,H
11551.philippe.plantie,Philippe PLANTIE,39:30:05,403,France,FR,,45-49,H
75999.azumai.toru,Azumai TORU,39:30:12,404,Japon,JP,,55-59,H
73881.mathieu.naulin,Mathieu NAULIN,39:30:27,405,France,FR,,20-34,H
41680.alban.naulin,Alban NAULIN,39:30:28,406,France,FR,,35-39,H
39193.nicolas.pavageau,Nicolas PAVAGEAU,39:31:01,407,France,FR,,35-39,H
1747687.samuel.gonnord,Samuel GONNORD,39:31:01,407,France,FR,,35-39,H
40276.frederic.excoffier,Frederic EXCOFFIER,39:31:05,409,France,FR,,40-44,H
6025.frederic.gil,Frederic GIL,39:31:40,410,France,FR,,40-44,H
42932.bruno.maitenaz,Bruno MAITENAZ,39:31:59,411,France,FR,,45-49,H
19991.dan.afshar,Dan AFSHAR,39:33:16,412,Royaume-Uni,GB,,35-39,H
76000.benat.sein,Benat SEIN,39:34:12,413,France,FR,,40-44,H
44751.pascal.suivre,Pascal SUIVRE,39:35:50,414,France,FR,,45-49,H
38170.laurent.viaud,Laurent VIAUD,39:35:51,415,France,FR,,40-44,H
76001.david.menard,David MENARD,39:35:51,415,France,FR,,40-44,H
38861.nathalie.wurry,Nathalie WURRY,39:36:58,417,France,FR,,45-49,F
11181.chantal.bois,Chantal BOIS,39:36:59,418,France,FR,,40-44,F
76002.helen.jackson,Helen JACKSON,39:38:45,419,Royaume-Uni,GB,,20-34,F
39322.jeanmarc.bugnon,Jean-Marc BUGNON,39:39:41,420,France,FR,,50-54,H
6103.stephane.andre,Stephane ANDRE,39:39:41,420,France,FR,,40-44,H
10811.fabrice.courtens,Fabrice COURTENS,39:39:41,420,France,FR,,35-39,H
76003.george.eyles,George EYLES,39:39:41,420,Royaume-Uni,GB,,35-39,H
45289.michael.raab,Michael RAAB,39:40:02,424,Allemagne,DE,,40-44,H
76004.igorluis.elorzadominguez,Igor-Luis ELORZA-DOMINGUEZ,39:43:33,425,Venezuela,VE,,40-44,H
33364.guillaume.andre,Guillaume ANDRE,39:43:34,426,France,FR,,20-34,H
30006.eric.duforest,Eric DUFOREST,39:44:56,427,France,FR,,40-44,H
33301.jeanluc.piovan,Jean-Luc PIOVAN,39:45:06,428,France,FR,,45-49,H
40382.herve.duvert,Herve DUVERT,39:45:31,429,France,FR,,40-44,H
8588.robert.courtiau,Robert COURTIAU,39:45:37,430,France,FR,,55-59,H
71362.jeanyves.krumm,Jean-Yves KRUMM,39:45:42,431,France,FR,,50-54,H
76005.jaroslav.hrabica,Jaroslav HRABICA,39:47:17,432,République tchèque,CZ,,20-34,H
76006.guy.evans,Guy EVANS,39:47:33,433,Royaume-Uni,GB,,20-34,H
48431.ralf.knodel,Ralf KNODEL,39:47:34,434,Allemagne,DE,,50-54,H
36570.hayato.aiura,Hayato AIURA,39:48:24,435,Japon,JP,,20-34,H
76007.philippe.perret,Philippe PERRET,39:51:44,436,France,FR,,45-49,H
76008.yan.vintrou,Yan VINTROU,39:52:15,437,France,FR,,35-39,H
74377.eric.leroux,Eric LE ROUX,39:52:44,438,France,FR,,20-34,H
45971.theophile.leroy,Theophile LEROY,39:52:49,439,Belgique,BE,,55-59,H
38793.franck.garanger,Franck GARANGER,39:52:59,440,France,FR,,40-44,H
20223.herve.cairoli,Herve CAIROLI,39:53:44,441,France,FR,,45-49,H
1061.guillaume.quemard,Guillaume QUEMARD,39:54:16,442,France,FR,,40-44,H
472119.marc.turzo,Marc TURZO,39:54:23,443,France,FR,,45-49,H
12908.daniel.quintanasantana,Daniel QUINTANA-SANTANA,39:54:27,444,Espagne,ES,,35-39,H
72587.bruno.cart,Bruno CART,39:54:59,445,France,FR,,50-54,H
13522.oriol.antoli,Oriol ANTOLI,39:55:00,446,Espagne,ES,,20-34,H
154272.antonio.mestremeseguer,Antonio MESTRE-MESEGUER,39:55:01,447,Espagne,ES,,50-54,H
42722.cedric.saugeot,Cedric SAUGEOT,39:55:12,448,France,FR,,35-39,H
42751.alexandre.simonoff,Alexandre SIMONOFF,39:57:41,449,France,FR,,35-39,H
30335.loic.chambriard,Loic CHAMBRIARD,39:57:44,450,France,FR,,35-39,H
8338.sebastien.shearn,Sebastien SHEARN,39:58:51,451,France,FR,,20-34,H
19638.peter.macuh,Peter MACUH,40:00:04,452,Slovénie,SI,,50-54,H
19300.mitja.glescic,Mitja GLESCIC,40:00:04,452,Slovénie,SI,,20-34,H
6153.pascal.sohier,Pascal SOHIER,40:00:45,454,France,FR,,50-54,H
41967.christophe.mollard,Christophe MOLLARD,40:01:04,455,France,FR,,40-44,H
65630.helen.allison,Helen ALLISON,40:01:50,456,Royaume-Uni,GB,,35-39,F
76010.erwin.thuer,Erwin THUER,40:05:11,457,Suisse,CH,,60-64,H
42042.henri.luquetdesaintgermain,Henri LUQUET-DE SAINT-GERMAIN,40:05:24,458,France,FR,,20-34,H
39228.jerome.delcourt,Jerome DELCOURT,40:06:06,459,France,FR,,45-49,H
10716.sandrine.tournay,Sandrine TOURNAY,40:07:45,460,France,FR,,40-44,F
72615.joel.roux,Joel ROUX,40:07:45,460,France,FR,,55-59,H
30619.nicola.alfieri,Nicola ALFIERI,40:08:00,462,Italie,IT,,40-44,H
76011.thierry.chevris,Thierry CHEVRIS,40:08:52,463,France,FR,,40-44,H
41959.etienne.zurfluh,Etienne ZURFLUH,40:09:28,464,France,FR,,35-39,H
76012.dimitrios.despoiniadis,Dimitrios DESPOINIADIS,40:10:47,465,Grèce,GR,,20-34,H
30143.jeanlouis.rol,Jean-Louis ROL,40:11:03,466,France,FR,,60-64,H
49.pierrelouis.duverneix,Pierre-Louis DUVERNEIX,40:11:25,467,France,FR,,20-34,H
6695.olivier.serre,Olivier SERRE,40:11:26,468,France,FR,,20-34,H
28180.patrick.gunsett,Patrick GUNSETT,40:12:21,469,France,FR,,50-54,H
41421.thierry.bon,Thierry BON,40:14:11,470,France,FR,,45-49,H
6406.eric.boutevillain,Eric BOUTEVILLAIN,40:14:15,471,France,FR,,45-49,H
20005.martin.wagen,Martin WAGEN,40:14:29,472,Suisse,CH,,40-44,H
73500.uldis.kirtovskis,Uldis KIRTOVSKIS,40:15:11,473,Lettonie,LV,,45-49,H
19384.luca.molinari,Luca MOLINARI,40:16:41,474,Italie,IT,,40-44,H
76013.xavier.bunel,Xavier BUNEL,40:16:51,475,France,FR,,45-49,H
46131.wolfgang.burger,Wolfgang BÜRGER,40:17:28,476,Allemagne,DE,,60-64,H
28131.gilles.grange,Gilles GRANGE,40:18:19,477,France,FR,,55-59,H
2564.pascal.llagone,Pascal LLAGONE,40:18:19,477,France,FR,,45-49,H
76014.vitor.pereiragomes,Vitor PEREIRA-GOMES,40:19:58,479,Portugal,PT,,40-44,H
76015.maria.ribeiro,Maria RIBEIRO,40:20:00,480,Portugal,PT,,40-44,F
10933.bernard.vinson,Bernard VINSON,40:21:02,481,France,FR,,50-54,H
76016.eduardo.ferreira,Eduardo FERREIRA,40:21:03,482,Portugal,PT,,35-39,H
42979.daniel.gervais,Daniel GERVAIS,40:21:46,483,France,FR,,50-54,H
64586.martin.schwencker,Martin SCHWENCKER,40:23:41,484,Allemagne,DE,,40-44,H
25006.jacques.chateaux,Jacques CHATEAUX,40:23:47,485,France,FR,,45-49,H
36659.fumiyuki.sanada,Fumiyuki SANADA,40:24:14,486,Japon,JP,,40-44,H
7311.christian.goncalves,Christian GONCALVES,40:25:24,487,France,FR,,50-54,H
19353.diego.arrigoni,Diego ARRIGONI,40:26:12,488,Italie,IT,,20-34,H
23816.jeanfrancois.lebihan,Jean-Francois LEBIHAN,40:27:54,489,France,FR,,45-49,H
25508.fabien.binet,Fabien BINET,40:29:25,490,France,FR,,35-39,H
7104.philippe.godefroy,Philippe GODEFROY,40:29:38,491,France,FR,,45-49,H
7755.laurent.sol,Laurent SOL,40:32:26,492,France,FR,,20-34,H
42821.cedric.thiebaut,Cedric THIEBAUT,40:32:48,493,France,FR,,35-39,H
37962.jean.goreau,Jean GOREAU,40:33:52,494,France,FR,,65-69,H
36474.hisaya.hagiwara,Hisaya HAGIWARA,40:34:19,495,Japon,JP,,20-34,H
51963.paul.dickens,Paul DICKENS,40:34:25,496,Royaume-Uni,GB,,50-54,H
28442.jeanmichel.midot,Jean-Michel MIDOT,40:37:50,497,France,FR,,50-54,H
1618749.neil.thubron,Neil THUBRON,40:38:28,498,Royaume-Uni,GB,,45-49,H
76018.fernando.conderodriguez,Fernando CONDE-RODRIGUEZ,40:40:25,499,Espagne,ES,,40-44,H
8425.jerome.sartre,Jerome SARTRE,40:41:58,500,France,FR,,40-44,H
52636.mark.townsend,Mark TOWNSEND,40:41:59,501,Royaume-Uni,GB,,50-54,H
52629.nicola.jaquiery,Nicola JAQUIERY,40:41:59,501,Royaume-Uni,GB,,45-49,F
39726.laurent.petuelli,Laurent PETUELLI,40:42:37,503,France,FR,,40-44,H
76019.christophe.deron,Christophe DERON,40:42:49,504,France,FR,,20-34,H
76020.hirohisa.kazama,Hirohisa KAZAMA,40:43:37,505,Japon,JP,,45-49,H
43828.ludovic.marchand,Ludovic MARCHAND,40:43:38,506,France,FR,,20-34,H
576.bernt.bratsberg,Bernt BRATSBERG,40:44:11,507,Norvège,NO,,50-54,H
12876.cristiano.gorgaini,Cristiano GORGAINI,40:44:21,508,Italie,IT,,35-39,H
,Anonymous,40:44:31,509,Espagne,ES,,35-39,H
43481.gilbert.petillon,Gilbert PETILLON,40:45:07,510,France,FR,,55-59,H
76022.joseluis.garridobarcenas,Jose-Luis GARRIDO-BARCENAS,40:45:20,511,Espagne,ES,,40-44,H
12468.salomon.cohenmesonero,Salomon COHEN-MESONERO,40:46:43,512,Espagne,ES,,45-49,H
76023.robert.planascoll,Robert PLANAS COLL,40:46:56,513,Espagne,ES,,35-39,H
74239.stephane.zambaux,Stephane ZAMBAUX,40:47:29,514,France,FR,,40-44,H
12755.achim.knacksterdt,Achim KNACKSTERDT,40:48:15,515,Allemagne,DE,,40-44,H
76024.joanbaptista.sugranyeslinana,Joan-Baptista SUGRANYES-LINANA,40:49:40,516,Espagne,ES,,40-44,H
51829.simon.russell,Simon RUSSELL,40:50:09,517,Royaume-Uni,GB,,20-34,H
19058.martina.juda,Martina JUDA,40:50:36,518,République tchèque,CZ,,35-39,F
41326.mathieu.quesnel,Mathieu QUESNEL,40:52:32,519,France,FR,,20-34,H
17703.todd.hoover,Todd HOOVER,40:53:10,520,Etats-Unis,US,,40-44,H
76025.rob.stafford,Rob STAFFORD,40:53:10,520,Etats-Unis,US,,35-39,H
20543.stephane.galeazzi,Stephane GALEAZZI,40:54:39,522,France,FR,,45-49,H
21283.oscar.pozzan,Oscar POZZAN,40:55:30,523,Italie,IT,,50-54,H
213154.manabu.shibayama,Manabu SHIBAYAMA,40:56:15,524,Japon,JP,,35-39,H
10719.fabien.vigne,Fabien VIGNE,40:59:23,525,France,FR,,20-34,H
20553.laurent.bouisse,Laurent BOUISSE,40:59:28,526,France,FR,,45-49,H
20554.thierry.seignol,Thierry SEIGNOL,40:59:28,526,France,FR,,45-49,H
215.david.moragarcia,David MORA GARCIA,41:00:31,528,Espagne,ES,,35-39,H
76027.jaimefrancisco.escolanosalvador,Jaime-Francisco ESCOLANO-SALVADOR,41:00:41,529,Espagne,ES,,40-44,H
10226.david.coda,David CODA,41:01:35,530,France,FR,,20-34,H
21016.franco.longo,Franco LONGO,41:01:42,531,Italie,IT,,45-49,H
29915.birger.zuhlke,Birger ZÜHLKE,41:02:25,532,Allemagne,DE,,20-34,H
42165.remy.pilliere,Remy PILLIERE,41:02:41,533,France,FR,,50-54,H
6840.pascale.gilbank,Pascale GILBANK,41:03:02,534,France,FR,,50-54,F
26559.claudine.deschateaux,Claudine DESCHATEAUX,41:03:02,534,France,FR,,50-54,F
11307.christophe.flavin,Christophe FLAVIN,41:03:41,536,France,FR,,40-44,H
759.jeanmarc.perrot,Jean-Marc PERROT,41:04:30,537,France,FR,,45-49,H
57649.jeanpaul.maurici,Jean-Paul MAURICI,41:05:15,538,France,FR,,45-49,H
30152.jeanclaude.lair,Jean-Claude LAIR,41:05:51,539,France,FR,,50-54,H
76028.jamie.thin,Jamie THIN,41:05:57,540,Royaume-Uni,GB,,40-44,H
40580.gregory.piron,Gregory PIRON,41:06:07,541,France,FR,,35-39,H
40343.sophie.boissont,Sophie BOISSONT,41:06:09,542,France,FR,,40-44,F
7643.pascallouis.tauzin,Pascal-Louis TAUZIN,41:06:10,543,France,FR,,45-49,H
474555.nobuya.tamura,Nobuya TAMURA,41:06:40,544,Japon,JP,,40-44,H
25480.frederic.spannagel,Frederic SPANNAGEL,41:07:03,545,France,FR,,35-39,H
39742.frederic.routin,Frederic ROUTIN,41:07:42,546,France,FR,,45-49,H
47009.alex.howarth,Alex HOWARTH,41:07:44,547,Royaume-Uni,GB,,20-34,H
19969.hubert.henninger,Hubert HENNINGER,41:08:51,548,France,FR,,45-49,H
7529.roland.goubert,Roland GOUBERT,41:09:29,549,France,FR,,55-59,H
20497.jeanmarie.chouard,Jean-Marie CHOUARD,41:09:48,550,France,FR,,35-39,H
60046.giuseppe.scotti,Giuseppe SCOTTI,41:10:48,551,Italie,IT,,45-49,H
538285.laurent.reigniez,Laurent REIGNIEZ,41:11:43,552,France,FR,,40-44,H
62903.balazs.juhasz,Balazs JUHASZ,41:11:51,553,Hongrie,HU,,40-44,H
39483.olivier.cazalet,Olivier CAZALET,41:11:51,553,France,FR,,20-34,H
7705.fabrice.bougnaud,Fabrice BOUGNAUD,41:12:14,555,France,FR,,35-39,H
38701.bertrand.lepoutre,Bertrand LEPOUTRE,41:12:15,556,France,FR,,45-49,H
4942267.pererik.larsson,Per Erik LARSSON,41:12:19,557,Suède,SE,,45-49,H
3223401.penelope.matkinhussey,Penelope MATKIN-HUSSEY,41:12:54,558,Royaume-Uni,GB,,20-34,F
7556.philippe.bertrand,Philippe BERTRAND,41:13:10,559,France,FR,,50-54,H
19926.daniela.kuenzel,Daniela KUENZEL,41:14:51,560,Suisse,CH,,40-44,F
76030.saioa.ortizdezunigamurguruza,Saioa ORTIZ-DE ZUNIGA-MURGURUZA,41:15:18,561,Espagne,ES,,20-34,F
12841.luis.munozsistac,Luis MUNOZ-SISTAC,41:15:18,561,Espagne,ES,,40-44,H
20576.franck.pleynetjesus,Franck PLEYNET-JESUS,41:15:50,563,France,FR,,40-44,H
13176.josemanuel.duranalvaro,Jose Manuel DURAN ALVARO,41:16:22,564,Espagne,ES,,50-54,H
19295.riccardo.santarossa,Riccardo SANTAROSSA,41:17:02,565,Italie,IT,,40-44,H
30961.colleen.ihnken,Colleen IHNKEN,41:17:48,566,Etats-Unis,US,,45-49,F
31805.teresa.farriolrafel,Teresa FARRIOL-RAFEL,41:17:55,567,Espagne,ES,,45-49,F
39522.fabrice.alland,Fabrice ALLAND,41:18:22,568,France,FR,,40-44,H
4278668.mauricio.herreracuadra,Mauricio HERRERA CUADRA,41:19:08,569,Mexique,MX,,20-34,H
37721.alain.simon,Alain SIMON,41:19:49,570,France,FR,,45-49,H
76031.john.gillard,John GILLARD,41:20:41,571,Royaume-Uni,GB,,40-44,H
42061.dominique.vouliot,Dominique VOULIOT,41:20:43,572,France,FR,,45-49,H
73598.julien.colaut,Julien COLAUT,41:22:22,573,France,FR,,20-34,H
46176.dariusz.labudzki,Dariusz LABUDZKI,41:22:48,574,Pologne,PL,,50-54,H
5532091.richard.bell,Richard BELL,41:22:51,575,Royaume-Uni,GB,,40-44,H
46187.zbigniew.malinowski,Zbigniew MALINOWSKI,41:22:52,576,Pologne,PL,,55-59,H
46024.edward.dudek,Edward DUDEK,41:22:52,576,Pologne,PL,,55-59,H
72566.laurent.coutagne,Laurent COUTAGNE,41:22:55,578,France,FR,,20-34,H
11314.jeanfrancois.caille,Jean-Francois CAILLE,41:23:42,579,France,FR,,40-44,H
76032.gregorioalejandro.armasarmas,Gregorio-Alejandro ARMAS-ARMAS,41:23:45,580,Espagne,ES,,35-39,H
19329.silvio.capretti,Silvio CAPRETTI,41:23:57,581,Italie,IT,,55-59,H
19658.antonio.berardi,Antonio BERARDI,41:23:57,581,Italie,IT,,50-54,H
7112.annemarie.toche,Anne-Marie TOCHE,41:24:22,583,France,FR,,55-59,F
48779.herve.blanc,Herve BLANC,41:24:25,584,France,FR,,40-44,H
6101.isabelle.velarde,Isabelle VELARDE,41:24:41,585,France,FR,,40-44,F
76033.regis.wullens,Regis WULLENS,41:25:48,586,France,FR,,40-44,H
10461.jeancharles.leclerc,Jean-Charles LECLERC,41:26:21,587,France,FR,,35-39,H
24733.valentin.schaegis,Valentin SCHAEGIS,41:27:34,588,France,FR,,40-44,H
24632.daniel.schaegis,Daniel SCHAEGIS,41:27:34,588,France,FR,,40-44,H
36539.tatsuya.shiraishi,Tatsuya SHIRAISHI,41:27:45,590,Japon,JP,,40-44,H
741.pierre.anne,Pierre ANNE,41:28:58,591,France,FR,,40-44,H
76034.frederic.labrunye,Frederic LABRUNYE,41:29:24,592,France,FR,,35-39,H
42054.roger.knox,Roger KNOX,41:29:27,593,Royaume-Uni,GB,,40-44,H
32292.juanjose.malpicalillo,Juan Jose MALPICA LILLO,41:31:36,594,Espagne,ES,,40-44,H
19065.wilhelm.melcher,Wilhelm MELCHER,41:32:27,595,Allemagne,DE,,50-54,H
19109.holger.kanisch,Holger KANISCH,41:32:27,595,Allemagne,DE,,40-44,H
19064.oliver.binz,Oliver BINZ,41:32:28,597,Allemagne,DE,,40-44,H
76035.karol.kniola,Karol KNIOLA,41:33:08,598,Pologne,PL,,20-34,H
17903.dennis.koors,Dennis KOORS,41:33:10,599,Danemark,DK,,35-39,H
42825.pierre.scheubel,Pierre SCHEUBEL,41:35:12,600,France,FR,,45-49,H
233.noureddine.benguella,Nour-Eddine BENGUELLA,41:39:24,601,France,FR,,45-49,H
76036.stephane.benquet,Stephane BENQUET,41:39:25,602,France,FR,,40-44,H
32087.james.quigley,James QUIGLEY,41:40:18,603,Royaume-Uni,GB,,20-34,H
12078.francisco.lopezrodriguez,Francisco LOPEZ-RODRIGUEZ,41:41:45,604,Espagne,ES,,40-44,H
40036.pascal.leroy,Pascal LEROY,41:42:36,605,France,FR,,50-54,H
30344.jackie.berteloot,Jackie BERTELOOT,41:44:00,606,France,FR,,50-54,H
76037.jose.losbar,Jose LOSBAR,41:44:59,607,France,FR,,50-54,H
76038.alain.hugget,Alain HUGGET,41:46:09,608,France,FR,,40-44,H
2482.christophe.maree,Christophe MAREE,41:46:11,609,France,FR,,20-34,H
226021.david.wright,David WRIGHT,41:47:16,610,Royaume-Uni,GB,,40-44,H
76040.lluis.martinezramirez,Lluis MARTINEZ-RAMIREZ,41:47:24,611,Espagne,ES,,45-49,H
19481.csaba.lorantfi,Csaba LORANTFI,41:48:21,612,Hongrie,HU,,50-54,H
76041.robert.allison,Robert ALLISON,41:49:12,613,Royaume-Uni,GB,,50-54,H
,Anonymous,41:49:29,614,Espagne,ES,,40-44,H
158425.hisayuki.tateno,Hisayuki TATENO,41:50:38,615,Japon,JP,,40-44,H
371.marco.piacentini,Marco PIACENTINI,41:50:45,616,Italie,IT,,55-59,H
20014.benoit.donier,Benoit DONIER,41:51:23,617,France,FR,,40-44,H
682.serkan.girgin,Serkan GIRGIN,41:51:38,618,Turquie,TR,,20-34,H
8226.philippe.martin,Philippe MARTIN,41:52:01,619,France,FR,,40-44,H
72663.victormanuel.rinssanz,Victor-Manuel RINS-SANZ,41:52:23,620,Espagne,ES,,35-39,H
19309.gianluca.maggioni,Gianluca MAGGIONI,41:53:26,621,Italie,IT,,40-44,H
19412.waltergioele.colombo,Walter-Gioele COLOMBO,41:53:26,621,Italie,IT,,40-44,H
76043.olivier.tuyaaboustugue,Olivier TUYAA-BOUSTUGUE,41:53:51,623,France,FR,,40-44,H
51194.richard.webster,Richard WEBSTER,41:55:02,624,Royaume-Uni,GB,,45-49,H
41346.jeanchristophe.lafut,Jean-Christophe LAFUT,41:57:06,625,France,FR,,55-59,H
76044.santiago.martinbravo,Santiago MARTIN-BRAVO,41:57:14,626,Espagne,ES,,20-34,H
76045.richard.fuller,Richard FULLER,41:58:02,627,Royaume-Uni,GB,,35-39,H
74574.yves.richard,Yves RICHARD,41:58:15,628,France,FR,,55-59,H
76046.denis.maisonneuve,Denis MAISONNEUVE,41:58:45,629,France,FR,,50-54,H
11543.eric.barelli,Eric BARELLI,41:59:32,630,France,FR,,35-39,H
33424.valentin.moreau,Valentin MOREAU,41:59:33,631,France,FR,,20-34,H
255.denis.regouby,Denis REGOUBY,42:00:56,632,France,FR,,45-49,H
10058.eric.roman,Eric ROMAN,42:01:19,633,France,FR,,35-39,H
522.andre.ambroggi,André AMBROGGI,42:02:50,634,France,FR,,50-54,H
26363.yann.cheve,Yann CHEVE,42:03:10,635,France,FR,,40-44,H
11674.philippe.amafroidbroisat,Philippe AMAFROID-BROISAT,42:07:20,636,France,FR,,45-49,H
11671.bernard.roumagnac,Bernard ROUMAGNAC,42:07:22,637,Suisse,CH,,45-49,H
76047.paul.vousden,Paul VOUSDEN,42:07:46,638,Royaume-Uni,GB,,20-34,H
11670.ludovic.destannes,Ludovic DESTANNES,42:07:57,639,France,FR,,45-49,H
7908.yanis.merlin,Yanis MERLIN,42:08:17,640,France,FR,,20-34,H
6451.albin.currat,Albin CURRAT,42:08:43,641,Suisse,CH,,60-64,H
6448.beatrice.brasey,Beatrice BRASEY,42:08:43,641,Suisse,CH,,40-44,F
41344.paulandre.braun,Paul-Andre BRAUN,42:09:01,643,France,FR,,45-49,H
76048.henri.gil,Henri GIL,42:09:02,644,France,FR,,55-59,H
40498.franck.millereux,Franck MILLEREUX,42:09:05,645,France,FR,,40-44,H
20126.ron.shilon,Ron SHILON,42:11:08,646,Israël,IL,,45-49,H
9161.christophe.ollivier,Christophe OLLIVIER,42:11:13,647,France,FR,,50-54,H
7816.fatima.hadrouga,Fatima HADROUGA,42:11:28,648,France,FR,,40-44,F
73475.gatis.visnevskis,Gatis VISNEVSKIS,42:12:21,649,Lettonie,LV,,35-39,H
23398.mark.christopherson,Mark CHRISTOPHERSON,42:12:37,650,Etats-Unis,US,,40-44,H
20084.elad.benjamin,Elad BENJAMIN,42:12:51,651,Israël,IL,,35-39,H
20258.marc.hauser,Marc HAUSER,42:12:55,652,Suisse,CH,,40-44,H
27913.cedric.cardona,Cedric CARDONA,42:13:22,653,France,FR,,35-39,H
36639.norihiko.nakamura,Norihiko NAKAMURA,42:15:07,654,Japon,JP,,40-44,H
76049.antoniodaniel.montadomunoz,Antonio-Daniel MONTADO-MUNOZ,42:15:07,654,Espagne,ES,,35-39,H
17839.antonio.chalitaabdo,Antonio CHALITA ABDO,42:15:36,656,Mexique,MX,,35-39,H
1410517.ricarda.bethke,Ricarda BETHKE,42:15:54,657,Allemagne,DE,,45-49,F
41518.beat.hintermann,Beat HINTERMANN,42:16:02,658,Suisse,CH,,55-59,H
45969.max.hintermann,Max HINTERMANN,42:16:03,659,Suisse,CH,,55-59,H
26393.bruno.charbonnier,Bruno CHARBONNIER,42:16:28,660,France,FR,,50-54,H
32105.enrique.bolonespana,Enrique BOLON-ESPANA,42:16:32,661,Espagne,ES,,45-49,H
46898.jan.vajhoj,Jan VAJHØJ,42:18:08,662,Danemark,DK,,50-54,H
76050.olivier.forieldestezet,Olivier FORIEL-DESTEZET,42:19:20,663,France,FR,,40-44,H
34634.riccardo.silva,Riccardo SILVA,42:20:57,664,Italie,IT,,45-49,H
7122.stephane.richarte,Stephane RICHARTE,42:22:01,665,France,FR,,40-44,H
19415.marco.giacon,Marco GIACON,42:22:22,666,Italie,IT,,35-39,H
25059.bernard.balizet,Bernard BALIZET,42:23:13,667,France,FR,,55-59,H
76051.pierre.delore,Pierre DELORE,42:23:15,668,France,FR,,40-44,H
19103.andreas.winands,Andreas WINANDS,42:23:16,669,Allemagne,DE,,50-54,H
8182.gilles.chichereau,Gilles CHICHEREAU,42:24:07,670,France,FR,,45-49,H
76052.grantley.bridge,Grantley BRIDGE,42:24:10,671,Royaume-Uni,GB,,45-49,H
39372.pierre.willems,Pierre WILLEMS,42:25:16,672,France,FR,,40-44,H
19420.moreno.piccin,Moreno PICCIN,42:25:42,673,Italie,IT,,50-54,H
21046.luciano.micheletti,Luciano MICHELETTI,42:26:55,674,Italie,IT,,55-59,H
21144.micheleoriele.locatelli,Michele-Oriele LOCATELLI,42:26:55,674,Italie,IT,,45-49,H
76053.josemaria.martinezvazquez,Jose-Maria MARTINEZ-VAZQUEZ,42:27:40,676,Espagne,ES,,45-49,H
74068.eduardo.ramirezlafuente,Eduardo RAMIREZ-LAFUENTE,42:27:41,677,Espagne,ES,,20-34,H
76054.juanantonio.subirifernandez,Juan-Antonio SUBIRI-FERNANDEZ,42:27:41,677,Espagne,ES,,40-44,H
76055.enrique.ramirezlosilla,Enrique RAMIREZ-LOSILLA,42:27:41,677,Espagne,ES,,40-44,H
76056.david.sykes,David SYKES,42:28:58,680,Royaume-Uni,GB,,40-44,H
30135.ana.lourenco,Ana LOURENCO,42:29:27,681,France,FR,,45-49,F
7256.thierry.suilhard,Thierry SUILHARD,42:29:36,682,France,FR,,50-54,H
13071.brian.linton,Brian LINTON,42:30:05,683,Royaume-Uni,GB,,35-39,H
76057.cathal.mcgreevy,Cathal MCGREEVY,42:30:05,683,Irlande,IE,,40-44,H
28724.jeangaetan.zilio,Jean-Gaetan ZILIO,42:30:14,685,France,FR,,40-44,H
76058.fabrice.broucksaux,Fabrice BROUCKSAUX,42:30:14,685,France,FR,,45-49,H
39899.vincent.wendling,Vincent WENDLING,42:30:14,685,France,FR,,40-44,H
73483.jeanmichel.drean,Jean-Michel DREAN,42:30:19,688,France,FR,,45-49,H
76059.david.delrioespinel,David DEL RIO-ESPINEL,42:30:34,689,Espagne,ES,,20-34,H
76060.juanantonio.gomez,Juan-Antonio GOMEZ,42:30:36,690,Espagne,ES,,40-44,H
222.thomas.delling,Thomas DELLING,42:30:54,691,Allemagne,DE,,40-44,H
76061.mark.dalton,Mark DALTON,42:31:06,692,Royaume-Uni,GB,,40-44,H
73965.hubert.schwarz,Hubert SCHWARZ,42:31:56,693,Autriche,AT,,35-39,H
76062.emilio.alonsovega,Emilio ALONSO-VEGA,42:32:25,694,Espagne,ES,,40-44,H
32314.miguel.antolidolz,Miguel ANTOLI DOLZ,42:32:50,695,Espagne,ES,,40-44,H
76063.etienne.gregoire,Etienne GREGOIRE,42:33:24,696,Belgique,BE,,40-44,H
43917.fabien.courrier,Fabien COURRIER,42:33:25,697,France,FR,,20-34,H
20566.patrick.deloget,Patrick DELOGET,42:34:23,698,France,FR,,50-54,H
6657.guillaume.gasiorowski,Guillaume GASIOROWSKI,42:34:23,698,France,FR,,20-34,H
28715.bruno.ladet,Bruno LADET,42:34:43,700,France,FR,,45-49,H
76064.graeme.reid,Graeme REID,42:35:07,701,Royaume-Uni,GB,,45-49,H
7999.laurent.tarazona,Laurent TARAZONA,42:35:11,702,France,FR,,40-44,H
63829.robert.edwards,Robert EDWARDS,42:35:19,703,Royaume-Uni,GB,,35-39,H
73710.patricklouisfrancois.valcarceldebouvry,Patrick-Louis-Francois VALCARCEL-DEBOUVRY,42:35:22,704,Espagne,ES,,40-44,H
76065.javier.galanjimenez,Javier GALAN-JIMENEZ,42:35:23,705,Espagne,ES,,35-39,H
76066.ignace.matthys,Ignace MATTHYS,42:35:25,706,Belgique,BE,,50-54,H
27545.tony.lestrat,Tony LE STRAT,42:35:28,707,France,FR,,40-44,H
845.patrick.fournier,Patrick FOURNIER,42:35:41,708,France,FR,,45-49,H
8636.cedric.campagnoni,Cedric CAMPAGNONI,42:35:42,709,France,FR,,35-39,H
7044.laurent.brethes,Laurent BRETHES,42:35:59,710,France,FR,,40-44,H
9178.olivier.barbe,Olivier BARBE,42:36:12,711,France,FR,,35-39,H
6216.jeanpierre.simorre,Jean-Pierre SIMORRE,42:36:47,712,France,FR,,45-49,H
37046.sandra.lundqvist,Sandra LUNDQVIST,42:37:09,713,Suède,SE,,20-34,F
76067.toni.serrallongagasch,Toni SERRALLONGA-GASCH,42:37:22,714,Espagne,ES,,50-54,H
10792.alain.chalaye,Alain CHALAYE,42:38:45,715,France,FR,,40-44,H
76068.david.legroux,David LEGROUX,42:39:49,716,France,FR,,35-39,H
25408.nicolas.ulrich,Nicolas ULRICH,42:39:59,717,France,FR,,40-44,H
30347.yannick.clevy,Yannick CLEVY,42:40:21,718,France,FR,,20-34,H
2378.chad.piala,Chad PIALA,42:40:26,719,Etats-Unis,US,,35-39,H
19117.jurgen.zach,Jürgen ZACH,42:40:35,720,Allemagne,DE,,40-44,H
19116.peter.knapp,Peter KNAPP,42:42:02,721,Allemagne,DE,,50-54,H
11195.stephane.david,Stephane DAVID,42:43:08,722,France,FR,,45-49,H
39272.patrice.guillard,Patrice GUILLARD,42:43:09,723,France,FR,,60-64,H
76069.jeanpierre-panpili-.ainciart,Jean-Pierre-(Panpili) AINCIART,42:43:20,724,France,FR,,65-69,H
76070.chunkeung.leung,Chun Keung LEUNG,42:43:21,725,"Hong Kong, Chine",HK,,20-34,H
25214.emmanuel.conraux,Emmanuel CONRAUX,42:43:23,726,France,FR,,40-44,H
23916.gilles.ecormier,Gilles ECORMIER,42:43:29,727,France,FR,,45-49,H
19425.alessandro.visentin,Alessandro VISENTIN,42:43:33,728,Italie,IT,,50-54,H
19424.andrea.falomo,Andrea FALOMO,42:43:57,729,Italie,IT,,40-44,H
410.pascal.masson,Pascal MASSON,42:44:11,730,France,FR,,50-54,H
38951.emmanuel.martin,Emmanuel MARTIN,42:44:16,731,France,FR,,40-44,H
44264.christian.rouxel,Christian ROUXEL,42:44:20,732,France,FR,,50-54,H
711865.gary.pearson,Gary PEARSON,42:44:56,733,Royaume-Uni,GB,,40-44,H
76071.satoshi.ohara,Satoshi OHARA,42:45:08,734,Japon,JP,,20-34,H
13015.jordi.pamiescarrion,Jordi PAMIES-CARRION,42:46:29,735,Espagne,ES,,20-34,H
76072.carles.marticanti,Carles MARTI-CANTI,42:46:29,735,Espagne,ES,,35-39,H
13032.ramon.barcelo,Ramon BARCELO,42:46:29,735,Espagne,ES,,45-49,H
10971.claude.schneider,Claude SCHNEIDER,42:46:34,738,France,FR,,50-54,H
39690.steeve.louraichi,Steeve LOURAICHI,42:47:03,739,France,FR,,20-34,H
46879.norbert.fasel,Norbert FASEL,42:47:24,740,Allemagne,DE,,45-49,H
25063.philippe.leonelli,Philippe LEONELLI,42:48:13,741,France,FR,,35-39,H
76073.david.douglas,David DOUGLAS,42:48:20,742,Royaume-Uni,GB,,40-44,H
41323.yves.giraud,Yves GIRAUD,42:48:20,742,France,FR,,55-59,H
19207.walter.ratsch,Walter RÄTSCH,42:48:20,742,Allemagne,DE,,60-64,H
76074.jesus.gagocalvo,Jesus GAGO-CALVO,42:48:46,745,Espagne,ES,,65-69,H
20812.denis.boussaert,Denis BOUSSAERT,42:48:54,746,France,FR,,50-54,H
45176.stefan.hentsch,Stefan HENTSCH,42:49:25,747,Allemagne,DE,,40-44,H
19160.anke.drescher,Anke DRESCHER,42:50:25,748,Allemagne,DE,,40-44,F
27428.loic.chausse,Loic CHAUSSE,42:51:14,749,France,FR,,35-39,H
43008.bruno.dejust,Bruno DE JUST,42:51:22,750,France,FR,,55-59,H
76075.gerard.mignerot,Gerard MIGNEROT,42:51:25,751,France,FR,,50-54,H
76076.ootomo.tomoyaohkubo,Ootomo TOMOYA-OHKUBO,42:51:51,752,Japon,JP,,20-34,H
30138.francois.vialard,Francois VIALARD,42:51:52,753,France,FR,,50-54,H
595.eric.loriau,Eric LORIAU,42:51:55,754,France,FR,,45-49,H
73457.julien.renauld,Julien RENAULD,42:52:42,755,France,FR,,35-39,H
58916.jeradine.collett,Jeradine COLLETT,42:53:10,756,Royaume-Uni,GB,,35-39,F
41889.stephanie.lagadic,Stephanie LAGADIC,42:53:42,757,France,FR,,20-34,F
41442.philippe.prin,Philippe PRIN,42:53:43,758,France,FR,,40-44,H
76077.manuel.hernandezperis,Manuel HERNANDEZ-PERIS,42:54:27,759,Espagne,ES,,50-54,H
76078.jose.osmavidal,Jose OSMA VIDAL,42:54:31,760,Espagne,ES,,40-44,H
19184.dieter.klein,Dieter KLEIN,42:54:53,761,Allemagne,DE,,40-44,H
10757.kevin.clark,Kevin CLARK,42:55:02,762,Royaume-Uni,GB,,35-39,H
20032.francois.mach,Francois MACH,42:55:21,763,Suisse,CH,,50-54,H
193058.pau.amatvilaro,Pau AMAT-VILARO,42:55:42,764,Espagne,ES,,35-39,H
28616.franck.bresson,Franck BRESSON,42:55:49,765,France,FR,,40-44,H
76080.jeanmarie.mauger,Jean-Marie MAUGER,42:56:50,766,France,FR,,50-54,H
48259.johan.wagner,Johan WAGNER,42:57:31,767,Suède,SE,,40-44,H
19314.gabriele.demaestri,Gabriele DE MAESTRI,42:57:34,768,Italie,IT,,20-34,H
10772.paolo.visigalli,Paolo VISIGALLI,42:57:53,769,Italie,IT,,35-39,H
19734.federica.cataudella,Federica CATAUDELLA,42:57:53,769,Italie,IT,,35-39,F
76081.salvador.canetarcos,Salvador CANET-ARCOS,42:59:27,771,Espagne,ES,,20-34,H
73373.david.garnier,David GARNIER,43:00:19,772,France,FR,,35-39,H
24687.pascal.coste,Pascal COSTE,43:01:05,773,France,FR,,45-49,H
30223.christophe.memmo,Christophe MEMMO,43:01:07,774,France,FR,,35-39,H
32054.roman.morellstemmler,Roman MORELL STEMMLER,43:01:20,775,Espagne,ES,,20-34,H
36546.yoshiko.matsunuma,Yoshiko MATSUNUMA,43:01:21,776,Japon,JP,,50-54,F
32121.carmen.moreybauza,Carmen MOREY-BAUZA,43:01:21,776,Espagne,ES,,20-34,F
39427.amaury.roquebert,Amaury ROQUEBERT,43:01:40,778,France,FR,,45-49,H
41363.jakub.brzeczkowski,Jakub BRZECZKOWSKI,43:01:42,779,France,FR,,40-44,H
76082.emily.gelder,Emily GELDER,43:02:09,780,Royaume-Uni,GB,,35-39,F
76083.andresleon.mecapignatelli,Andres-Leon MECA-PIGNATELLI,43:03:39,781,Espagne,ES,,40-44,H
13045.antonio.funesperez,Antonio FUNES-PEREZ,43:03:40,782,Espagne,ES,,20-34,H
13208.christoph.harreither,Christoph HARREITHER,43:03:43,783,Autriche,AT,,35-39,H
24113.yann.louis,Yann LOUIS,43:04:19,784,France,FR,,45-49,H
39807.jeanfrancois.dessioux,Jean-Francois DESSIOUX,43:04:21,785,France,FR,,50-54,H
1220.claude.mercier,Claude MERCIER,43:05:08,786,France,FR,,55-59,H
28592.jeanyves.ballot,Jean-Yves BALLOT,43:05:49,787,France,FR,,35-39,H
27177.olivier.bedague,Olivier BEDAGUE,43:05:52,788,France,FR,,45-49,H
26983.yannick.lesquer,Yannick LE SQUER,43:05:53,789,France,FR,,40-44,H
28003.robert.fouques,Robert FOUQUES,43:06:22,790,France,FR,,50-54,H
13035.carlos.diazcarlus,Carlos DIAZ-CARLUS,43:06:41,791,Espagne,ES,,45-49,H
10072.thierry.bibolletruche,Thierry BIBOLLET-RUCHE,43:07:02,792,France,FR,,50-54,H
27951.frederic.chienno,Frederic CHIENNO,43:08:04,793,France,FR,,35-39,H
10900.philippe.chienno,Philippe CHIENNO,43:08:04,793,France,FR,,40-44,H
73359.guillaume.sarnel,Guillaume SARNEL,43:08:08,795,France,FR,,20-34,H
28694.johann.mathieu,Johann MATHIEU,43:08:32,796,Belgique,BE,,35-39,H
76084.yannis.coquerelle,Yannis COQUERELLE,43:08:44,797,France,FR,,35-39,H
30383.eric.lantz,Eric LANTZ,43:08:53,798,France,FR,,40-44,H
19936.marcus.weber,Marcus WEBER,43:09:27,799,Allemagne,DE,,40-44,H
1257.vincent.lecarpentier,Vincent LECARPENTIER,43:10:08,800,France,FR,,40-44,H
41570.aurelien.huard,Aurelien HUARD,43:11:08,801,France,FR,,20-34,H
76085.pascalhenri.michel,Pascal-Henri MICHEL,43:11:10,802,France,FR,,50-54,H
20461.pierre.chaillou,Pierre CHAILLOU,43:12:54,803,France,FR,,40-44,H
73366.stephane.catherine,Stephane CATHERINE,43:13:12,804,France,FR,,40-44,H
76086.frederic.tresse,Frederic TRESSE,43:13:57,805,France,FR,,50-54,H
19563.giuseppe.magenes,Giuseppe MAGENES,43:14:30,806,Italie,IT,,40-44,H
76087.frederic.weinmann,Frederic WEINMANN,43:14:55,807,France,FR,,65-69,H
30379.philippe.penet,Philippe PENET,43:15:10,808,France,FR,,40-44,H
3777.patrick.bresson,Patrick BRESSON,43:15:44,809,France,FR,,50-54,H
76088.takaaki.uno,Takaaki UNO,43:16:04,810,Japon,JP,,35-39,H
33106.gerard.berland,Gerard BERLAND,43:16:06,811,France,FR,,55-59,H
26790.christophe.legouas,Christophe LEGOUAS,43:16:31,812,France,FR,,45-49,H
26259.pascal.martin,Pascal MARTIN,43:16:44,813,France,FR,,35-39,H
48251.erik.jurander,Erik JURANDER,43:17:06,814,Suède,SE,,35-39,H
41931.nicolas.racaud,Nicolas RACAUD,43:18:07,815,France,FR,,20-34,H
141.patrice.fayol,Patrice FAYOL,43:18:08,816,France,FR,,50-54,H
12238.josep.diviualtayo,Josep DIVIU-ALTAYO,43:18:10,817,Espagne,ES,,55-59,H
73700.gabriel.balas,Gabriel BALAS,43:18:28,818,France,FR,,35-39,H
24654.thierry.iltis,Thierry ILTIS,43:19:14,819,France,FR,,40-44,H
21052.francesco.prossen,Francesco PROSSEN,43:20:00,820,Italie,IT,,45-49,H
44311.massimo.ghisalberti,Massimo GHISALBERTI,43:20:00,820,Italie,IT,,50-54,H
457626.luis.hoyasjimenez,Luis HOYAS JIMENEZ,43:20:06,822,Espagne,ES,,50-54,H
38286.jeanlouis.laloyaux,Jean-Louis LALOYAUX,43:20:19,823,France,FR,,40-44,H
839973.martin.trout,Martin TROUT,43:21:15,824,Royaume-Uni,GB,,50-54,H
19380.marco.benaglia,Marco BENAGLIA,43:21:15,824,Italie,IT,,45-49,H
44390.dominique.divincenzo,Dominique DI VINCENZO,43:21:34,826,France,FR,,45-49,H
76089.vicentejesus.ginesherraiz,Vicente Jesus GINES HERRAIZ,43:22:11,827,Espagne,ES,,50-54,H
76090.francisco.jordanoncins,Francisco JORDAN-ONCINS,43:22:37,828,Espagne,ES,,45-49,H
10856.gilles.tournay,Gilles TOURNAY,43:23:47,829,France,FR,,40-44,H
7035.marc.bourdonneau,Marc BOURDONNEAU,43:24:03,830,France,FR,,40-44,H
20124.frederic.mencier,Frederic MENCIER,43:24:11,831,France,FR,,35-39,H
74066.roger.reymond,Roger REYMOND,43:24:15,832,France,FR,,60-64,H
13491.gilberto.iglesiasnunez,Gilberto IGLESIAS-NUNEZ,43:25:45,833,Espagne,ES,,45-49,H
76091.abraham.garciagutierrez,Abraham GARCIA-GUTIERREZ,43:25:45,833,Espagne,ES,,35-39,H
76092.christophe.garnier,Christophe GARNIER,43:25:46,835,France,FR,,45-49,H
76093.jeanlouis.laborde,Jean-Louis LABORDE,43:25:49,836,France,FR,,35-39,H
19453.donato.crognale,Donato CROGNALE,43:26:02,837,Italie,IT,,50-54,H
55430.jeanpaul.goutorbe,Jean-Paul GOUTORBE,43:26:53,838,Grèce,GR,,55-59,H
6387.christian.baigue,Christian BAIGUE,43:27:18,839,France,FR,,55-59,H
8597.michel.eugene,Michel EUGENE,43:27:18,839,France,FR,,55-59,H
6714.frederic.cluet,Frederic CLUET,43:27:33,841,France,FR,,50-54,H
32149.josemanuel.melgarejoconejero,Jose-Manuel MELGAREJO-CONEJERO,43:27:48,842,Espagne,ES,,40-44,H
6386431.moro.franco,Moro FRANCO,43:27:51,843,Italie,IT,,45-49,H
76094.kevin.marshall,Kevin MARSHALL,43:29:09,844,Royaume-Uni,GB,,50-54,H
26643.jeanyves.baron,Jean-Yves BARON,43:30:52,845,France,FR,,45-49,H
76095.masahiko.otawa,Masahiko OTAWA,43:31:45,846,Japon,JP,,45-49,H
25147.christophe.tousch,Christophe TOUSCH,43:31:59,847,France,FR,,40-44,H
32083.jose.aparicio,Jose APARICIO,43:32:04,848,Espagne,ES,,45-49,H
76096.jordi.tarres,Jordi TARRES,43:32:05,849,Espagne,ES,,45-49,H
21033.adriano.oggioni,Adriano OGGIONI,43:32:15,850,Italie,IT,,35-39,H
72690.thomas.herget,Thomas HERGET,43:32:56,851,Allemagne,DE,,50-54,H
7525.jeanchristophe.kiburse,Jean-Christophe KIBURSE,43:34:24,852,France,FR,,45-49,H
12021.marc.samperecanals,Marc SAMPERE-CANALS,43:34:29,853,Espagne,ES,,35-39,H
31970.joan.vilafontarnau,Joan VILA-FONTARNAU,43:34:29,853,Espagne,ES,,55-59,H
48091.mario.reichelt,Mario REICHELT,43:34:30,855,Allemagne,DE,,40-44,H
13172.juan.alapontsoriano,Juan ALAPONT-SORIANO,43:34:30,855,Espagne,ES,,35-39,H
24752.albert.roy,Albert ROY,43:34:41,857,France,FR,,45-49,H
7805.nathalie.maillet,Nathalie MAILLET,43:35:24,858,France,FR,,45-49,F
3319947.jean.decoppin,Jean DE COPPIN,43:35:27,859,Belgique,BE,,40-44,H
59084.alberto.castellino,Alberto CASTELLINO,43:36:17,860,Italie,IT,,45-49,H
76098.philippe.caillet,Philippe CAILLET,43:36:23,861,France,FR,,45-49,H
13879.enric.martinarumi,Enric MARTIN-ARUMI,43:36:25,862,Espagne,ES,,35-39,H
32125.ruth.guillem,Ruth GUILLEM,43:37:41,863,Espagne,ES,,20-34,F
32126.albert.riego,Albert RIEGO,43:37:42,864,Espagne,ES,,40-44,H
484.arnaud.destael,Arnaud DE STAEL,43:38:35,865,France,FR,,45-49,H
10869.antoine.destael,Antoine DE STAEL,43:38:35,865,France,FR,,20-34,H
951113.sergi.rosinach,Sergi ROSINACH,43:39:42,867,Espagne,ES,,35-39,H
76101.victor.agustirobles,Victor AGUSTI-ROBLES,43:39:44,868,Espagne,ES,,40-44,H
4962583.jaime.solanitirado,Jaime SOLANI TIRADO,43:39:48,869,Espagne,ES,,45-49,H
34630.massimiliano.mauri,Massimiliano MAURI,43:40:02,870,Italie,IT,,40-44,H
76103.pau.busquetsfigueras,Pau BUSQUETS-FIGUERAS,43:42:00,871,Espagne,ES,,35-39,H
76104.eduardo.dazasastre,Eduardo DAZA-SASTRE,43:42:00,871,Espagne,ES,,40-44,H
76105.david.bartirota,David BARTI-ROTA,43:42:01,873,Espagne,ES,,40-44,H
25369.catherine.foegle,Catherine FOEGLE,43:44:46,874,France,FR,,40-44,F
7578.albert.gaulard,Albert GAULARD,43:44:47,875,France,FR,,65-69,H
33380.christophe.petitpas,Christophe PETITPAS,43:44:49,876,France,FR,,45-49,H
30245.frank.boinet,Frank BOINET,43:44:59,877,France,FR,,50-54,H
867.christophe.limon,Christophe LIMON,43:44:59,877,France,FR,,20-34,H
27734.arnaud.lelons,Arnaud LE LONS,43:47:20,879,France,FR,,40-44,H
30364.ludovic.bon,Ludovic BON,43:47:27,880,France,FR,,35-39,H
73504.olivier.reboul,Olivier REBOUL,43:47:39,881,France,FR,,35-39,H
76106.enrique.orivetrevino,Enrique ORIVE-TREVINO,43:49:08,882,Espagne,ES,,40-44,H
19765.gersi.tarazona,Gersi TARAZONA,43:49:18,883,Venezuela,VE,,35-39,H
76107.darren.roberts,Darren ROBERTS,43:49:26,884,Royaume-Uni,GB,,35-39,H
56496.georgios.zampetoglou,Georgios ZAMPETOGLOU,43:49:35,885,Grèce,GR,,45-49,H
384651.ian.harryman,Ian HARRYMAN,43:50:43,886,Royaume-Uni,GB,,40-44,H
31332.jose.nicolas,Jose NICOLAS,43:51:00,887,Canada,CA,,40-44,H
76109.gerard.goyeneche,Gerard GOYENECHE,43:52:11,888,France,FR,,45-49,H
76110.manuelpedro.pereira,Manuel-Pedro PEREIRA,43:52:44,889,Portugal,PT,,50-54,H
44337.italo.siena,Italo SIENA,43:53:05,890,Italie,IT,,60-64,H
41463.jocelyn.diebolt,Jocelyn DIEBOLT,43:54:37,891,France,FR,,40-44,H
73397.eric.kalicinski,Eric KALICINSKI,43:55:23,892,France,FR,,45-49,H
76111.olivier.martin,Olivier MARTIN,43:55:28,893,France,FR,,50-54,H
28244.guy.magnin,Guy MAGNIN,43:55:58,894,France,FR,,50-54,H
8456.thierry.daurelle,Thierry DAURELLE,43:56:01,895,France,FR,,50-54,H
1454613.bernadette.daurelle,Bernadette DAURELLE,43:56:01,895,France,FR,,45-49,F
7560.alban.venneugues,Alban VENNEUGUES,43:56:09,897,France,FR,,20-34,H
3776.robert.bourgeois,Robert BOURGEOIS,43:56:44,898,France,FR,,60-64,H
76112.pierre.valentin,Pierre VALENTIN,43:56:55,899,France,FR,,35-39,H
76113.christophe.petit,Christophe PETIT,43:56:56,900,France,FR,,45-49,H
76114.sylvain.durand,Sylvain DURAND,43:57:05,901,France,FR,,20-34,H
76115.asgeir.eliasson,Asgeir ELIASSON,43:57:08,902,Islande,IS,,45-49,H
1080307.stefan.scherzer,Stefan SCHERZER,43:57:20,903,Allemagne,DE,,45-49,H
11707.steven.bright,Steven BRIGHT,43:57:49,904,France,FR,,40-44,H
41321.mathieu.terroir,Mathieu TERROIR,43:58:19,905,France,FR,,35-39,H
32659.claude.pichon,Claude PICHON,43:58:47,906,France,FR,,60-64,H
73515.philippe.gueguen,Philippe GUEGUEN,43:58:51,907,France,FR,,50-54,H
41454.philippe.weber,Philippe WEBER,43:58:52,908,France,FR,,35-39,H
43020.matthieu.saada,Matthieu SAADA,43:59:01,909,France,FR,,40-44,H
30192.gregory.martin,Gregory MARTIN,43:59:02,910,France,FR,,35-39,H
38178.yaneck.gruat,Yaneck GRUAT,43:59:20,911,France,FR,,40-44,H
76116.xavier.lozanocarreras,Xavier LOZANO-CARRERAS,43:59:21,912,Espagne,ES,,20-34,H
76117.kosuke.kurosawa,Kosuke KUROSAWA,43:59:42,913,Japon,JP,,20-34,H
25083.raphael.schuler,Raphael SCHULER,44:00:45,914,France,FR,,35-39,H
57871.jonnifer.lacanlale,Jonnifer LACANLALE,44:00:57,915,Philippines,PH,,40-44,H
76118.kentaro.kuga,Kentaro KUGA,44:01:06,916,Japon,JP,,35-39,H
76119.mark.rennison,Mark RENNISON,44:01:15,917,Royaume-Uni,GB,,40-44,H
20304.josette.cachat,Josette CACHAT,44:01:41,918,France,FR,,50-54,F
51593.mike.lall,Mike LALL,44:01:47,919,Royaume-Uni,GB,,20-34,H
1214907.joseantonio.arjonacerrillo,Jose Antonio ARJONA CERRILLO,44:02:00,920,Espagne,ES,,40-44,H
73482.mark.woolley,Mark WOOLLEY,44:02:01,921,Royaume-Uni,GB,,45-49,H
76121.miguelangel.sierrassuarez,Miguel-Angel SIERRAS-SUAREZ,44:02:01,921,Espagne,ES,,40-44,H
76122.alfredosevero.ramirezgonzalez,Alfredo-Severo RAMIREZ-GONZALEZ,44:02:11,923,Espagne,ES,,40-44,H
76123.onesimo.borgesregalado,Onesimo BORGES-REGALADO,44:02:11,923,Espagne,ES,,35-39,H
76124.arturo.herreradeleon,Arturo HERRERA DE LEON,44:02:12,925,Espagne,ES,,35-39,H
27712.jeanyves.lebloas,Jean-Yves LE BLOAS,44:02:57,926,France,FR,,50-54,H
49404.dai.kitamoto,Dai KITAMOTO,44:04:22,927,Japon,JP,,45-49,H
21083.mauro.magnaghi,Mauro MAGNAGHI,44:04:32,928,Italie,IT,,45-49,H
833.laurent.dubois,Laurent DUBOIS,44:04:35,929,France,FR,,40-44,H
39713.jeangeorges.koeller,Jean-Georges KOELLER,44:04:36,930,France,FR,,50-54,H
809.philippe.bentolila,Philippe BENTOLILA,44:04:36,930,France,FR,,45-49,H
7110.philippe.damiani,Philippe DAMIANI,44:04:37,932,France,FR,,45-49,H
39519.philippe.cervasi,Philippe CERVASI,44:04:42,933,France,FR,,45-49,H
13222.mariaraffaella.greco,Maria-Raffaella GRECO,44:05:32,934,Italie,IT,,50-54,F
19486.giorgio.ferraribravo,Giorgio FERRARI-BRAVO,44:05:38,935,Italie,IT,,50-54,H
76125.ferran.mahamudmahamud,Ferran MAHAMUD-MAHAMUD,44:06:10,936,Espagne,ES,,35-39,H
1149.vianney.kauffeisen,Vianney KAUFFEISEN,44:06:19,937,France,FR,,45-49,H
76126.patrick.arnoult,Patrick ARNOULT,44:06:20,938,France,FR,,40-44,H
76127.benoit.jordant,Benoit JORDANT,44:07:54,939,Belgique,BE,,45-49,H
10302.camilla.ringstrom,Camilla RINGSTRÖM,44:07:58,940,Suède,SE,,40-44,F
20811.joseph.birraux,Joseph BIRRAUX,44:08:01,941,France,FR,,60-64,H
73433.paul.mermillodblondin,Paul MERMILLOD-BLONDIN,44:08:22,942,France,FR,,50-54,H
41354.herve.nowe,Herve NOWE,44:08:50,943,Belgique,BE,,40-44,H
9163.francois.borceux,Francois BORCEUX,44:08:57,944,Belgique,BE,,40-44,H
76128.christophe.vandeghinste,Christophe VANDE-GHINSTE,44:08:58,945,Belgique,BE,,50-54,H
1388.emmanuel.clerin,Emmanuel CLERIN,44:09:25,946,France,FR,,35-39,H
76129.joseantonio.morenosalazar,Jose-Antonio MORENO-SALAZAR,44:09:34,947,Espagne,ES,,40-44,H
11877.josemanuel.garrotearjona,Jose-Manuel GARROTE-ARJONA,44:09:34,947,Espagne,ES,,35-39,H
76130.carlos.planaolivet,Carlos PLANA-OLIVET,44:09:34,947,Espagne,ES,,40-44,H
76131.gilles.felipo,Gilles FELIPO,44:09:36,950,France,FR,,40-44,H
11027.thomas.couvert,Thomas COUVERT,44:09:39,951,France,FR,,35-39,H
75397.danielfernando.rastelli,Daniel-Fernando RASTELLI,44:09:52,952,Argentine,AR,,45-49,H
73662.alexandre.lajeunesse,Alexandre LAJEUNESSE,44:10:07,953,France,FR,,40-44,H
41329.gratianne.daum,Gratianne DAUM,44:10:09,954,France,FR,,20-34,F
6709333.yamaya.koji,Yamaya KOJI,44:11:20,955,Japon,JP,,35-39,H
530733.akinori.takase,Akinori TAKASE,44:11:22,956,Japon,JP,,40-44,H
36433.shinsuke.isomura,Shinsuke ISOMURA,44:11:23,957,Japon,JP,,20-34,H
27961.mathieu.dumas,Mathieu DUMAS,44:11:25,958,France,FR,,20-34,H
30063.romain.chauquet,Romain CHAUQUET,44:11:37,959,France,FR,,35-39,H
70355.peter.huser,Peter HUSER,44:13:27,960,Suisse,CH,,55-59,H
73799.sergio.cabellodelgado,Sergio CABELLO-DELGADO,44:13:47,961,Espagne,ES,,35-39,H
76133.graemestewart.watt,Graeme-Stewart WATT,44:13:56,962,Royaume-Uni,GB,,20-34,H
76134.juanluis.garciadeisla,Juan-Luis GARCIA-DE ISLA,44:13:56,962,Espagne,ES,,40-44,H
20020.jorg.nawrocki,Jörg NAWROCKI,44:14:18,964,Allemagne,DE,,50-54,H
28057.patrick.fachemichel,Patrick FACHE-MICHEL,44:14:22,965,France,FR,,45-49,H
25740.klaus.schmidt,Klaus SCHMIDT,44:14:28,966,Allemagne,DE,,50-54,H
30264.frederick.behncke,Frederick BEHNCKE,44:15:58,967,France,FR,,40-44,H
19403.rossano.moretto,Rossano MORETTO,44:17:19,968,Italie,IT,,35-39,H
21.ivan.zufferli,Ivan ZUFFERLI,44:18:21,969,Italie,IT,,20-34,H
41902.thierry.pocholuk,Thierry POCHOLUK,44:18:54,970,France,FR,,45-49,H
31960.ivan.junyentcapdevila,Ivan JUNYENT CAPDEVILA,44:18:54,970,Espagne,ES,,40-44,H
76135.thibault.lherminier,Thibault L'HERMINIER,44:18:56,972,France,FR,,20-34,H
34764.alain.gander,Alain GANDER,44:19:09,973,France,FR,,50-54,H
19389.gerardo.togni,Gerardo TOGNI,44:19:22,974,Italie,IT,,50-54,H
19379.luciano.preda,Luciano PREDA,44:19:23,975,Italie,IT,,35-39,H
72599.remi.cipriani,Remi CIPRIANI,44:20:00,976,France,FR,,40-44,H
73573.denis.becquart,Denis BECQUART,44:20:26,977,France,FR,,45-49,H
42131.gaetan.baviere,Gaetan BAVIERE,44:20:27,978,France,FR,,45-49,H
45232.danny.kendall,Danny KENDALL,44:20:39,979,Royaume-Uni,GB,,20-34,H
19085.marco.domine,Marco DOMINE,44:20:55,980,Allemagne,DE,,45-49,H
52488.allan.cox,Allan COX,44:21:07,981,Royaume-Uni,GB,,45-49,H
76136.wally.coppelov,Wally COPPELOV,44:21:28,982,Royaume-Uni,GB,,50-54,H
75416.juanricardo.ferrero,Juan Ricardo FERRERO,44:22:02,983,Argentine,AR,,40-44,H
57858.biksaiida.lee,Bik Sai Ida LEE,44:22:38,984,"Hong Kong, Chine",HK,,40-44,F
76137.paul.garner,Paul GARNER,44:22:51,985,Royaume-Uni,GB,,40-44,H
6244.aurelia.grenier,Aurelia GRENIER,44:23:33,986,France,FR,,35-39,F
20033.nataliya.marmier,Nataliya MARMIER,44:23:39,987,France,FR,,55-59,F
25425.andre.grandmont,Andre GRANDMONT,44:24:16,988,Belgique,BE,,50-54,H
25097.philippe.deneffe,Philippe DENEFFE,44:24:17,989,Belgique,BE,,50-54,H
51390.ian.king,Ian KING,44:25:40,990,Royaume-Uni,GB,,40-44,H
41350.james.coates,James COATES,44:25:41,991,Royaume-Uni,GB,,35-39,H
41879.patrice.borgnano,Patrice BORGNANO,44:26:33,992,France,FR,,55-59,H
61403.jens.werbonat,Jens WERBONAT,44:26:45,993,Allemagne,DE,,35-39,H
13185.markus.flick,Markus FLICK,44:26:45,993,Allemagne,DE,,40-44,H
19942.gilbert.bernath,Gilbert BERNATH,44:26:50,995,Suisse,CH,,50-54,H
76138.charles.hedrich,Charles HEDRICH,44:29:48,996,France,FR,,50-54,H
73584.gowyn.jones,Gowyn JONES,44:30:06,997,Nouvelle-Zélande,NZ,,20-34,H
76139.ludovic.hublot,Ludovic HUBLOT,44:30:07,998,France,FR,,35-39,H
74281.pascal.bleys,Pascal BLEYS,44:30:10,999,Belgique,BE,,40-44,H
76140.jacob.boston,Jacob BOSTON,44:30:10,999,Nouvelle-Zélande,NZ,,20-34,H
51288.malcolm.hughes,Malcolm HUGHES,44:30:17,1001,Royaume-Uni,GB,,50-54,H
76141.inigo.biteripagaldai,Inigo BITERI-PAGALDAI,44:30:52,1002,Espagne,ES,,20-34,H
73685.jeanmichel.leroux,Jean-Michel LE ROUX,44:31:31,1003,France,FR,,40-44,H
75865.daniel.verdugo,Daniel VERDUGO,44:31:38,1004,Chili,CL,,35-39,H
12762.alfred.miralles,Alfred MIRALLES,44:32:54,1005,Espagne,ES,,55-59,H
51218.john.malcolm,John MALCOLM,44:33:13,1006,Royaume-Uni,GB,,20-34,H
208657.nick.ashleycooper,Nick ASHLEY COOPER,44:34:30,1007,Royaume-Uni,GB,,20-34,H
76143.manuel.delgadoservan,Manuel DELGADO-SERVAN,44:34:31,1008,Espagne,ES,,55-59,H
44668.serge.gailland,Serge GAILLAND,44:34:52,1009,France,FR,,35-39,H
76144.ivan.rouzaud,Ivan ROUZAUD,44:35:04,1010,France,FR,,35-39,H
76145.reiko.jodoi,Reiko JODOI,44:35:25,1011,Japon,JP,,50-54,F
76146.katsuhito.serizawa,Katsuhito SERIZAWA,44:35:25,1011,Japon,JP,,40-44,H
76147.luc.francoise,Luc FRANCOISE,44:36:14,1013,France,FR,,50-54,H
40750.jeanluc.rodriguez,Jean-Luc RODRIGUEZ,44:36:43,1014,France,FR,,50-54,H
36919.michihiro.shirakata,Michihiro SHIRAKATA,44:37:06,1015,Japon,JP,,40-44,H
48271.torsten.hentsch,Torsten HENTSCH,44:38:25,1016,Allemagne,DE,,45-49,H
76148.hidenori.kotake,Hidenori KOTAKE,44:38:50,1017,Japon,JP,,55-59,H
76149.sergiogustavo.moyaruiz,Sergio Gustavo MOYA RUIZ,44:39:03,1018,Argentine,AR,,50-54,H
76150.eduardo.malondaperez,Eduardo MALONDA-PEREZ,44:39:18,1019,Espagne,ES,,40-44,H
76151.jose.redondoguardiola,Jose REDONDO-GUARDIOLA,44:39:54,1020,Espagne,ES,,35-39,H
11224.remy.lecorvic,Remy LE CORVIC,44:40:16,1021,France,FR,,50-54,H
27431.josephmarie.prual,Joseph-Marie PRUAL,44:40:22,1022,France,FR,,45-49,H
26364.alain.kurth,Alain KURTH,44:41:34,1023,France,FR,,45-49,H
44096.stephane.bernard,Stephane BERNARD,44:41:40,1024,Suisse,CH,,40-44,H
30190.jerome.chamoux,Jerome CHAMOUX,44:42:20,1025,France,FR,,40-44,H
24407.daniele.rolland,Daniele ROLLAND,44:42:46,1026,France,FR,,60-64,F
8017.christian.samon,Christian SAMON,44:43:15,1027,France,FR,,55-59,H
74373.nicolas.solans,Nicolas SOLANS,44:43:16,1028,France,FR,,40-44,H
49784.masayuki.iida,Masayuki IIDA,44:43:29,1029,Japon,JP,,20-34,H
76152.ildefonso.camposhigueras,Ildefonso CAMPOS-HIGUERAS,44:44:03,1030,Espagne,ES,,45-49,H
41524.juancarlos.rubio,Juan Carlos RUBIO,44:44:08,1031,Espagne,ES,,45-49,H
25055.joseph.pires,Joseph PIRES,44:44:35,1032,France,FR,,40-44,H
76153.michael.saintviteux,Michael SAINTVITEUX,44:44:35,1032,Belgique,BE,,35-39,H
72675.david.fabbro,David FABBRO,44:45:20,1034,France,FR,,35-39,H
76154.sebastien.moitie,Sebastien MOITIE,44:45:24,1035,France,FR,,20-34,H
76155.alan.johnson,Alan JOHNSON,44:45:34,1036,Royaume-Uni,GB,,35-39,H
76156.yves.dedeken,Yves DE DEKEN,44:45:48,1037,France,FR,,60-64,H
76157.esteban.valcarcerodriguez,Esteban VALCARCE-RODRIGUEZ,44:46:10,1038,Espagne,ES,,40-44,H
72716.francisco.maranonbolivar,Francisco MARANON-BOLIVAR,44:46:12,1039,Espagne,ES,,50-54,H
76158.francisco.sanchezalonso,Francisco SANCHEZ-ALONSO,44:46:13,1040,Espagne,ES,,20-34,H
25065.patrick.willaume,Patrick WILLAUME,44:46:47,1041,France,FR,,55-59,H
76159.alain.hamou,Alain HAMOU,44:46:50,1042,France,FR,,60-64,H
76160.christian.santerre,Christian SANTERRE,44:46:53,1043,France,FR,,45-49,H
74266.sebastien.favey,Sebastien FAVEY,44:46:59,1044,France,FR,,40-44,H
74267.sidonie.favey,Sidonie FAVEY,44:47:00,1045,France,FR,,20-34,F
30382.nicolas.faynot,Nicolas FAYNOT,44:47:05,1046,France,FR,,35-39,H
74256.thierry.chapel,Thierry CHAPEL,44:47:07,1047,France,FR,,40-44,H
76161.susanaester.pamos,Susana-Ester PAMOS,44:47:23,1048,Espagne,ES,,35-39,F
13197.bridget.brady,Bridget BRADY,44:47:23,1048,Irlande,IE,,20-34,F
13154.manuel.edomarza,Manuel EDO MARZA,44:47:34,1050,Espagne,ES,,40-44,H
76162.takahara.toru,Takahara TORU,44:48:12,1051,Japon,JP,,45-49,H
6475.pascal.duchesne,Pascal DUCHESNE,44:49:04,1052,France,FR,,45-49,H
6444.gerard.frouin,Gerard FROUIN,44:49:09,1053,France,FR,,50-54,H
76163.patrick.gaudicheau,Patrick GAUDICHEAU,44:49:35,1054,France,FR,,50-54,H
41578.thierry.blondeau,Thierry BLONDEAU,44:50:34,1055,France,FR,,40-44,H
28172.fabrice.perrin,Fabrice PERRIN,44:51:01,1056,France,FR,,40-44,H
6370.philippe.guenot,Philippe GUENOT,44:51:39,1057,France,FR,,45-49,H
24824.luc.valzer,Luc VALZER,44:52:43,1058,France,FR,,55-59,H
24130.david.lastre,David LASTRE,44:54:24,1059,France,FR,,40-44,H
28776.david.clement,David CLEMENT,44:54:29,1060,France,FR,,20-34,H
39617.didier.martin,Didier MARTIN,44:54:56,1061,France,FR,,40-44,H
38010.bertrand.plantin,Bertrand PLANTIN,44:54:56,1061,France,FR,,20-34,H
39803.jerome.michelet,Jerome MICHELET,44:54:57,1063,France,FR,,35-39,H
39824.benoit.gauthier,Benoit GAUTHIER,44:54:57,1063,France,FR,,35-39,H
11416.dominique.gros,Dominique GROS,44:54:57,1063,France,FR,,45-49,H
72702.yannick.dorsand,Yannick DORSAND,44:55:18,1066,France,FR,,40-44,H
76164.lorenzo.benito,Lorenzo BENITO,44:56:17,1067,Espagne,ES,,40-44,H
19998.dominique.hanot,Dominique HANOT,44:56:37,1068,France,FR,,45-49,H
64371.christian.roth,Christian ROTH,44:57:22,1069,France,FR,,45-49,H
340634.hiroshi.onishi,Hiroshi ONISHI,44:57:25,1070,Japon,JP,,45-49,H
7550.fabrice.fayolle,Fabrice FAYOLLE,44:57:39,1071,France,FR,,40-44,H
24723.thierry.schuster,Thierry SCHUSTER,44:57:57,1072,France,FR,,40-44,H
76166.angelluis.traverodriguez,Angel-Luis TRAVE-RODRIGUEZ,44:58:11,1073,Espagne,ES,,45-49,H
74173.antoniojesus.rubiagarcia,Antonio-Jesus RUBIA-GARCIA,44:58:12,1074,Espagne,ES,,40-44,H
76167.robertorodrigo.perez,Roberto-Rodrigo PEREZ,44:58:19,1075,Espagne,ES,,55-59,H
1453085.shinsuke.sato,Shinsuke SATO,44:59:13,1076,Japon,JP,,40-44,H
410378.josep.paretas,Josep PARETAS,44:59:31,1077,Espagne,ES,,35-39,H
40121.yvan.michel,Yvan MICHEL,44:59:38,1078,France,FR,,50-54,H
25135.jeanchristophe.chardigny,Jean-Christophe CHARDIGNY,44:59:40,1079,France,FR,,40-44,H
683637.yasutaka.yoneda,Yasutaka YONEDA,44:59:45,1080,Japon,JP,,35-39,H
49423.eiji.honda,Eiji HONDA,44:59:45,1080,Japon,JP,,40-44,H
76169.yumiko.shimamine,Yumiko SHIMAMINE,44:59:54,1082,Japon,JP,,40-44,F
6888231.kingsley.jones,Kingsley JONES,45:00:06,1083,France,FR,,35-39,H
13076.francisco.perezcoloma,Francisco PEREZ-COLOMA,45:00:20,1084,Espagne,ES,,35-39,H
6479.omelle.pluton,Omelle PLUTON,45:01:47,1085,France,FR,,50-54,F
7734.stephane.boutelant,Stephane BOUTELANT,45:01:51,1086,France,FR,,40-44,H
45518.alexandre.tunik,Alexandre TUNIK,45:02:38,1087,Suisse,CH,,45-49,H
19464.gabriele.arrighi,Gabriele ARRIGHI,45:02:52,1088,Italie,IT,,35-39,H
1237.edouard.lethelier,Edouard LETHELIER,45:03:05,1089,France,FR,,45-49,H
76170.regis.menard,Regis MENARD,45:03:48,1090,France,FR,,40-44,H
1449.philippe.chasserant,Philippe CHASSERANT,45:04:40,1091,France,FR,,45-49,H
45162.josef.gunthner,Josef GÜNTHNER,45:05:40,1092,Autriche,AT,,55-59,H
25079.eric.loewenguth,Eric LOEWENGUTH,45:05:44,1093,France,FR,,50-54,H
10829.eric.bello,Eric BELLO,45:07:57,1094,France,FR,,35-39,H
23867.jeanphilippe.burlet,Jean-Philippe BURLET,45:08:55,1095,France,FR,,35-39,H
74083.regis.baudry,Regis BAUDRY,45:09:11,1096,France,FR,,45-49,H
26740.didier.loiseau,Didier LOISEAU,45:10:28,1097,France,FR,,50-54,H
76171.shane.orourke,Shane O'ROURKE,45:11:03,1098,Irlande,IE,,35-39,H
76172.etienne.scolas,Etienne SCOLAS,45:11:08,1099,Belgique,BE,,20-34,H
76173.william.leahy,William LEAHY,45:11:31,1100,Royaume-Uni,GB,,45-49,H
76174.olivier.depret,Olivier DEPRET,45:11:40,1101,Belgique,BE,,45-49,H
8432.laurent.clemenceau,Laurent CLEMENCEAU,45:11:45,1102,France,FR,,45-49,H
36733.seiichiro.hara,Seiichiro HARA,45:11:50,1103,Japon,JP,,45-49,H
6781.thierry.barbarit,Thierry BARBARIT,45:12:23,1104,France,FR,,45-49,H
76175.derek.morley,Derek MORLEY,45:12:28,1105,Royaume-Uni,GB,,40-44,H
48286.manuel.himmelstoss,Manuel HIMMELSTOSS,45:12:55,1106,Allemagne,DE,,20-34,H
76176.rafael.carmonaherrera,Rafael CARMONA-HERRERA,45:13:12,1107,Espagne,ES,,40-44,H
36868.eisuke.kinoshita,Eisuke KINOSHITA,45:13:32,1108,Japon,JP,,50-54,H
24472.nicolas.amant,Nicolas AMANT,45:14:05,1109,Belgique,BE,,20-34,H
32204.diego.hernandezcastell,Diego HERNANDEZ-CASTELL,45:14:07,1110,Espagne,ES,,45-49,H
32370.anamaria.tenabelles,Ana_Maria TENA-BELLES,45:14:07,1110,Espagne,ES,,45-49,F
19269.antonio.epifanio,Antonio EPIFANIO,45:14:12,1112,Italie,IT,,45-49,H
49481.noriyasu.kato,Noriyasu KATO,45:14:44,1113,Japon,JP,,45-49,H
25072.jerome.meyer,Jerome MEYER,45:15:33,1114,France,FR,,40-44,H
73503.owen.wainhouse,Owen WAINHOUSE,45:16:59,1115,Royaume-Uni,GB,,20-34,H
76177.bernard.peeters,Bernard PEETERS,45:18:28,1116,Belgique,BE,,50-54,H
30636.stefano.baragiotta,Stefano BARAGIOTTA,45:18:37,1117,Italie,IT,,40-44,H
76178.joseluis.juradopozuelo,Jose-Luis JURADO-POZUELO,45:18:44,1118,Espagne,ES,,40-44,H
42119.ian.clarke,Ian CLARKE,45:19:05,1119,Royaume-Uni,GB,,45-49,H
37287.simon.sandoval,Simon SANDOVAL,45:19:06,1120,Philippines,PH,,35-39,H
49319.tomoyo.shibata,Tomoyo SHIBATA,45:19:41,1121,Japon,JP,,20-34,F
76179.ryo.shibata,Ryo SHIBATA,45:19:42,1122,Japon,JP,,40-44,H
28223.stephane.drouin,Stephane DROUIN,45:20:46,1123,France,FR,,35-39,H
76180.ignacio.garciabelenguer,Ignacio GARCIA-BELENGUER,45:20:49,1124,Espagne,ES,,40-44,H
74359.albert.mirettorrens,Albert MIRET TORRENS,45:21:09,1125,Espagne,ES,,45-49,H
6367.richard.althabe,Richard ALTHABE,45:25:20,1126,France,FR,,40-44,H
6583.vincent.moity,Vincent MOITY,45:25:20,1126,France,FR,,50-54,H
27480.thierry.jaguin,Thierry JAGUIN,45:25:36,1128,France,FR,,50-54,H
7539.patrice.arrabieaubies,Patrice ARRABIE-AUBIES,45:33:14,1129,France,FR,,40-44,H
19239.dietrich.klaassen,Dietrich KLAASSEN,45:33:14,1129,Allemagne,DE,,40-44,H
155206.jason.elson,Jason ELSON,45:41:23,1131,Canada,CA,,35-39,H
48580.danila.guida,Danila GUIDA,45:44:12,1132,Italie,IT,,50-54,F
45220.dominique.diffine,Dominique DIFFINE,45:45:38,1133,France,FR,,45-49,H
