runnerUri,fullname,time,rank,nationality,nationalityCode,index,ageGroup,gender
41149.christophe.jaquerod,Christophe JAQUEROD,21:11:07,1,Suisse,CH,,35-39,H
8288.vincent.delebarre,Vincent DELEBARRE,21:25:02,2,France,FR,,35-39,H
12293.marco.olmo,Marco OLMO,21:49:57,3,Italie,IT,,55-59,H
6953.antoine.guillon,Antoine GUILLON,23:45:24,4,France,FR,,35-39,H
40206.guillaume.millet,Guillaume MILLET,23:45:24,4,France,FR,,35-39,H
3796.topher.gaylord,Topher GAYLORD,24:13:47,6,Etats-Unis,US,,35-39,H
77684.francois.quinio,Francois QUINIO,24:16:37,7,France,FR,,20-34,H
23774.eddy.myrtal,Eddy MYRTAL,24:19:24,8,France,FR,,35-39,H
21210.matteo.bertoli,Matteo BERTOLI,24:29:19,9,Italie,IT,,35-39,H
77360.jeanpierre.ernzen,Jean-Pierre ERNZEN,24:43:39,10,Luxembourg,LU,,40-44,H
11658.werner.schweizer,Werner SCHWEIZER,24:50:58,11,Suisse,CH,,65-69,H
7475.patrick.bruni,Patrick BRUNI,24:57:34,12,France,FR,,35-39,H
17275.hiroki.ishikawa,Hiroki ISHIKAWA,25:13:04,13,Japon,JP,,20-34,H
40230.stephane.grivel,Stephane GRIVEL,25:17:39,14,France,FR,,20-34,H
65393.jeanlouis.techer,Jean-Louis TECHER,25:26:54,15,Afghanistan,AF,,40-44,H
40205.michel.cercueil,Michel CERCUEIL,25:29:41,16,France,FR,,20-34,H
77685.frederic.mandra,Frederic MANDRA,25:32:51,17,France,FR,,35-39,H
76946.frederic.durin,Frederic DURIN,26:12:49,18,France,FR,,40-44,H
30325.francois.trecourt,Francois TRECOURT,26:21:05,19,France,FR,,45-49,H
295937.janick.juchereau,Janick JUCHEREAU,26:21:05,20,France,FR,,45-49,H
30484.claudio.cheraz,Claudio CHERAZ,26:47:51,21,Italie,IT,,40-44,H
28579.gilles.rubiloni,Gilles RUBILONI,26:47:51,22,France,FR,,40-44,H
19883.vincent.staub,Vincent STAUB,26:50:24,23,Suisse,CH,,20-34,H
41595.franck.barbier,Franck BARBIER,26:53:51,24,France,FR,,35-39,H
12828.elizabeth.hawker,Elizabeth HAWKER,26:53:51,25,Royaume-Uni,GB,,20-34,F
43726.michel.chifflot,Michel CHIFFLOT,26:55:56,26,France,FR,,35-39,H
10695.jeanmarie.mathian,Jean-Marie MATHIAN,27:11:04,27,France,FR,,40-44,H
41520.simone.kayserdiederich,Simone KAYSER-DIEDERICH,27:13:19,28,Luxembourg,LU,,50-54,F
41519.marc.kayser,Marc KAYSER,27:13:19,29,Luxembourg,LU,,50-54,H
8128.nicolas.darmaillacq,Nicolas DARMAILLACQ,27:16:09,30,France,FR,,20-34,H
19889.pierreandre.maillard,Pierre-Andre MAILLARD,27:28:12,31,Suisse,CH,,40-44,H
41867.didier.delemontez,Didier DELEMONTEZ,27:28:12,32,France,FR,,45-49,H
72559.olivier.dubreuil,Olivier DUBREUIL,27:38:20,33,France,FR,,35-39,H
48818.silvio.bertone,Silvio BERTONE,27:40:11,34,Italie,IT,,35-39,H
77686.jeanclaude.carel,Jean-Claude CAREL,27:40:11,35,France,FR,,35-39,H
8295.laurent.tissot,Laurent TISSOT,27:40:11,36,France,FR,,35-39,H
41486.bruno.poirier,Bruno POIRIER,27:42:42,37,France,FR,,40-44,H
77687.eric.lenoir,Eric LENOIR,27:59:44,38,France,FR,,35-39,H
7064.daniel.bauer,Daniel BAUER,28:01:36,39,France,FR,,35-39,H
41150.bernard.godon,Bernard GODON,28:01:36,40,Belgique,BE,,35-39,H
77688.stephen.watts,Stephen WATTS,28:03:02,41,Royaume-Uni,GB,,20-34,H
20189.michel.poletti,Michel POLETTI,28:09:26,42,France,FR,,50-54,H
42521.luc.bouday,Luc BOUDAY,28:13:10,43,France,FR,,50-54,H
41601.simone.musazzi,Simone MUSAZZI,28:28:36,44,Italie,IT,,35-39,H
10279.mauro.saroglia,Mauro SAROGLIA,28:28:36,45,Italie,IT,,40-44,H
20478.daniel.glardon,Daniel GLARDON,28:43:19,46,Suisse,CH,,45-49,H
77689.jeanmarc.culota,Jean-Marc CULOTA,28:55:09,47,France,FR,,45-49,H
19884.michael.misteli,Michael MISTELI,28:59:17,48,Suisse,CH,,40-44,H
10732.jeanluc.pigeault,Jean-Luc PIGEAULT,29:08:26,49,France,FR,,45-49,H
33310.alberto.motta,Alberto MOTTA,29:08:26,50,Italie,IT,,45-49,H
688934.thierry.pommier,Thierry POMMIER,29:08:26,51,France,FR,,35-39,H
43839.johann.greboval,Johann GREBOVAL,29:08:26,52,France,FR,,35-39,H
70353.georg.weiss,Georg WEISS,29:17:33,53,Allemagne,DE,,40-44,H
23922.jeanhugues.vos,Jean-Hugues VOS,29:31:47,54,France,FR,,35-39,H
8323.noel.vandenbussche,Noel VANDENBUSSCHE,29:46:02,55,France,FR,,45-49,H
76685.raymond.rebischung,Raymond REBISCHUNG,29:47:47,56,France,FR,,55-59,H
77690.philippe.naras,Philippe NARAS,29:47:47,57,France,FR,,35-39,H
77691.andre.latorre,Andre LATORRE,29:49:49,58,France,FR,,80+,H
77692.michel.simon,Michel SIMON,29:49:49,59,France,FR,,45-49,H
8348.xavier.jourdheuil,Xavier JOURDHEUIL,29:51:58,60,France,FR,,45-49,H
10774.patrice.berguerand,Patrice BERGUERAND,29:52:35,61,France,FR,,40-44,H
48556.marco.vagliasindi,Marco VAGLIASINDI,29:52:47,62,Italie,IT,,20-34,H
77693.pete.holton,Pete HOLTON,29:55:47,63,Royaume-Uni,GB,,35-39,H
30307.florent.barbier,Florent BARBIER,29:57:04,64,France,FR,,45-49,H
12849.lionel.planes,Lionel PLANES,30:17:50,65,France,FR,,20-34,H
37672.stephane.lestrade,Stephane LESTRADE,30:20:28,66,France,FR,,20-34,H
41859.denis.bossonney,Denis BOSSONNEY,30:20:44,67,France,FR,,40-44,H
41152.alain.steeman,Alain STEEMAN,30:22:42,68,Belgique,BE,,20-34,H
41856.jeanfrancois.hudry,Jean-Francois HUDRY,30:29:31,69,France,FR,,40-44,H
19048.ernesto.sicurelli,Ernesto SICURELLI,30:30:55,70,Suisse,CH,,55-59,H
43038.alain.amiel,Alain AMIEL,30:36:05,71,France,FR,,55-59,H
8700.gerard.blanc,Gerard BLANC,30:36:05,72,France,FR,,40-44,H
76673.olivier.lafforgue,Olivier LAFFORGUE,30:37:44,73,France,FR,,35-39,H
42493.pascal.dupenloup,Pascal DUPENLOUP,30:41:40,74,France,FR,,20-34,H
41481.dominique.tondini,Dominique TONDINI,30:48:59,75,France,FR,,35-39,H
19893.christophe.delattre,Christophe DE LATTRE,30:48:59,76,Suisse,CH,,40-44,H
6958.olivier.vancassel,Olivier VANCASSEL,30:53:52,77,France,FR,,20-34,H
2590.eric.pineau,Eric PINEAU,30:56:23,78,France,FR,,40-44,H
2707.jez.bragg,Jez BRAGG,30:57:48,79,Royaume-Uni,GB,,20-34,H
7870.dominique.meynadier,Dominique MEYNADIER,30:57:48,80,France,FR,,40-44,H
6319.patrice.gibaud,Patrice GIBAUD,30:57:48,81,France,FR,,40-44,H
11479.olivier.chacornac,Olivier CHACORNAC,30:57:48,82,France,FR,,20-34,H
77372.reinhard.gallovits,Reinhard GALLOVITS,30:59:37,83,Autriche,AT,,35-39,H
26259.pascal.martin,Pascal MARTIN,31:07:42,84,France,FR,,20-34,H
41971.thomas.colleter,Thomas COLLETER,31:07:42,85,France,FR,,20-34,H
77695.jacques.gaymay,Jacques GAYMAY,31:22:53,86,France,FR,,50-54,H
76947.vincent.grimmiaux,Vincent GRIMMIAUX,31:23:23,87,Belgique,BE,,20-34,H
41429.louis.flohic,Louis FLOHIC,31:23:52,88,France,FR,,50-54,H
33407.patrice.baud,Patrice BAUD,31:23:52,89,France,FR,,35-39,H
11338.stephane.granonradet,Stephane GRANON-RADET,31:23:52,90,France,FR,,35-39,H
26511.emmanuel.jezo,Emmanuel JEZO,31:26:12,91,France,FR,,20-34,H
6992.sylvain.morinoros,Sylvain MORINO-ROS,31:26:12,92,France,FR,,40-44,H
30351.olivier.coudurier,Olivier COUDURIER,31:38:33,93,France,FR,,20-34,H
28659.rene.jeannin,Rene JEANNIN,31:42:58,94,France,FR,,50-54,H
41613.jeanpierre.ughetto,Jean-Pierre UGHETTO,31:46:29,95,France,FR,,45-49,H
986097.nicolas.desplanches,Nicolas DESPLANCHES,31:55:57,96,France,FR,,35-39,H
33300.luc.desplanches,Luc DESPLANCHES,31:55:57,97,France,FR,,35-39,H
8154.pierre.horeau,Pierre HOREAU,32:02:04,98,France,FR,,20-34,H
77696.bruno.olivier,Bruno OLIVIER,32:02:04,99,France,FR,,45-49,H
28644.patrick.balizet,Patrick BALIZET,32:02:04,100,France,FR,,45-49,H
41614.eric.feminier,Eric FEMINIER,32:02:48,101,France,FR,,40-44,H
77419.marco.zaffaroni,Marco ZAFFARONI,32:09:58,102,Italie,IT,,40-44,H
72561.jeanluc.doignon,Jean-Luc DOIGNON,32:11:23,103,France,FR,,50-54,H
41531.vincent.michel,Vincent MICHEL,32:15:09,104,France,FR,,40-44,H
6289.mathieu.motsch,Mathieu MOTSCH,32:15:09,105,France,FR,,20-34,H
8171.frank.marmolle,Frank MARMOLLE,32:16:32,106,France,FR,,20-34,H
77697.walther.wessiak,Walther WESSIAK,32:16:45,107,Autriche,AT,,60-64,H
41294.yann.prigent,Yann PRIGENT,32:22:15,108,France,FR,,35-39,H
7806.maurice.chenais,Maurice CHENAIS,32:22:15,109,France,FR,,55-59,H
33474.magali.juvenal,Magali JUVENAL,32:22:57,110,France,FR,,20-34,F
24417.remy.marcel,Remy MARCEL,32:26:56,111,France,FR,,20-34,H
76689.erwin.thur,Erwin THUR,32:26:56,112,Suisse,CH,,55-59,H
77698.miroslav.hanke,Miroslav HANKE,32:26:56,113,République tchèque,CZ,,50-54,H
76994.christophe.chenet,Christophe CHENET,32:32:16,114,France,FR,,80+,H
77699.carlo.coscelli,Carlo COSCELLI,32:35:18,115,Italie,IT,,40-44,H
77700.jeanpierre.teissier,Jean-Pierre TEISSIER,32:37:01,116,France,FR,,50-54,H
77365.herve.faivre,Herve FAIVRE,32:38:18,117,France,FR,,35-39,H
8161.francois.ancey,Francois ANCEY,32:38:18,118,France,FR,,40-44,H
28590.cedric.mustiere,Cedric MUSTIERE,32:38:18,119,France,FR,,20-34,H
74976.sandrine.faivre,Sandrine FAIVRE,32:38:18,120,France,FR,,20-34,F
72383.christine.diaquechangeat,Christine DIAQUE-CHANGEAT,32:39:19,121,Suisse,CH,,40-44,F
33370.jeanbernard.fargeas,Jean-Bernard FARGEAS,32:40:02,122,France,FR,,50-54,H
6292.philippe.claret,Philippe CLARET,32:41:02,123,France,FR,,40-44,H
77701.christian.delalay,Christian DELALAY,32:42:14,124,Suisse,CH,,40-44,H
8152.josephginot.nativel,Joseph-Ginot NATIVEL,32:42:25,125,France,FR,,45-49,H
77702.serge.monnier,Serge MONNIER,32:44:46,126,France,FR,,40-44,H
6822137.stephane.bruand,Stéphane BRUAND,32:45:10,127,France,FR,,40-44,H
70358.johan.bogaert,Johan BOGAERT,32:45:10,128,Belgique,BE,,40-44,H
7310.jeannoel.ferry,Jean-Noel FERRY,32:45:10,129,France,FR,,20-34,H
7490.geraldine.leroy,Geraldine LEROY,32:54:57,130,France,FR,,20-34,F
11506.didier.fion,Didier FION,32:54:57,131,France,FR,,45-49,H
77378.julian.brown,Julian BROWN,32:56:42,132,Royaume-Uni,GB,,40-44,H
126.philippe.treuil,Philippe TREUIL,33:01:25,133,France,FR,,40-44,H
23896.philippe.chesnoy,Philippe CHESNOY,33:01:25,134,France,FR,,50-54,H
77703.gavin.booth,Gavin BOOTH,33:03:25,135,Royaume-Uni,GB,,20-34,H
26678.pierre.seigneurin,Pierre SEIGNEURIN,33:03:45,136,France,FR,,45-49,H
76066.ignace.matthys,Ignace MATTHYS,33:05:18,137,Belgique,BE,,45-49,H
77704.pascal.decombe,Pascal DECOMBE,33:07:49,138,France,FR,,40-44,H
77705.jeanluc.dierx,Jean-Luc DIERX,33:07:49,139,France,FR,,45-49,H
8097.claude.lopez,Claude LOPEZ,33:12:18,140,France,FR,,40-44,H
20733.patrick.lugon,Patrick LUGON,33:19:06,141,Suisse,CH,,45-49,H
76972.philippe.bondaz,Philippe BONDAZ,33:19:20,142,France,FR,,45-49,H
77670.hubert.dubouloz,Hubert DUBOULOZ,33:19:20,143,France,FR,,55-59,H
28133.bernard.evreux,Bernard EVREUX,33:19:20,144,France,FR,,45-49,H
20117.renato.carniato,Renato CARNIATO,33:20:25,145,France,FR,,50-54,H
20083.pascal.bourquin,Pascal BOURQUIN,33:23:48,146,Suisse,CH,,35-39,H
19903.jacques.schaller,Jacques SCHALLER,33:24:25,147,Suisse,CH,,45-49,H
19031.stefan.mair,Stefan MAIR,33:29:50,148,Autriche,AT,,35-39,H
61426.gerhard.eggenreich,Gerhard EGGENREICH,33:29:50,149,Autriche,AT,,40-44,H
29988.jeanclaude.letellier,Jean-Claude LETELLIER,33:32:34,150,France,FR,,20-34,H
77706.jeanpierre.boutigny,Jean-Pierre BOUTIGNY,33:35:27,151,France,FR,,50-54,H
42666.christophe.betschen,Christophe BETSCHEN,33:41:51,152,France,FR,,40-44,H
6982.renaud.granon,Renaud GRANON,33:42:34,153,France,FR,,20-34,H
77707.jeanpierre.blanc,Jean-Pierre BLANC,33:42:38,154,France,FR,,40-44,H
77708.thierry.penay,Thierry PENAY,33:43:26,155,Belgique,BE,,20-34,H
27920.fabrice.etienne,Fabrice ETIENNE,33:44:20,156,Belgique,BE,,35-39,H
76971.jeanmarc.paganelli,Jean-Marc PAGANELLI,33:46:03,157,France,FR,,50-54,H
42787.jeanmarc.dossot,Jean-Marc DOSSOT,33:47:08,158,France,FR,,45-49,H
41963.yvon.allard,Yvon ALLARD,33:47:55,159,France,FR,,40-44,H
19957.yan.balduchelli,Yan BALDUCHELLI,33:54:34,160,Suisse,CH,,20-34,H
30296.christian.chevalier,Christian CHEVALIER,33:55:04,161,France,FR,,40-44,H
47493.maria.brassel,Maria BRASSEL,33:55:37,162,Suisse,CH,,45-49,F
76530.josette.mathieu,Josette MATHIEU,33:56:25,163,France,FR,,60-64,F
77157.pierre.gagniere,Pierre GAGNIERE,33:58:54,164,France,FR,,50-54,H
42858.denis.cuinet,Denis CUINET,33:58:57,165,France,FR,,50-54,H
41627.pascal.caquet,Pascal CAQUET,34:02:27,166,France,FR,,45-49,H
77709.serban.chiurlea,Serban CHIURLEA,34:06:03,167,Roumanie,RO,,80+,H
20005.martin.wagen,Martin WAGEN,34:06:06,168,Suisse,CH,,35-39,H
39481.jan.hayon,Jan HAYON,34:06:33,169,France,FR,,40-44,H
3756.ludovic.frattini,Ludovic FRATTINI,34:09:33,170,France,FR,,20-34,H
77710.christophe.bouget,Christophe BOUGET,34:09:33,171,France,FR,,40-44,H
534.bruno.legrand,Bruno LEGRAND,34:09:33,172,France,FR,,40-44,H
41488.yvan.cahu,Yvan CAHU,34:09:33,173,France,FR,,35-39,H
12344.gorka.zabalalorono,Gorka ZABALA-LORONO,34:09:33,174,Espagne,ES,,80+,H
77711.philippe.laborde,Philippe LABORDE,34:09:33,175,France,FR,,80+,H
41645.yves.detry,Yves DETRY,34:09:33,176,France,FR,,55-59,H
41644.michele.baladi,Michele BALADI,34:09:33,177,France,FR,,45-49,F
48497.pierre.savary,Pierre SAVARY,34:09:33,178,Suisse,CH,,50-54,H
77712.ton.peters,Ton PETERS,34:19:07,179,Pays-Bas,NL,,50-54,H
26305.thierry.viguier,Thierry VIGUIER,34:19:49,180,France,FR,,45-49,H
6451.albin.currat,Albin CURRAT,34:20:55,181,Suisse,CH,,50-54,H
42713.jerome.travers,Jerome TRAVERS,34:24:41,182,France,FR,,20-34,H
25226.jacques.sturm,Jacques STURM,34:25:38,183,France,FR,,20-34,H
5757857.prigent.loic,Prigent LOÏC,34:27:15,184,France,FR,,20-34,H
77400.dominique.peretti,Dominique PERETTI,34:27:19,185,France,FR,,50-54,H
77434.claude.fromenteau,Claude FROMENTEAU,34:32:22,186,France,FR,,80+,H
77443.herve.pardailhegalabrun,Herve PARDAILHE-GALABRUN,34:32:25,187,France,FR,,20-34,H
77714.henry.sotton,Henry SOTTON,34:33:03,188,France,FR,,40-44,H
43597.geert.demeulder,Geert DE MEULDER,34:33:04,189,Belgique,BE,,40-44,H
76525.daniel.martin,Daniel MARTIN,34:33:04,190,France,FR,,40-44,H
77001.francoisdominique.sanmarti,Francois-Dominique SAN MARTI,34:34:56,191,France,FR,,45-49,H
77715.luc.stoffel,Luc STOFFEL,34:42:06,192,Luxembourg,LU,,40-44,H
26937.michel.lemao,Michel LE MAO,34:42:10,193,France,FR,,50-54,H
77716.jesus.reciovicente,Jesus RECIO-VICENTE,34:44:35,194,Espagne,ES,,45-49,H
77717.luispedro.arizanavarro,Luis-Pedro ARIZA-NAVARRO,34:44:42,195,Espagne,ES,,80+,H
77718.ramiro.dominguez,Ramiro DOMINGUEZ,34:44:42,196,Espagne,ES,,80+,H
21025.valentino.mattone,Valentino MATTONE,34:44:57,197,Italie,IT,,55-59,H
77719.eric.delcour,Eric DELCOUR,34:50:29,198,France,FR,,40-44,H
43647.corinne.lemoign,Corinne LE MOIGN,34:51:58,199,France,FR,,35-39,F
72844.henrico.victoire,Henrico VICTOIRE,34:52:02,200,France,FR,,35-39,H
77720.francois.contau,Francois CONTAU,34:52:02,201,France,FR,,80+,H
77721.pascal.mussard,Pascal MUSSARD,34:52:02,202,France,FR,,45-49,H
72455.denis.jorat,Denis JORAT,34:53:49,203,France,FR,,45-49,H
11308.eric.richon,Eric RICHON,34:53:49,204,France,FR,,20-34,H
77722.dominique.duval,Dominique DUVAL,34:53:49,205,France,FR,,50-54,F
6701.bernard.ginetti,Bernard GINETTI,34:54:05,206,Belgique,BE,,40-44,H
39003.patrick.brosset,Patrick BROSSET,34:54:05,207,France,FR,,45-49,H
6008.jeanpierre.chirol,Jean-Pierre CHIROL,34:54:05,208,France,FR,,45-49,H
41430.christian.poisson,Christian POISSON,34:54:05,209,France,FR,,45-49,H
76793.patrick.louvel,Patrick LOUVEL,34:58:02,210,France,FR,,45-49,H
10277.pierre.ceaglio,Pierre CEAGLIO,35:00:51,211,France,FR,,20-34,H
7665.jeanmichel.castin,Jean-Michel CASTIN,35:00:51,212,France,FR,,45-49,H
30448.james.linder,James LINDER,35:02:50,213,Suisse,CH,,40-44,H
41620.emmanuel.petit,Emmanuel PETIT,35:02:50,214,France,FR,,35-39,H
226.jeanpaul.couturier,Jean-Paul COUTURIER,35:02:50,215,France,FR,,40-44,H
20228.guy.formaz,Guy FORMAZ,35:06:52,216,Suisse,CH,,65-69,H
77432.matthieu.delachat,Matthieu DELACHAT,35:07:29,217,France,FR,,35-39,H
77723.frank.klaka,Frank KLAKA,35:07:55,218,Allemagne,DE,,40-44,H
52238.amanda.calvert,Amanda CALVERT,35:12:10,219,Royaume-Uni,GB,,40-44,F
3060823.stephane.benayoun,Stephane BENAYOUN,35:14:30,220,Australie,AU,,35-39,H
19921.jeanclaude.richard,Jean-Claude RICHARD,35:14:30,221,Suisse,CH,,60-64,H
30339.michel.espitallier,Michel ESPITALLIER,35:17:02,222,France,FR,,45-49,H
30367.marc.desbordes,Marc DESBORDES,35:17:02,223,France,FR,,40-44,H
60020.zvonko.mezga,Zvonko MEZGA,35:20:09,224,Slovénie,SI,,50-54,H
76768.guy.moreau,Guy MOREAU,35:20:09,225,France,FR,,60-64,H
25059.bernard.balizet,Bernard BALIZET,35:21:51,226,France,FR,,50-54,H
77724.jeanphilippe.berthelot,Jean-Philippe BERTHELOT,35:24:09,227,France,FR,,35-39,H
77725.rene.fosset,Rene FOSSET,35:26:21,228,France,FR,,40-44,H
8170.jeanmarc.pelbois,Jean-Marc PELBOIS,35:26:21,229,France,FR,,20-34,H
77726.michel.monjol,Michel MONJOL,35:28:20,230,France,FR,,55-59,H
41532.jeanyves.ruchon,Jean-Yves RUCHON,35:28:20,231,France,FR,,45-49,H
77402.dominique.prevot,Dominique PREVOT,35:30:41,232,France,FR,,45-49,H
77010.julien.pansiot,Julien PANSIOT,35:31:37,233,France,FR,,20-34,H
26503.eric.boucher,Eric BOUCHER,35:38:26,234,France,FR,,35-39,H
351.robert.charvin,Robert CHARVIN,35:39:48,235,France,FR,,50-54,H
77727.serge.girard,Serge GIRARD,35:47:56,236,France,FR,,50-54,H
47496.rainer.riehm,Rainer RIEHM,35:48:35,237,Allemagne,DE,,40-44,H
77380.pascal.brasselet,Pascal BRASSELET,35:48:35,238,France,FR,,35-39,H
77430.etienne.brasselet,Etienne BRASSELET,35:48:35,239,France,FR,,20-34,H
41517.patrick.germain,Patrick GERMAIN,35:51:10,240,France,FR,,45-49,H
11304.cyril.beraudviard,Cyril BERAUD-VIARD,35:51:10,241,France,FR,,35-39,H
74758.ramon.comasbaroy,Ramon COMAS-BAROY,35:51:26,242,Espagne,ES,,45-49,H
77728.xavier.arandasanchez,Xavier ARANDA-SANCHEZ,35:51:26,243,Espagne,ES,,35-39,H
77729.gilles.arnos,Gilles ARNOS,36:05:51,244,France,FR,,50-54,H
76684.julien.jalabert,Julien JALABERT,36:05:59,245,France,FR,,80+,H
42543.jeannoel.clementberthet,Jean-Noel CLEMENT-BERTHET,36:07:19,246,France,FR,,50-54,H
77730.gerard.carreau,Gerard CARREAU,36:07:19,247,France,FR,,45-49,H
41987.marc.verilhac,Marc VERILHAC,36:07:19,248,France,FR,,45-49,H
42103.ginou.duclos,Ginou DUCLOS,36:07:19,249,France,FR,,55-59,F
19058.martina.juda,Martina JUDA,36:11:39,250,République tchèque,CZ,,20-34,F
767548.thierry.tabareau,Thierry TABAREAU,36:11:39,251,France,FR,,45-49,H
77731.lionel.lattard,Lionel LATTARD,36:11:39,252,France,FR,,45-49,H
77732.herve.chiraux,Herve CHIRAUX,36:14:32,253,France,FR,,50-54,H
77733.denis.dupoirieux,Denis DUPOIRIEUX,36:14:32,254,France,FR,,50-54,H
42523.cecile.blanchard,Cecile BLANCHARD,36:15:29,255,France,FR,,20-34,F
42512.didier.mabboux,Didier MABBOUX,36:15:29,256,France,FR,,45-49,H
1242809.fredrik.olmqvist,Fredrik OLMQVIST,36:22:49,257,Suède,SE,,35-39,H
25461.pascal.hagenbach,Pascal HAGENBACH,36:22:49,258,France,FR,,40-44,H
33298.sylvain.delepine,Sylvain DELEPINE,36:23:49,259,France,FR,,20-34,H
77734.bertrand.albert,Bertrand ALBERT,36:23:49,260,France,FR,,20-34,H
40476.bernard.fabre,Bernard FABRE,36:23:49,261,France,FR,,45-49,H
41658.daniel.ferri,Daniel FERRI,36:28:46,262,France,FR,,50-54,H
75018.marguerite.hoarau,Marguerite HOARAU,36:29:42,263,France,FR,,40-44,F
30006.eric.duforest,Eric DUFOREST,36:29:42,264,France,FR,,35-39,H
77735.jerome.ossard,Jerome OSSARD,36:30:23,265,France,FR,,35-39,H
26561.demetrio.fernandez,Demetrio FERNANDEZ,36:30:23,266,France,FR,,40-44,H
77736.robert.ceaglio,Robert CEAGLIO,36:30:23,267,France,FR,,55-59,H
77737.thierry.fonteix,Thierry FONTEIX,36:30:23,268,France,FR,,35-39,H
76936.christophe.roques,Christophe ROQUES,36:30:23,269,France,FR,,20-34,H
77738.nathalie.michel,Nathalie MICHEL,36:32:13,270,France,FR,,35-39,F
77739.tristan.bouvard,Tristan BOUVARD,36:32:47,271,France,FR,,45-49,H
77503.jeanmichel.lavoine,Jean-Michel LAVOINE,36:34:28,272,France,FR,,45-49,H
76783.thierry.escoffier,Thierry ESCOFFIER,36:37:51,273,France,FR,,45-49,H
353.eric.bouisset,Eric BOUISSET,36:40:54,274,France,FR,,50-54,H
10643.laurent.poirier,Laurent POIRIER,36:42:13,275,France,FR,,35-39,H
77740.vincent.burtin,Vincent BURTIN,36:42:13,276,France,FR,,80+,H
19918.ludwig.brunner,Ludwig BRUNNER,36:44:30,277,Italie,IT,,40-44,H
77741.laurent.tauleigne,Laurent TAULEIGNE,36:48:15,278,France,FR,,40-44,H
76706.stephane.halbaut,Stephane HALBAUT,36:54:51,279,France,FR,,40-44,H
41689.annececile.fontaine,Anne-Cecile FONTAINE,36:54:51,280,France,FR,,20-34,F
77742.marc.perier,Marc PERIER,36:54:57,281,France,FR,,50-54,H
74388.alain.dauch,Alain DAUCH,36:54:57,282,France,FR,,55-59,H
39532.pierreyves.thebault,Pierre-Yves THEBAULT,36:54:57,283,France,FR,,40-44,H
77743.guy.wagner,Guy WAGNER,36:55:15,284,Luxembourg,LU,,40-44,H
46768.yves.marson,Yves MARSON,36:55:15,285,Luxembourg,LU,,35-39,H
77744.serge.schmitz,Serge SCHMITZ,36:55:15,286,Luxembourg,LU,,20-34,H
41512.alain.tran,Alain TRAN,36:55:39,287,France,FR,,50-54,H
7015.jeanyves.even,Jean-Yves EVEN,36:55:56,288,France,FR,,45-49,H
77745.emmanuel.prin,Emmanuel PRIN,36:55:56,289,France,FR,,35-39,H
77149.katell.corne,Katell CORNE,36:56:19,290,France,FR,,35-39,F
28265.daniel.bossant,Daniel BOSSANT,36:56:19,291,France,FR,,40-44,H
77746.patrick.chamagne,Patrick CHAMAGNE,36:57:01,292,France,FR,,80+,H
77396.philippe.garzon,Philippe GARZON,36:57:01,293,France,FR,,40-44,H
76449.christophe.mathevet,Christophe MATHEVET,36:57:01,294,France,FR,,40-44,H
42274.jeanluc.richeux,Jean-Luc RICHEUX,36:57:01,295,France,FR,,40-44,H
42866.michel.brochet,Michel BROCHET,36:57:01,296,France,FR,,55-59,H
77747.jeanchristian.dijoux,Jean-Christian DIJOUX,37:01:58,297,France,FR,,80+,H
77748.robert.sewell,Robert SEWELL,37:02:14,298,Royaume-Uni,GB,,50-54,H
76967.pelayo.gonzalezalonso,Pelayo GONZALEZ-ALONSO,37:02:52,299,Espagne,ES,,80+,H
76303.gerard.finistre,Gerard FINISTRE,37:03:28,300,France,FR,,55-59,H
77749.thomas.darnis,Thomas DARNIS,37:09:56,301,France,FR,,20-34,H
76489.fredy.lehmann,Fredy LEHMANN,37:10:49,302,France,FR,,45-49,H
28220.serge.bellenoue,Serge BELLENOUE,37:10:49,303,France,FR,,55-59,H
30318.claude.rama,Claude RAMA,37:16:33,304,France,FR,,45-49,H
11569.maxime.gioe,Maxime GIOE,37:16:33,305,France,FR,,40-44,H
77425.jeanmarc.gruffaz,Jean-Marc GRUFFAZ,37:16:33,306,France,FR,,50-54,H
24576.jeanpierre.mengel,Jean-Pierre MENGEL,37:22:09,307,France,FR,,35-39,H
28166.jeanfrancois.linotte,Jean-Francois LINOTTE,37:25:46,308,France,FR,,45-49,H
28180.patrick.gunsett,Patrick GUNSETT,37:25:46,309,France,FR,,40-44,H
77073.frederic.touffet,Frederic TOUFFET,37:25:46,310,France,FR,,40-44,H
6502.alain.lacroix,Alain LACROIX,37:27:38,311,France,FR,,40-44,H
77399.stephane.patalier,Stephane PATALIER,37:27:38,312,France,FR,,35-39,H
11150.daniel.duclos,Daniel DUCLOS,37:29:02,313,France,FR,,50-54,H
41476.christophe.brebant,Christophe BREBANT,37:31:52,314,France,FR,,45-49,H
77750.sebastien.fiastre,Sebastien FIASTRE,37:32:36,315,France,FR,,35-39,H
10964.gilbert.codet,Gilbert CODET,37:32:36,316,France,FR,,55-59,H
77751.markus.gajer,Markus GAJER,37:33:07,317,Allemagne,DE,,20-34,H
55312.dimitrios.venetikidis,Dimitrios VENETIKIDIS,37:33:22,318,Grèce,GR,,45-49,H
77752.lazaros.rigos,Lazaros RIGOS,37:33:22,319,Grèce,GR,,40-44,H
20543.stephane.galeazzi,Stephane GALEAZZI,37:35:17,320,France,FR,,40-44,H
77753.michel.espach,Michel ESPACH,37:36:35,321,France,FR,,45-49,H
77413.richard.ravaux,Richard RAVAUX,37:37:57,322,France,FR,,20-34,H
10591.marc.sebban,Marc SEBBAN,37:37:57,323,France,FR,,45-49,H
41665.jeanpierre.noiry,Jean-Pierre NOIRY,37:37:57,324,France,FR,,50-54,H
6449.jeanpaul.descuves,Jean-Paul DESCUVES,37:38:21,325,Suisse,CH,,40-44,H
77754.louis.tygielski,Louis TYGIELSKI,37:40:08,326,France,FR,,50-54,H
77755.marc.barberet,Marc BARBERET,37:40:25,327,France,FR,,55-59,H
12932.norbert.kathan,Norbert KATHAN,37:41:35,328,Autriche,AT,,45-49,H
57686.dominique.aru,Dominique ARU,37:46:02,329,France,FR,,45-49,H
77756.pascal.reix,Pascal REIX,37:46:43,330,France,FR,,45-49,H
76431.christophe.dedouche,Christophe DEDOUCHE,37:47:15,331,France,FR,,80+,H
77088.yves.jaunard,Yves JAUNARD,37:48:32,332,Belgique,BE,,40-44,H
77757.gilles.leon,Gilles LEON,37:52:28,333,France,FR,,80+,H
41393.pascal.vanderveken,Pascal VAN DER VEKEN,37:54:05,334,Belgique,BE,,35-39,H
77116.franck.viandier,Franck VIANDIER,37:55:53,335,France,FR,,80+,H
76823.jeanpierre.lelong,Jean-Pierre LELONG,37:55:53,336,France,FR,,50-54,H
77758.olivier.poirot,Olivier POIROT,37:59:44,337,France,FR,,40-44,H
44231.tristan.guyonlebouffy,Tristan GUYON-LE BOUFFY,37:59:44,338,France,FR,,50-54,H
41687.philippe.pressacco,Philippe PRESSACCO,38:00:21,339,France,FR,,50-54,H
77759.eric.ciaurrizhapette,Eric CIAURRIZ-HAPETTE,38:01:07,340,France,FR,,40-44,H
77760.stephane.legrasbernats,Stephane LEGRAS-BERNATS,38:01:07,341,France,FR,,35-39,H
41622.michel.ormat,Michel ORMAT,38:01:07,342,France,FR,,35-39,H
77761.pierre.noble,Pierre NOBLE,38:01:07,343,France,FR,,20-34,H
76688.rene.usandisagadartaguie,Rene USANDISAGA-DARTAGUIE,38:01:07,344,France,FR,,40-44,H
42996.patrick.jarret,Patrick JARRET,38:04:12,345,France,FR,,20-34,H
77762.marc.andrieux,Marc ANDRIEUX,38:04:12,346,France,FR,,45-49,H
7070.emmanuel.orgaer,Emmanuel ORGAER,38:06:57,347,France,FR,,45-49,H
77763.juanjose.carvajalperez,Juan-Jose CARVAJAL-PEREZ,38:08:15,348,Espagne,ES,,45-49,H
77484.manuel.dominguezluzon,Manuel DOMINGUEZ-LUZON,38:08:15,349,Espagne,ES,,40-44,H
41322.dominique.reynaud,Dominique REYNAUD,38:09:39,350,France,FR,,45-49,H
77764.dominique.tolle,Dominique TOLLE,38:10:33,351,France,FR,,50-54,H
77137.marc.vaidis,Marc VAIDIS,38:11:38,352,France,FR,,60-64,H
77765.thierry.torres,Thierry TORRES,38:12:00,353,France,FR,,35-39,H
77766.jean.buc,Jean BUC,38:14:52,354,France,FR,,55-59,H
9211.patrick.marquet,Patrick MARQUET,38:14:52,355,France,FR,,50-54,H
7627.jeanpierre.cleva,Jean-Pierre CLEVA,38:14:52,356,France,FR,,40-44,H
10809.jeanchristophe.berrard,Jean Christophe BERRARD,38:15:56,357,France,FR,,40-44,H
77767.ranulph.fiennes,Ranulph FIENNES,38:16:35,358,Royaume-Uni,GB,,60-64,H
37962.jean.goreau,Jean GOREAU,38:18:23,359,France,FR,,60-64,H
77768.pascal.pignaud,Pascal PIGNAUD,38:18:23,360,France,FR,,40-44,H
40515.denis.renou,Denis RENOU,38:19:08,361,France,FR,,40-44,H
40637.gilbert.sermetmagdelain,Gilbert SERMET-MAGDELAIN,38:19:08,362,France,FR,,55-59,H
,Anonymous,38:19:29,363,France,FR,,35-39,H
41872.christophe.guillon,Christophe GUILLON,38:21:53,364,France,FR,,20-34,H
8730.jeanclaude.porte,Jean-Claude PORTE,38:21:56,365,France,FR,,45-49,H
77770.nicolas.mourey,Nicolas MOUREY,38:26:48,366,France,FR,,20-34,H
41631.jean.zapata,Jean ZAPATA,38:29:11,367,Espagne,ES,,45-49,H
40580.gregory.piron,Gregory PIRON,38:30:33,368,France,FR,,20-34,H
77080.herve.testeil,Herve TESTEIL,38:30:33,369,France,FR,,20-34,H
77771.alain.rabaud,Alain RABAUD,38:30:33,370,France,FR,,45-49,H
24961.nina.breith,Nina BREITH,38:31:16,371,Allemagne,DE,,40-44,F
70246.eberhard.frixe,Eberhard FRIXE,38:31:16,372,Allemagne,DE,,55-59,H
74740.philippe.stiefbold,Philippe STIEFBOLD,38:31:16,373,France,FR,,40-44,H
77453.niall.oconnor,Niall O CONNOR,38:31:51,374,Irlande,IE,,20-34,H
51239.alan.lucker,Alan LUCKER,38:31:51,375,Royaume-Uni,GB,,20-34,H
44689.louis.delaunay,Louis DELAUNAY,38:32:07,376,France,FR,,45-49,H
77772.martyn.greaves,Martyn GREAVES,38:32:39,377,Royaume-Uni,GB,,45-49,H
19997.michel.grimm,Michel GRIMM,38:33:54,378,Suisse,CH,,40-44,H
77773.desiree.grimm,Desiree GRIMM,38:33:54,379,Suisse,CH,,45-49,F
69691.herbert.machleit,Herbert MACHLEIT,38:37:56,380,Allemagne,DE,,50-54,H
24805.bruno.libert,Bruno LIBERT,38:38:19,381,France,FR,,20-34,H
24812.david.guinand,David GUINAND,38:38:19,382,France,FR,,20-34,H
24700.serge.delomenie,Serge DELOMENIE,38:38:19,383,France,FR,,45-49,H
307882.cristian.chiurlea,Cristian CHIURLEA,38:38:38,384,Roumanie,RO,,65-69,H
7035.marc.bourdonneau,Marc BOURDONNEAU,38:38:47,385,France,FR,,20-34,H
69895.mark.smyth,Mark SMYTH,38:40:51,386,Royaume-Uni,GB,,35-39,H
77774.thomas.gloor,Thomas GLOOR,38:41:27,387,Suisse,CH,,35-39,H
77775.jeanmarie.boes,Jean-Marie BOES,38:43:50,388,France,FR,,55-59,H
26339.yannick.landier,Yannick LANDIER,38:44:07,389,France,FR,,40-44,H
76712.manuel.fischer,Manuel FISCHER,38:44:07,390,Allemagne,DE,,35-39,H
12785.christian.marti,Christian MARTI,38:44:07,391,Suisse,CH,,50-54,H
77037.laurent.gasdon,Laurent GASDON,38:45:56,392,France,FR,,80+,H
77776.herve.gasdon,Herve GASDON,38:45:56,393,France,FR,,50-54,H
77777.jeanfrancois.deloof,Jean-Francois DE LOOF,38:46:45,394,France,FR,,45-49,H
72591.dominique.gregoire,Dominique GREGOIRE,38:46:45,395,France,FR,,40-44,H
7949.alain.bonnet,Alain BONNET,38:46:45,396,France,FR,,55-59,H
40178.luc.fratacci,Luc FRATACCI,38:46:45,397,France,FR,,35-39,H
42982.vincent.villenave,Vincent VILLENAVE,38:50:15,398,France,FR,,40-44,H
77778.stephane.lalanne,Stephane LALANNE,38:50:15,399,France,FR,,20-34,H
77173.philippe.gangneux,Philippe GANGNEUX,38:50:37,400,France,FR,,40-44,H
77475.regis.gauthier,Regis GAUTHIER,38:50:39,401,France,FR,,55-59,H
20016.laurent.marcais,Laurent MARCAIS,38:50:39,402,France,FR,,20-34,H
24601.philippe.bleu,Philippe BLEU,38:55:11,403,France,FR,,45-49,H
77008.marc.zandona,Marc ZANDONA,38:56:52,404,France,FR,,35-39,H
39474.jeanpierre.vaugon,Jean-Pierre VAUGON,38:57:14,405,France,FR,,45-49,H
75979.eric.achard,Eric ACHARD,38:57:33,406,France,FR,,40-44,H
77779.miguel.alcadediaz,Miguel ALCADE-DIAZ,38:58:30,407,Espagne,ES,,80+,H
20043.david.whitehead,David WHITEHEAD,38:59:23,408,Royaume-Uni,GB,,55-59,H
77780.bruno.tissier,Bruno TISSIER,38:59:54,409,France,FR,,45-49,H
6074.patrick.raveau,Patrick RAVEAU,39:00:17,410,France,FR,,35-39,H
6798.alain.raveau,Alain RAVEAU,39:00:18,411,France,FR,,45-49,H
28717.jeanlouis.farey,Jean-Louis FAREY,39:01:33,412,France,FR,,45-49,H
77555.chris.phillips,Chris PHILLIPS,39:01:45,413,Royaume-Uni,GB,,40-44,H
77781.dominique.lavigne,Dominique LAVIGNE,39:04:55,414,France,FR,,40-44,H
10755.michel.pasero,Michel PASERO,39:04:55,415,France,FR,,45-49,H
8321.laurent.nougier,Laurent NOUGIER,39:04:55,416,France,FR,,35-39,H
77782.aurelien.dablainville,Aurelien DABLAINVILLE,39:05:56,417,France,FR,,20-34,H
7211.alexandre.hayetine,Alexandre HAYETINE,39:05:56,418,France,FR,,20-34,H
5998.gilles.ferraris,Gilles FERRARIS,39:06:01,419,France,FR,,40-44,H
1640593.arnaud.sindou,Arnaud SINDOU,39:07:04,420,France,FR,,35-39,H
26766.stephane.madec,Stephane MADEC,39:07:04,421,France,FR,,40-44,H
77783.philippe.jeanmonnot,Philippe JEANMONNOT,39:07:29,422,France,FR,,80+,H
40848.philippe.liege,Philippe LIEGE,39:07:31,423,France,FR,,50-54,H
26557.dominique.cojean,Dominique COJEAN,39:07:32,424,France,FR,,35-39,H
77572.andrew.addis,Andrew ADDIS,39:07:54,425,Royaume-Uni,GB,,50-54,H
77784.jeannoel.garces,Jean-Noel GARCES,39:09:36,426,France,FR,,45-49,H
77785.yohann.maubant,Yohann MAUBANT,39:09:55,427,France,FR,,20-34,H
74472.philippe.miranda,Philippe MIRANDA,39:10:00,428,France,FR,,40-44,H
77786.manuel.araujomorato,Manuel ARAUJO-MORATO,39:10:00,429,Espagne,ES,,45-49,H
32291.paco.roblesadan,Paco ROBLES-ADAN,39:10:00,430,Espagne,ES,,40-44,H
77787.jorg.armin,Jörg ARMIN,39:12:23,431,Suisse,CH,,45-49,H
77449.jerome.lepaumier,Jerome LEPAUMIER,39:15:22,432,France,FR,,20-34,H
42895.gerard.petitjean,Gerard PETITJEAN,39:15:22,433,France,FR,,60-64,H
76757.patrick.barbier,Patrick BARBIER,39:16:27,434,France,FR,,45-49,H
76788.ernest.avila,Ernest AVILA,39:16:27,435,France,FR,,40-44,H
77788.christophe.bellanger,Christophe BELLANGER,39:17:22,436,France,FR,,35-39,H
42685.jeannoel.veltz,Jean-Noel VELTZ,39:17:22,437,France,FR,,55-59,H
77345.fabrice.barjolin,Fabrice BARJOLIN,39:17:22,438,France,FR,,40-44,H
41788.bruno.piron,Bruno PIRON,39:18:20,439,France,FR,,35-39,H
77121.jeanmarc.ravanel,Jean-Marc RAVANEL,39:18:20,440,France,FR,,45-49,H
77789.pierre.duval,Pierre DUVAL,39:18:20,441,France,FR,,55-59,H
6172.dom.faidy,Dom FAIDY,39:18:29,442,France,FR,,45-49,H
77465.christine.lopez,Christine LOPEZ,39:18:29,443,France,FR,,40-44,F
76566.vincent.lapouge,Vincent LAPOUGE,39:19:44,444,France,FR,,45-49,H
77427.pascal.debrie,Pascal DEBRIE,39:20:59,445,France,FR,,40-44,H
77790.daniel.kercoff,Daniel KERCOFF,39:20:59,446,France,FR,,55-59,H
77030.raphael.duc,Raphael DUC,39:21:42,447,France,FR,,20-34,H
76427.paul.blanchet,Paul BLANCHET,39:21:42,448,France,FR,,20-34,H
47996.josef.ramberger,Josef RAMBERGER,39:22:56,449,Autriche,AT,,45-49,H
674.francois.moussel,Francois MOUSSEL,39:29:29,450,France,FR,,45-49,H
24701.christian.debonnaire,Christian DEBONNAIRE,39:29:50,451,France,FR,,45-49,H
77791.francois.reydemaneuf,Francois REY DEMANEUF,39:31:25,452,France,FR,,45-49,H
42044.alain.lependeven,Alain LE PENDEVEN,39:34:41,453,France,FR,,40-44,H
77792.olivier.martin,Olivier MARTIN,39:34:41,454,France,FR,,45-49,H
6021.sebastien.quenard,Sebastien QUENARD,39:35:41,455,France,FR,,20-34,H
7028.andre.rossye,Andre ROSSYE,39:35:42,456,France,FR,,45-49,H
73482.mark.woolley,Mark WOOLLEY,39:35:43,457,Royaume-Uni,GB,,40-44,H
28737.gaston.chenu,Gaston CHENU,39:35:43,458,France,FR,,50-54,H
40590.alain.laurendeau,Alain LAURENDEAU,39:35:51,459,France,FR,,40-44,H
38227.pascal.jugie,Pascal JUGIE,39:35:51,460,France,FR,,45-49,H
77793.damien.mermet,Damien MERMET,39:36:59,461,France,FR,,45-49,H
77794.pierre.luisier,Pierre LUISIER,39:42:57,462,France,FR,,20-34,H
24252.cedric.fontaine,Cedric FONTAINE,39:45:34,463,France,FR,,20-34,H
77795.nicolas.jacotcarmichael,Nicolas JACOT-CARMICHAEL,39:46:25,464,France,FR,,20-34,H
76702.thierry.devilleduc,Thierry DEVILLEDUC,39:46:31,465,France,FR,,50-54,H
76301.jeanphilippe.christoph,Jean-Philippe CHRISTOPH,39:46:57,466,France,FR,,35-39,H
932.denis.bouteille,Denis BOUTEILLE,39:47:14,467,France,FR,,40-44,H
77796.franzpierre.nel,Franz-Pierre NEL,39:47:46,468,France,FR,,80+,H
77797.vincent.welsch,Vincent WELSCH,39:49:09,469,France,FR,,80+,H
25009.louis.albert,Louis ALBERT,39:49:09,470,Belgique,BE,,40-44,H
77798.thaddeus.smith,Thaddeus SMITH,39:51:12,471,Etats-Unis,US,,80+,H
23423.jeanfrancois.geiss,Jean-Francois GEISS,39:51:22,472,France,FR,,50-54,H
41498.malik.zidoum,Malik ZIDOUM,39:51:49,473,France,FR,,35-39,H
21110.stefano.puiati,Stefano PUIATI,39:52:31,474,Italie,IT,,40-44,H
8526.marco.galletto,Marco GALLETTO,39:52:43,475,Italie,IT,,40-44,H
77799.jacques.bebon,Jacques BEBON,39:52:45,476,France,FR,,80+,H
28463.samuel.vernerey,Samuel VERNEREY,39:53:30,477,France,FR,,35-39,H
77024.nathalie.courtet,Nathalie COURTET,39:53:30,478,France,FR,,80+,F
8766.michel.ferras,Michel FERRAS,39:53:43,479,France,FR,,50-54,H
30348.christophe.aubonnet,Christophe AUBONNET,39:54:05,480,France,FR,,35-39,H
77800.jeanlouis.bret,Jean-Louis BRET,39:54:05,481,France,FR,,45-49,H
72631.andre.reboux,Andre REBOUX,39:54:06,482,France,FR,,50-54,H
7126.joel.dautun,Joel DAUTUN,39:54:52,483,France,FR,,45-49,H
77801.roger.klein,Roger KLEIN,39:54:54,484,Luxembourg,LU,,55-59,H
77491.dominique.vie,Dominique VIE,39:55:02,485,France,FR,,20-34,H
27443.jerome.marion,Jerome MARION,39:55:05,486,France,FR,,20-34,H
41434.jeanclaude.ballotti,Jean-Claude BALLOTTI,39:55:21,487,France,FR,,40-44,H
11393.michel.riondet,Michel RIONDET,39:56:17,488,France,FR,,55-59,H
77353.eric.plassard,Eric PLASSARD,39:56:40,489,France,FR,,80+,H
34731.mario.agrone,Mario AGRONE,39:57:08,490,Italie,IT,,55-59,H
30446.claude.frei,Claude FREI,39:57:30,491,Suisse,CH,,40-44,H
77802.massimo.barosso,Massimo BAROSSO,39:58:57,492,Italie,IT,,35-39,H
77417.shakal.ryan,Shakal RYAN,40:01:18,493,Allemagne,DE,,40-44,H
77803.stephane.spilotros,Stephane SPILOTROS,40:02:34,494,France,FR,,35-39,H
77804.romain.valle,Romain VALLE,40:02:34,495,France,FR,,45-49,H
77805.hywel.lewis,Hywel LEWIS,40:04:33,496,Royaume-Uni,GB,,50-54,H
77538.robert.hoffmann,Robert HOFFMANN,40:06:11,497,France,FR,,60-64,H
76840.jeanyves.vogel,Jean-Yves VOGEL,40:07:51,498,France,FR,,80+,H
77210.claudy.paradot,Claudy PARADOT,40:08:40,499,France,FR,,45-49,H
51229.paul.kamphuis,Paul KAMPHUIS,40:09:09,500,Pays-Bas,NL,,45-49,H
7008.jeanpierre.belle,Jean-Pierre BELLE,40:10:02,501,France,FR,,50-54,H
77806.andre.frangeat,Andre FRANGEAT,40:10:02,502,France,FR,,80+,H
77807.peter.kenny,Peter KENNY,40:10:58,503,Royaume-Uni,GB,,35-39,H
77808.patrick.donnelly,Patrick DONNELLY,40:10:58,504,Royaume-Uni,GB,,80+,H
77809.jeanpierre.lacourt,Jean-Pierre LACOURT,40:13:52,505,France,FR,,50-54,H
77810.jeanjacques.vandoorsselaere,Jean-Jacques VAN DOORSSELAERE,40:14:39,506,France,FR,,40-44,H
77811.franck.rosier,Franck ROSIER,40:14:52,507,France,FR,,20-34,H
77812.jeanluc.rouxel,Jean-Luc ROUXEL,40:14:52,508,France,FR,,50-54,H
32496.patrick.cassisa,Patrick CASSISA,40:14:52,509,France,FR,,40-44,H
77436.frederic.jonval,Frederic JONVAL,40:15:26,510,France,FR,,35-39,H
77813.stephen.fry,Stephen FRY,40:17:48,511,Royaume-Uni,GB,,45-49,H
77814.gerard.panaget,Gerard PANAGET,40:21:46,512,France,FR,,50-54,H
77560.jannick.malaquin,Jannick MALAQUIN,40:26:51,513,France,FR,,55-59,H
11694.bernadette.niggel,Bernadette NIGGEL,40:26:53,514,France,FR,,45-49,F
62987.andreas.cordt,Andreas CORDT,40:27:07,515,Allemagne,DE,,40-44,H
7271.liliane.cleret,Liliane CLERET,40:29:42,516,France,FR,,20-34,F
1162.pascal.heurtaut,Pascal HEURTAUT,40:29:42,517,France,FR,,45-49,H
28222.brigitte.pottin,Brigitte POTTIN,40:29:42,518,France,FR,,40-44,F
28267.andre.balthazard,Andre BALTHAZARD,40:29:42,519,France,FR,,60-64,H
77815.sean.mccartney,Sean MCCARTNEY,40:32:05,520,Royaume-Uni,GB,,35-39,H
76887.laurent.lefebvre,Laurent LEFEBVRE,40:33:08,521,France,FR,,35-39,H
41694.william.cazaly,William CAZALY,40:33:08,522,France,FR,,60-64,H
77816.martin.krebs,Martin KREBS,40:33:14,523,Suisse,CH,,40-44,H
26030.yann.daniou,Yann DANIOU,40:33:18,524,France,FR,,40-44,H
33374.patrick.barre,Patrick BARRE,40:36:11,525,France,FR,,35-39,H
76810.jeangilles.perret,Jean-Gilles PERRET,40:36:12,526,France,FR,,40-44,H
26431.stephane.lemoine,Stephane LEMOINE,40:36:13,527,France,FR,,45-49,H
77817.francois.laliot,Francois LALIOT,40:36:14,528,France,FR,,20-34,H
61488.elke.streicher,Elke STREICHER,40:36:51,529,Allemagne,DE,,35-39,F
45145.jochen.hoschele,Jochen HÖSCHELE,40:36:51,530,Allemagne,DE,,35-39,H
47600.peter.bucher,Peter BUCHER,40:37:18,531,Suisse,CH,,20-34,H
77818.fabrice.lebigot,Fabrice LEBIGOT,40:37:30,532,France,FR,,20-34,H
77819.francois.christin,Francois CHRISTIN,40:39:34,533,France,FR,,80+,H
44512.fabien.petitjean,Fabien PETITJEAN,40:39:38,534,France,FR,,20-34,H
20033.nataliya.marmier,Nataliya MARMIER,40:40:34,535,France,FR,,50-54,F
38941.mohsen.jabri,Mohsen JABRI,40:40:38,536,Tunisie,TN,,45-49,H
77820.niall.tobin,Niall TOBIN,40:44:18,537,Irlande,IE,,80+,H
40143.didier.marie,Didier MARIE,40:44:40,538,France,FR,,40-44,H
72614.patrick.bouchard,Patrick BOUCHARD,40:44:58,539,France,FR,,45-49,H
77142.chantal.bellin,Chantal BELLIN,40:44:58,540,France,FR,,45-49,F
77821.jeanpierre.marot,Jean-Pierre MAROT,40:46:06,541,France,FR,,80+,H
,Anonymous,40:48:25,542,France,FR,,40-44,H
10729.stephane.perez,Stephane PEREZ,40:48:25,543,France,FR,,20-34,H
34741.fabrice.chomety,Fabrice CHOMETY,40:48:25,544,France,FR,,35-39,H
75112.guy.berthet,Guy BERTHET,40:48:25,545,France,FR,,45-49,H
8481.yves.gaubert,Yves GAUBERT,40:52:39,546,France,FR,,45-49,H
77273.christophe.gendre,Christophe GENDRE,40:52:39,547,France,FR,,40-44,H
72606.olivier.cocaud,Olivier COCAUD,40:52:57,548,France,FR,,35-39,H
76511.franck.recasens,Franck RECASENS,40:52:57,549,France,FR,,40-44,H
47641.norbert.rossler,Norbert RÖSSLER,40:53:50,550,Allemagne,DE,,40-44,H
77504.dominique.richard,Dominique RICHARD,40:54:08,551,France,FR,,50-54,F
10675.christophe.legland,Christophe LE GLAND,40:54:21,552,France,FR,,35-39,H
77822.mathieu.gerlache,Mathieu GERLACHE,40:54:55,553,Belgique,BE,,40-44,H
77536.alain.trani,Alain TRANI,40:54:55,554,France,FR,,55-59,H
1645.fabrice.baptiste,Fabrice BAPTISTE,40:54:58,555,France,FR,,20-34,H
28114.guillaume.badre,Guillaume BADRE,40:55:50,556,France,FR,,20-34,H
11680.olivier.michel,Olivier MICHEL,40:57:33,557,France,FR,,45-49,H
41549.jeanmarc.vallier,Jean-Marc VALLIER,40:58:00,558,France,FR,,40-44,H
32716.alain.bonnouvrier,Alain BONNOUVRIER,40:58:22,559,France,FR,,50-54,H
77605.juanmiguel.molinaangulo,Juan-Miguel MOLINA-ANGULO,40:59:05,560,Espagne,ES,,40-44,H
41047.alain.hue,Alain HUE,40:59:26,561,France,FR,,55-59,H
77823.zeljko.pale,Zeljko PALE,41:00:05,562,Croatie,HR,,45-49,H
56792.julius.holzner,Julius HOLZNER,41:01:05,563,Autriche,AT,,70-74,H
77256.geraud.mousnier,Geraud MOUSNIER,41:01:07,564,France,FR,,20-34,H
77824.francisco.riospalma,Francisco RIOS-PALMA,41:01:32,565,France,FR,,50-54,H
77825.pascal.ferrebeuf,Pascal FERREBEUF,41:01:32,566,France,FR,,45-49,H
77826.raoul.chardon,Raoul CHARDON,41:01:32,567,France,FR,,45-49,H
77827.albano.quaglio,Albano QUAGLIO,41:04:10,568,Italie,IT,,45-49,H
76087.frederic.weinmann,Frederic WEINMANN,41:07:21,569,France,FR,,60-64,H
77041.antoine.cenci,Antoine CENCI,41:07:25,570,France,FR,,20-34,H
71502.roberto.pero,Roberto PERO,41:07:46,571,Italie,IT,,50-54,H
77224.bruno.ruiz,Bruno RUIZ,41:10:30,572,France,FR,,45-49,H
263.alexandre.forestieri,Alexandre FORESTIERI,41:12:25,573,France,FR,,20-34,H
77306.gael.leon,Gael LEON,41:12:32,574,France,FR,,35-39,H
77307.herve.taquet,Herve TAQUET,41:12:32,575,France,FR,,40-44,H
77828.bernard.denis,Bernard DENIS,41:18:07,576,France,FR,,50-54,H
6777.bernard.gonnon,Bernard GONNON,41:18:07,577,France,FR,,40-44,H
6783.jeanluc.boyer,Jean-Luc BOYER,41:18:07,578,France,FR,,45-49,H
41260.jacques.just,Jacques JUST,41:18:48,579,France,FR,,50-54,H
45986.linda.valent,Linda VALENT,41:19:11,580,Pays-Bas,NL,,20-34,F
45988.bas.debruin,Bas DE BRUIN,41:19:11,581,Pays-Bas,NL,,35-39,H
77034.rob.lammers,Rob LAMMERS,41:19:13,582,Pays-Bas,NL,,80+,H
77081.ludovic.chouisnard,Ludovic CHOUISNARD,41:20:26,583,France,FR,,35-39,H
20897.patrice.piasenta,Patrice PIASENTA,41:22:30,584,Suisse,CH,,50-54,H
77829.luc.feugere,Luc FEUGERE,41:23:28,585,Suisse,CH,,40-44,H
30092.benoit.daudin,Benoit DAUDIN,41:23:28,586,France,FR,,20-34,H
38224.michel.soulard,Michel SOULARD,41:23:32,587,France,FR,,35-39,H
37752.stephane.monmousseau,Stephane MONMOUSSEAU,41:23:33,588,France,FR,,40-44,H
76254.eric.labiau,Eric LABIAU,41:23:35,589,France,FR,,40-44,H
77830.nicolas.minvielle,Nicolas MINVIELLE,41:23:36,590,France,FR,,40-44,H
77831.bernard.minvielle,Bernard MINVIELLE,41:23:39,591,France,FR,,50-54,H
61937.thomas.wolterroessler,Thomas WOLTER-ROESSLER,41:24:32,592,Allemagne,DE,,20-34,H
77411.stephane.verrecchia,Stephane VERRECCHIA,41:25:28,593,France,FR,,40-44,H
43118.bruno.crovasce,Bruno CROVASCE,41:27:01,594,France,FR,,35-39,H
38511.stephane.bouchaud,Stephane BOUCHAUD,41:27:01,595,France,FR,,35-39,H
38359.herve.lebars,Herve LE BARS,41:27:01,596,France,FR,,40-44,H
77832.patrice.divetain,Patrice DIVETAIN,41:27:01,597,France,FR,,20-34,H
72458.angelika.dirr,Angelika DIRR,41:27:17,598,Allemagne,DE,,45-49,F
77153.peter.dirr,Peter DIRR,41:27:18,599,Allemagne,DE,,50-54,H
48758.fred.baechelen,Fred BAECHELEN,41:27:52,600,France,FR,,20-34,H
41886.yves.pyanet,Yves PYANET,41:27:53,601,France,FR,,45-49,H
42096.michel.paccard,Michel PACCARD,41:27:54,602,France,FR,,40-44,H
39537.pascal.langlois,Pascal LANGLOIS,41:27:56,603,France,FR,,40-44,H
12874.leonardo.soresi,Leonardo SORESI,41:27:59,604,Italie,IT,,20-34,H
77440.francois.chapsal,Francois CHAPSAL,41:29:20,605,France,FR,,50-54,H
77833.philippe.kienne,Philippe KIENNE,41:29:20,606,France,FR,,40-44,H
77834.marieluce.gilbert,Marie-Luce GILBERT,41:31:27,607,France,FR,,40-44,F
43124.isabelle.philipps,Isabelle PHILIPPS,41:32:31,608,France,FR,,35-39,F
77401.laurent.martinie,Laurent MARTINIE,41:32:31,609,France,FR,,20-34,H
77229.christian.carassus,Christian CARASSUS,41:33:37,610,France,FR,,80+,H
44390.dominique.divincenzo,Dominique DI VINCENZO,41:33:39,611,France,FR,,40-44,H
77835.pierre.allemandet,Pierre ALLEMANDET,41:33:42,612,France,FR,,45-49,H
77836.harrie.derksen,Harrie DERKSEN,41:37:13,613,Pays-Bas,NL,,45-49,H
77837.mark.krus,Mark KRUS,41:37:13,614,Pays-Bas,NL,,20-34,H
77620.marc.douarre,Marc DOUARRE,41:45:55,615,France,FR,,45-49,H
28068.daniel.vergnes,Daniel VERGNES,41:45:55,616,France,FR,,40-44,H
75141.gianluca.gamberoni,Gianluca GAMBERONI,41:46:49,617,Italie,IT,,35-39,H
48830.nicola.assi,Nicola ASSI,41:46:49,618,Italie,IT,,20-34,H
77209.yannick.jallais,Yannick JALLAIS,41:48:50,619,France,FR,,20-34,H
2811.marco.melchiorri,Marco MELCHIORRI,41:50:49,620,Italie,IT,,40-44,H
28221.joseph.rol,Joseph ROL,41:50:59,621,France,FR,,60-64,H
3780.rose.dubourgeal,Rose DUBOURGEAL,41:50:59,622,France,FR,,50-54,F
41675.cedric.cheval,Cedric CHEVAL,41:51:55,623,France,FR,,20-34,H
77528.nicolas.marseille,Nicolas MARSEILLE,41:51:55,624,France,FR,,20-34,H
77177.bertrand.peluso,Bertrand PELUSO,41:52:30,625,France,FR,,35-39,H
77838.sebastien.labisse,Sebastien LABISSE,41:57:15,626,France,FR,,20-34,H
1591.thierry.carte,Thierry CARTE,41:58:21,627,France,FR,,40-44,H
77839.sylvain.angebault,Sylvain ANGEBAULT,41:58:22,628,France,FR,,20-34,H
41570.aurelien.huard,Aurelien HUARD,42:02:54,629,France,FR,,20-34,H
7134.jeanpierre.pinguet,Jean-Pierre PINGUET,42:02:58,630,France,FR,,50-54,H
20038.patrick.reymond,Patrick REYMOND,42:03:18,631,Suisse,CH,,50-54,H
77840.francis.soniak,Francis SONIAK,42:03:26,632,France,FR,,40-44,H
11397.bernard.monin,Bernard MONIN,42:07:13,633,France,FR,,50-54,H
30651.silvio.auxilia,Silvio AUXILIA,42:08:42,634,Italie,IT,,40-44,H
77841.renato.matteucci,Renato MATTEUCCI,42:08:42,635,Italie,IT,,35-39,H
77842.luc.venture,Luc VENTURE,42:08:59,636,France,FR,,45-49,H
77556.luc.guenard,Luc GUENARD,42:09:03,637,France,FR,,80+,H
1290.jeanfrancois.boissonneau,Jean-François BOISSONNEAU,42:09:07,638,France,FR,,55-59,H
11638.nicolas.furst,Nicolas FURST,42:09:56,639,France,FR,,35-39,H
10185.jeansebastien.hamel,Jean Sebastien HAMEL,42:10:05,640,France,FR,,20-34,H
77843.veronique.bottaro,Veronique BOTTARO,42:10:07,641,France,FR,,40-44,F
74784.alain.deschamps,Alain DESCHAMPS,42:10:12,642,France,FR,,50-54,H
77844.alex.carrara,Alex CARRARA,42:11:01,643,Italie,IT,,80+,H
77845.luca.carbone,Luca CARBONE,42:11:01,644,Italie,IT,,35-39,H
77846.bernhard.wespi,Bernhard WESPI,42:11:14,645,Suisse,CH,,40-44,H
74171.jacques.poleni,Jacques POLENI,42:12:46,646,France,FR,,50-54,H
76596.emmanuel.fortin,Emmanuel FORTIN,42:16:05,647,France,FR,,35-39,H
77847.emil.fortin,Emil FORTIN,42:16:05,648,France,FR,,80+,H
77848.frederic.messiant,Frederic MESSIANT,42:17:39,649,France,FR,,40-44,H
77849.jeanraphael.honore,Jean-Raphael HONORE,42:17:39,650,France,FR,,40-44,H
20145.patrick.viguier,Patrick VIGUIER,42:18:25,651,France,FR,,40-44,H
77850.gerard.perez,Gerard PEREZ,42:18:25,652,France,FR,,45-49,H
77851.steven.sulaski,Steven SULASKI,42:18:42,653,France,FR,,40-44,H
77090.eric.troffiguer,Eric TROFFIGUER,42:18:53,654,France,FR,,40-44,H
77406.anne.brulefert,Anne BRULEFERT,42:20:17,655,France,FR,,20-34,F
76522.franck.maugard,Franck MAUGARD,42:20:42,656,France,FR,,U18,H
48484.thibaut.stolz,Thibaut STOLZ,42:20:50,657,France,FR,,20-34,H
77349.jeanpaul.mauduit,Jean-Paul MAUDUIT,42:21:36,658,France,FR,,55-59,H
11328.patrick.cortiana,Patrick CORTIANA,42:22:21,659,France,FR,,40-44,H
19160.anke.drescher,Anke DRESCHER,42:24:25,660,Allemagne,DE,,35-39,F
77852.patrick.breuning,Patrick BREUNING,42:24:30,661,Allemagne,DE,,20-34,H
7622.stephane.etienne,Stephane ETIENNE,42:30:50,662,France,FR,,20-34,H
26436.christian.collet,Christian COLLET,42:31:53,663,France,FR,,50-54,H
39471.adrien.paul,Adrien PAUL,42:32:02,664,France,FR,,20-34,H
77853.jeanmarie.durand,Jean-Marie DURAND,42:33:50,665,France,FR,,45-49,H
76725.eric.antolin,Eric ANTOLIN,42:34:04,666,France,FR,,40-44,H
47638.jeanmarie.vauclair,Jean-Marie VAUCLAIR,42:35:29,667,Suisse,CH,,40-44,H
58962.andrea.callera,Andrea CALLERA,42:37:10,668,Italie,IT,,35-39,H
76584.pascal.barbery,Pascal BARBERY,42:37:53,669,France,FR,,80+,H
39174.marcel.blin,Marcel BLIN,42:38:08,670,France,FR,,50-54,H
77854.jeanfrancois.mallard,Jean-Francois MALLARD,42:38:08,671,France,FR,,40-44,H
11698.olivier.ciolina,Olivier CIOLINA,42:38:33,672,France,FR,,35-39,H
6572.daniel.henriot,Daniel HENRIOT,42:40:27,673,France,FR,,35-39,H
59965.renato.scarrone,Renato SCARRONE,42:43:02,674,Italie,IT,,40-44,H
41678.thierry.verhaege,Thierry VERHAEGE,42:45:06,675,France,FR,,50-54,H
247.romain.grastien,Romain GRASTIEN,42:46:59,676,France,FR,,20-34,H
47648.david.waterman,David WATERMAN,42:47:16,677,Royaume-Uni,GB,,60-64,H
77855.guillaume.foin,Guillaume FOIN,42:47:47,678,France,FR,,20-34,H
76893.jeanetienne.delaspre,Jean-Etienne DELASPRE,42:49:56,679,France,FR,,45-49,H
24975.christian.hagenstein,Christian HAGENSTEIN,42:51:55,680,France,FR,,45-49,H
10421.hugues.clauser,Hugues CLAUSER,42:51:55,681,France,FR,,40-44,H
77488.patrice.kergosien,Patrice KERGOSIEN,42:51:55,682,France,FR,,20-34,H
40965.bruno.douet,Bruno DOUET,42:53:29,683,France,FR,,45-49,H
6480.michel.morel,Michel MOREL,42:55:14,684,France,FR,,55-59,H
76335.leon.kouider,Leon KOUIDER,42:56:04,685,France,FR,,55-59,H
77856.didier.lequellec,Didier LE QUELLEC,42:56:05,686,France,FR,,40-44,H
72533.michel.lermat,Michel LERMAT,42:56:07,687,France,FR,,20-34,H
77857.daniel.gauthiez,Daniel GAUTHIEZ,42:56:59,688,France,FR,,65-69,H
26266.frederic.doyen,Frederic DOYEN,42:57:44,689,France,FR,,35-39,H
77858.christine.arnier,Christine ARNIER,42:57:47,690,France,FR,,40-44,F
77859.christophe.mazzara,Christophe MAZZARA,42:59:17,691,France,FR,,80+,H
77860.natalia.mazzara,Natalia MAZZARA,42:59:24,692,France,FR,,80+,F
43596.gabi.winck,Gabi WINCK,43:00:50,693,Italie,IT,,40-44,F
19141.andreas.joachimsthaler,Andreas JOACHIMSTHALER,43:00:53,694,Autriche,AT,,40-44,H
75312.carol.vastel,Carol VASTEL,43:05:51,695,France,FR,,45-49,F
77861.patrick.floriot,Patrick FLORIOT,43:05:53,696,France,FR,,45-49,H
40113.christophe.millet,Christophe MILLET,43:14:17,697,France,FR,,40-44,H
77862.gerard.fayard,Gerard FAYARD,43:15:21,698,France,FR,,45-49,H
76614.isabelle.deffez,Isabelle DEFFEZ,43:15:21,699,France,FR,,40-44,F
10519.richard.leneindre,Richard LENEINDRE,43:15:39,700,France,FR,,50-54,H
77863.olivier.jeanjean,Olivier JEANJEAN,43:15:51,701,France,FR,,20-34,H
26734.damien.millard,Damien MILLARD,43:16:05,702,France,FR,,20-34,H
39111.nicolas.grosbois,Nicolas GROSBOIS,43:16:53,703,France,FR,,40-44,H
7002.robert.jagga,Robert JAGGA,43:16:53,704,France,FR,,45-49,H
7003.daniel.lhomme,Daniel LHOMME,43:16:55,705,France,FR,,55-59,H
6081.aldo.dibenedetto,Aldo DI BENEDETTO,43:16:56,706,France,FR,,45-49,H
77339.silvere.oge,Silvere OGE,43:17:52,707,France,FR,,35-39,H
470.bruno.loscalzo,Bruno LO SCALZO,43:19:03,708,France,FR,,45-49,H
41069.thierry.cozic,Thierry COZIC,43:19:03,709,France,FR,,40-44,H
77864.claude.lancrenon,Claude LANCRENON,43:19:34,710,France,FR,,55-59,H
74861.francis.beauvallet,Francis BEAUVALLET,43:20:04,711,France,FR,,50-54,H
74525.victor.gayet,Victor GAYET,43:20:34,712,France,FR,,80+,H
77865.jos.vrancken,Jos VRANCKEN,43:22:58,713,Pays-Bas,NL,,45-49,H
7054.denis.brousse,Denis BROUSSE,43:23:16,714,France,FR,,50-54,H
77866.philippe.merel,Philippe MEREL,43:23:32,715,France,FR,,80+,H
76826.guy.maujean,Guy MAUJEAN,43:24:48,716,France,FR,,35-39,H
77867.bertrand.krieger,Bertrand KRIEGER,43:24:49,717,France,FR,,20-34,H
77868.jeanluc.bourgeois,Jean-Luc BOURGEOIS,43:26:34,718,France,FR,,40-44,H
77869.isabelle.boutin,Isabelle BOUTIN,43:26:34,719,France,FR,,40-44,F
77870.jeanluc.ridet,Jean-Luc RIDET,43:26:35,720,Suisse,CH,,40-44,H
19927.claude.baumann,Claude BAUMANN,43:26:35,721,Suisse,CH,,35-39,H
40738.jeanyves.pinguet,Jean-Yves PINGUET,43:26:37,722,France,FR,,40-44,H
77871.nicola.bogetti,Nicola BOGETTI,43:27:51,723,Italie,IT,,45-49,H
77872.paolo.mellorella,Paolo MELLO-RELLA,43:27:51,724,Italie,IT,,45-49,H
71436.gerard.ligeois,Gérard LIGEOIS,43:30:50,725,France,FR,,50-54,H
47667.martin.sturzl,Martin STÜRZL,43:33:45,726,Allemagne,DE,,45-49,H
19935.dieter.baumgart,Dieter BAUMGART,43:33:45,727,Allemagne,DE,,60-64,H
28025.jeanluc.petit,Jean-Luc PETIT,43:34:48,728,France,FR,,40-44,H
77341.alain.rollier,Alain ROLLIER,43:36:54,729,France,FR,,50-54,H
6952.francis.destefani,Francis DE STEFANI,43:37:48,730,France,FR,,55-59,H
77874.isabelle.seydoux,Isabelle SEYDOUX,43:38:13,731,Suisse,CH,,40-44,F
74318.frederic.nicaud,Frederic NICAUD,43:40:20,732,France,FR,,40-44,H
77664.agnes.barille,Agnes BARILLE,43:40:55,733,France,FR,,45-49,F
26394.philippe.grenon,Philippe GRENON,43:40:55,734,France,FR,,40-44,H
26393.bruno.charbonnier,Bruno CHARBONNIER,43:40:59,735,France,FR,,45-49,H
76913.didier.gregoire,Didier GREGOIRE,43:41:34,736,France,FR,,45-49,H
4942267.pererik.larsson,Per Erik LARSSON,43:42:29,737,Suède,SE,,40-44,H
76862.lucien.chevalier,Lucien CHEVALIER,43:42:45,738,France,FR,,45-49,H
43934.stephane.guillouet,Stephane GUILLOUET,43:42:45,739,France,FR,,35-39,H
77265.juanramon.guerrerocheca,Juan-Ramon GUERRERO-CHECA,43:42:58,740,Espagne,ES,,35-39,H
43633.rafael.gonzalezcabrera,Rafael GONZALEZ-CABRERA,43:42:58,741,Espagne,ES,,80+,H
77875.ashley.wager,Ashley WAGER,43:45:30,742,Royaume-Uni,GB,,45-49,H
26392.patrice.isaac,Patrice ISAAC,43:51:46,743,France,FR,,45-49,H
77876.michel.plantaz,Michel PLANTAZ,43:53:31,744,France,FR,,80+,H
4908511.jeanlouis.charre,Jean Louis CHARRE,43:53:32,745,France,FR,,50-54,H
72572.leonie.cartier,Leonie CARTIER,43:53:33,746,France,FR,,20-34,F
79920.thierry.lemaire,Thierry LEMAIRE,43:53:34,747,Belgique,BE,,20-34,H
46641.helga.willieme,Helga WILLIEME,43:53:39,748,France,FR,,60-64,F
20027.john.cunnane,John CUNNANE,43:54:35,749,Royaume-Uni,GB,,55-59,H
28671.johan.salomon,Johan SALOMON,43:57:08,750,France,FR,,20-34,H
76602.laurent.dufosse,Laurent DUFOSSE,44:01:00,751,France,FR,,40-44,H
77878.thierry.depaquis,Thierry DEPAQUIS,44:03:04,752,France,FR,,20-34,H
77879.yves.lemao,Yves LE MAO,44:03:14,753,France,FR,,40-44,H
72553.bruno.debrueres,Bruno DEBRUERES,44:10:14,754,France,FR,,45-49,H
10284.frederic.verardi,Frederic VERARDI,44:15:03,755,France,FR,,35-39,H
77880.jeanbaptiste.teissier,Jean-Baptiste TEISSIER,44:15:05,756,France,FR,,20-34,H
76990.jeanfrancois.anne,Jean-Francois ANNE,44:15:06,757,France,FR,,80+,H
7616.daniel.lecoeur,Daniel LE COEUR,44:15:15,758,France,FR,,45-49,H
41081.pascal.bigot,Pascal BIGOT,44:15:49,759,Belgique,BE,,35-39,H
1240.yves.langard,Yves LANGARD,44:16:06,760,France,FR,,45-49,H
41698.francois.loeser,Francois LOESER,44:16:07,761,France,FR,,45-49,H
28050.marc.richardfoy,Marc RICHARD-FOY,44:16:08,762,France,FR,,50-54,H
77881.neal.unittjones,Neal UNITT-JONES,44:17:20,763,Royaume-Uni,GB,,80+,H
77882.christian.cullinane,Christian CULLINANE,44:17:21,764,Royaume-Uni,GB,,20-34,H
77883.frederic.bonnet,Frederic BONNET,44:17:36,765,France,FR,,40-44,H
75117.gael.dutigny,Gael DUTIGNY,44:19:00,766,Etats-Unis,US,,20-34,H
77884.antoine.lebris,Antoine LE BRIS,44:19:01,767,France,FR,,80+,H
77885.emmanuel.lebris,Emmanuel LE BRIS,44:19:01,768,France,FR,,35-39,H
77886.francois.millier,Francois MILLIER,44:19:13,769,France,FR,,80+,H
23481.flavio.dalbosco,Flavio DALBOSCO,44:20:37,770,Italie,IT,,40-44,H
48714.alberto.tartaglia,Alberto TARTAGLIA,44:20:38,771,Italie,IT,,80+,H
77887.herve.messerli,Herve MESSERLI,44:40:20,772,Suisse,CH,,50-54,H
11399.marc.geinoz,Marc GEINOZ,44:48:05,773,France,FR,,45-49,H
