runnerUri,fullname,time,rank,nationality,nationalityCode,index,ageGroup,gender
2704.kilian.jornetburgada,Kilian JORNET BURGADA,20:56:59,1,Espagne,ES,,20-34,H
20151.dawadachhiri.sherpa,Dawa-Dachhiri SHERPA,21:56:52,2,Népal,NP,,35-39,H
6598.julien.chorier,Julien CHORIER,22:31:35,3,France,FR,,20-34,H
2708.tsuyoshi.kaburaki,Tsuyoshi KABURAKI,23:10:47,4,Japon,JP,,40-44,H
76658.jesusmaria.romonmartinez,Jesus-Maria ROMON-MARTINEZ,23:41:28,5,Espagne,ES,,20-34,H
6953.antoine.guillon,Antoine GUILLON,23:57:28,6,France,FR,,35-39,H
11460.matthieu.girard,Matthieu GIRARD,24:19:57,7,Suisse,CH,,35-39,H
17.csaba.nemeth,Csaba NEMETH,24:21:02,8,Hongrie,HU,,40-44,H
11760.ulrich.calmbach,Ulrich CALMBACH,24:21:20,9,Allemagne,DE,,45-49,H
30601.massimo.tagliaferri,Massimo TAGLIAFERRI,24:24:22,10,Italie,IT,,35-39,H
3796.topher.gaylord,Topher GAYLORD,24:55:31,11,Etats-Unis,US,,35-39,H
48540.ulrich.gross,Ulrich GROSS,25:06:04,12,Italie,IT,,35-39,H
11753.salvador.calvoredondo,Salvador CALVO-REDONDO,25:08:05,13,Espagne,ES,,45-49,H
12828.elizabeth.hawker,Elizabeth HAWKER,25:19:41,14,Royaume-Uni,GB,,20-34,F
76659.aurelio.olivarroldan,Aurelio OLIVAR-ROLDAN,25:22:39,15,Espagne,ES,,40-44,H
11456.jerome.challier,Jerome CHALLIER,25:37:10,16,France,FR,,35-39,H
51946.andrew.rankin,Andrew RANKIN,25:37:10,17,Royaume-Uni,GB,,35-39,H
20392.bernhard.hug,Bernhard HUG,25:39:05,18,Suisse,CH,,35-39,H
8127.pascal.blanc,Pascal BLANC,25:42:21,19,France,FR,,40-44,H
12616.sebastien.chaigneau,Sebastien CHAIGNEAU,25:42:21,20,France,FR,,35-39,H
7838.ryan.baumann,Ryan BAUMANN,25:48:03,21,Suisse,CH,,35-39,H
19883.vincent.staub,Vincent STAUB,25:53:51,22,Suisse,CH,,35-39,H
76402.jordi.martinezdemarsay,Jordi MARTINEZ-DE MARSAY,26:08:30,23,Espagne,ES,,35-39,H
43444.romain.olivier,Romain OLIVIER,26:09:36,24,France,FR,,20-34,H
41376.olivier.foissac,Olivier FOISSAC,26:14:40,25,France,FR,,35-39,H
27888.bruno.durand,Bruno DURAND,26:20:54,26,France,FR,,40-44,H
72314.xavier.marchand,Xavier MARCHAND,26:24:53,27,France,FR,,35-39,H
39328.yves.masson,Yves MASSON,26:35:33,28,France,FR,,45-49,H
23932.thierry.chambry,Thierry CHAMBRY,26:44:40,29,France,FR,,40-44,H
20154.jeanclaude.pache,Jean-Claude PACHE,26:49:15,30,Suisse,CH,,40-44,H
10400.philippe.verdier,Philippe VERDIER,26:53:45,31,France,FR,,45-49,H
6282.bertrand.cochard,Bertrand COCHARD,26:56:26,32,France,FR,,35-39,H
13272.oscar.perezdenanclaresvicario,Oscar PEREZ DE NANCLARES VICARIO,26:57:18,33,Espagne,ES,,35-39,H
37636.lionel.eveno,Lionel EVENO,27:06:57,34,France,FR,,45-49,H
13099.toni.contesti,Toni CONTESTI,27:14:03,35,Espagne,ES,,35-39,H
43629.fabrice.perianayagom,Fabrice PERIANAYAGOM,27:16:00,36,France,FR,,20-34,H
41800.david.bellanger,David BELLANGER,27:27:10,37,France,FR,,35-39,H
2707.jez.bragg,Jez BRAGG,27:28:07,38,Royaume-Uni,GB,,20-34,H
20051.karine.herry,Karine HERRY,27:38:35,39,France,FR,,40-44,F
7832.jeanmarc.zaugg,Jean-Marc ZAUGG,27:38:36,40,France,FR,,35-39,H
30004.lionel.favrefelix,Lionel FAVRE-FELIX,27:39:59,41,France,FR,,20-34,H
8776.sebastien.farano,Sebastien FARANO,27:39:59,42,France,FR,,35-39,H
7629.oscar.perezlopez,Oscar PEREZ-LOPEZ,27:39:59,43,Espagne,ES,,35-39,H
29869.siukeung.tsang,Siu Keung TSANG,28:00:23,44,"Hong Kong, Chine",HK,,20-34,H
60006.matthew.davis,Matthew DAVIS,28:09:33,45,Royaume-Uni,GB,,35-39,H
19962.nicolas.cointepas,Nicolas COINTEPAS,28:09:34,46,France,FR,,35-39,H
28572.laurent.gueraud,Laurent GUERAUD,28:26:55,47,France,FR,,40-44,H
76660.mikel.valdivielsomaiz,Mikel VALDIVIELSO-MAIZ,28:28:33,48,Espagne,ES,,80+,H
70530.alois.leitner,Alois LEITNER,28:28:36,49,Autriche,AT,,45-49,H
41867.didier.delemontez,Didier DELEMONTEZ,28:28:58,50,France,FR,,50-54,H
76661.john.fleetwood,John FLEETWOOD,28:30:48,51,Royaume-Uni,GB,,80+,H
11559.catherine.dubois,Catherine DUBOIS,28:30:59,52,France,FR,,35-39,F
2526.david.bianchetti,David BIANCHETTI,28:37:07,53,France,FR,,20-34,H
19285.pierluigi.panigada,Pierluigi PANIGADA,28:37:07,54,Italie,IT,,40-44,H
32027.miguelangel.mudarrasanchez,Miguel-Angel MUDARRA-SANCHEZ,28:43:49,55,Espagne,ES,,35-39,H
19957.yan.balduchelli,Yan BALDUCHELLI,28:45:14,56,Suisse,CH,,20-34,H
76662.christophe.bignot,Christophe BIGNOT,28:45:33,57,France,FR,,40-44,H
32032.francisco.robresmonforte,Francisco ROBRES-MONFORTE,28:48:30,58,Espagne,ES,,35-39,H
74962.olivier.cordeuil,Olivier CORDEUIL,28:50:17,59,France,FR,,20-34,H
21029.paolo.rovera,Paolo ROVERA,28:57:27,60,Italie,IT,,20-34,H
75931.albert.ginecid,Albert GINE-CID,29:01:52,61,Espagne,ES,,20-34,H
12849.lionel.planes,Lionel PLANES,29:06:33,62,France,FR,,20-34,H
48655.marco.vannucci,Marco VANNUCCI,29:09:09,63,Italie,IT,,35-39,H
9814.guillaume.bernard,Guillaume BERNARD,29:10:20,64,France,FR,,20-34,H
74331.christophe.lecomte,Christophe LECOMTE,29:11:08,65,France,FR,,40-44,H
76414.renaud.vanwetter,Renaud VAN WETTER,29:14:04,66,Belgique,BE,,35-39,H
76185.frederic.dumoulin,Frederic DUMOULIN,29:14:17,67,France,FR,,45-49,H
10774.patrice.berguerand,Patrice BERGUERAND,29:25:45,68,France,FR,,45-49,H
2396491.yann.richard,Yann RICHARD,29:28:04,69,France,FR,,35-39,H
44891.carluccio.bordoni,Carluccio BORDONI,29:29:39,70,Italie,IT,,55-59,H
7211.alexandre.hayetine,Alexandre HAYETINE,29:31:24,71,France,FR,,20-34,H
76663.maxime.reversat,Maxime REVERSAT,29:31:25,72,France,FR,,20-34,H
7639.dominique.fabregues,Dominique FABREGUES,29:33:49,73,France,FR,,40-44,H
7843.franck.dechelette,Franck DECHELETTE,29:35:36,74,France,FR,,35-39,H
1640593.arnaud.sindou,Arnaud SINDOU,29:38:41,75,France,FR,,35-39,H
76405.gilles.icart,Gilles ICART,29:38:45,76,France,FR,,45-49,H
8510.erwan.rioual,Erwan RIOUAL,29:40:20,77,France,FR,,40-44,H
42991.gilles.errotabereaesain,Gilles ERROTABEREA-ESAIN,29:41:38,78,France,FR,,35-39,H
6954.cyril.cointre,Cyril COINTRE,29:51:28,79,France,FR,,20-34,H
110182.juanantonio.alegremunoz,Juan-Antonio ALEGRE-MUNOZ,29:51:28,80,Espagne,ES,,35-39,H
24910.eric.brossard,Eric BROSSARD,29:56:52,81,Belgique,BE,,35-39,H
7227.jordi.armengaufernandez,Jordi ARMENGAU-FERNANDEZ,29:58:10,82,Espagne,ES,,80+,H
33349.alexandre.richard,Alexandre RICHARD,30:02:04,83,France,FR,,20-34,H
27920.fabrice.etienne,Fabrice ETIENNE,30:03:16,84,Belgique,BE,,35-39,H
26004.nicolas.fortineau,Nicolas FORTINEAU,30:03:51,85,France,FR,,20-34,H
592.philippe.goux,Philippe GOUX,30:04:05,86,France,FR,,40-44,H
24565.petru.muntenasu,Petru MUNTENASU,30:04:05,87,Allemagne,DE,,35-39,H
76665.philippe.gannac,Philippe GANNAC,30:09:00,88,France,FR,,40-44,H
74339.xavier.solefabregat,Xavier SOLE-FABREGAT,30:09:31,89,Espagne,ES,,20-34,H
76666.sandrine.beranger,Sandrine BERANGER,30:11:28,90,France,FR,,20-34,F
14329.glenn.mackie,Glenn MACKIE,30:11:40,91,Etats-Unis,US,,45-49,H
76415.stephan.pitscheider,Stephan PITSCHEIDER,30:12:23,92,Italie,IT,,45-49,H
7449.bruno.antoine,Bruno ANTOINE,30:28:40,93,France,FR,,45-49,H
61426.gerhard.eggenreich,Gerhard EGGENREICH,30:35:17,94,Autriche,AT,,45-49,H
19263.tamas.karlowitsjuhasz,Tamas KARLOWITS-JUHASZ,30:35:32,95,Hongrie,HU,,20-34,H
8314.jeanmarc.devey,Jean-Marc DEVEY,30:40:24,96,France,FR,,50-54,H
76667.eric.zechmann,Eric ZECHMANN,30:40:24,97,France,FR,,40-44,H
6632.david.mautone,David MAUTONE,30:44:34,98,Suisse,CH,,20-34,H
6291.frederic.souchon,Frederic SOUCHON,30:46:15,99,France,FR,,35-39,H
17272.david.goggins,David GOGGINS,30:49:14,100,Etats-Unis,US,,20-34,H
76668.julia.claramonteigil,Julià CLARAMONTE I GIL,30:51:02,101,Espagne,ES,,45-49,H
62899.volker.fritsche,Volker FRITSCHE,30:58:15,102,Allemagne,DE,,45-49,H
33301.jeanluc.piovan,Jean-Luc PIOVAN,31:00:42,103,France,FR,,40-44,H
23387.jared.campbell,Jared CAMPBELL,31:00:49,104,Etats-Unis,US,,20-34,H
55311.konstantinos.stamoulis,Konstantinos STAMOULIS,31:00:50,105,Grèce,GR,,40-44,H
387143.mike.mason,Mike MASON,31:19:00,106,Etats-Unis,US,,35-39,H
8679.guillaume.nalin,Guillaume NALIN,31:21:13,107,France,FR,,20-34,H
75936.paul.maisonnier,Paul MAISONNIER,31:23:37,108,France,FR,,40-44,H
7456.josepmaria.cabanascoma,Josep-Maria CABANAS-COMA,31:36:09,109,Espagne,ES,,35-39,H
27892.nicolas.drevon,Nicolas DREVON,31:41:22,110,France,FR,,35-39,H
7457.marc.balanaprats,Marc BALANA PRATS,31:42:53,111,Espagne,ES,,20-34,H
20167.yvan.sand,Yvan SAND,31:45:07,112,France,FR,,20-34,H
19258.stefano.bernardoni,Stefano BERNARDONI,31:45:30,113,Suisse,CH,,40-44,H
25461.pascal.hagenbach,Pascal HAGENBACH,31:47:00,114,France,FR,,45-49,H
76669.david.bohelay,David BOHELAY,31:47:04,115,France,FR,,20-34,H
10676.bernard.blanc,Bernard BLANC,31:47:40,116,France,FR,,50-54,H
52624.alex.pilkington,Alex PILKINGTON,31:49:12,117,Royaume-Uni,GB,,35-39,H
76670.michel.pothin,Michel POTHIN,31:49:46,118,France,FR,,80+,H
42493.pascal.dupenloup,Pascal DUPENLOUP,31:49:53,119,France,FR,,35-39,H
7870.dominique.meynadier,Dominique MEYNADIER,31:51:58,120,France,FR,,40-44,H
126.philippe.treuil,Philippe TREUIL,31:53:23,121,France,FR,,45-49,H
48818.silvio.bertone,Silvio BERTONE,31:53:58,122,Italie,IT,,40-44,H
43587.nicolas.faivredarcier,Nicolas FAIVRE-D'ARCIER,31:55:59,123,France,FR,,40-44,H
8135.helene.haegelarpin,Helene HAEGEL-ARPIN,31:57:31,124,France,FR,,45-49,F
42521.luc.bouday,Luc BOUDAY,32:00:32,125,France,FR,,55-59,H
76672.ivan.ferencak,Ivan FERENCAK,32:02:31,126,Croatie,HR,,35-39,H
561192.miguel.filgueiras,Miguel FILGUEIRAS,32:04:37,127,Espagne,ES,,35-39,H
52102.martin.terry,Martin TERRY,32:05:10,128,Royaume-Uni,GB,,45-49,H
40318.guillaume.chauvin,Guillaume CHAUVIN,32:09:11,129,France,FR,,20-34,H
13120.jordi.comascorral,Jordi COMAS-CORRAL,32:14:55,130,Espagne,ES,,20-34,H
28644.patrick.balizet,Patrick BALIZET,32:17:40,131,France,FR,,45-49,H
76187.igor.bucek,Igor BUCEK,32:25:51,132,Slovaquie,SK,,45-49,H
37672.stephane.lestrade,Stephane LESTRADE,32:26:40,133,France,FR,,35-39,H
42859.remi.kuentzmann,Remi KUENTZMANN,32:27:14,134,France,FR,,45-49,H
8161.francois.ancey,Francois ANCEY,32:29:17,135,France,FR,,45-49,H
41596.patrick.gallot,Patrick GALLOT,32:33:35,136,France,FR,,40-44,H
76673.olivier.lafforgue,Olivier LAFFORGUE,32:34:00,137,France,FR,,40-44,H
42263.jacques.gillaux,Jacques GILLAUX,32:34:14,138,Brésil,BR,,45-49,H
41647.janne.marin,Janne MARIN,32:34:14,139,Finlande,FI,,35-39,H
76674.eduardo.marquinezblanco,Eduardo MARQUINEZ-BLANCO,32:37:50,140,Espagne,ES,,35-39,H
155055.juancarlos.santiago,Juan-Carlos SANTIAGO,32:37:50,141,Espagne,ES,,40-44,H
11177.patrick.fellay,Patrick FELLAY,32:42:49,142,Suisse,CH,,45-49,H
6289.mathieu.motsch,Mathieu MOTSCH,32:42:50,143,France,FR,,35-39,H
41171.franck.herbron,Franck HERBRON,32:42:59,144,France,FR,,35-39,H
11841.gotzon.ansoleagaurrutia,Gotzon ANSOLEAGA-URRUTIA,32:47:05,145,Espagne,ES,,35-39,H
8170.jeanmarc.pelbois,Jean-Marc PELBOIS,32:48:10,146,France,FR,,35-39,H
10824.stephane.pfend,Stephane PFEND,32:49:41,147,France,FR,,35-39,H
76676.olivier.servais,Olivier SERVAIS,32:53:55,148,Belgique,BE,,35-39,H
41620.emmanuel.petit,Emmanuel PETIT,32:54:12,149,France,FR,,40-44,H
30493.paolo.vettori,Paolo VETTORI,32:54:39,150,Italie,IT,,50-54,H
76580.denis.clerc,Denis CLERC,32:55:39,151,France,FR,,40-44,H
24572.etienne.roth,Etienne ROTH,32:57:41,152,France,FR,,35-39,H
19369.daniele.cesconetto,Daniele CESCONETTO,32:57:52,153,Italie,IT,,20-34,H
76677.david.momparlermartinez,David MOMPARLER-MARTINEZ,32:58:12,154,Espagne,ES,,35-39,H
74360.olivier.desebbe,Olivier DESEBBE,32:58:18,155,France,FR,,20-34,H
21272.stefano.colombo,Stefano COLOMBO,32:58:50,156,Italie,IT,,35-39,H
257.fanny.nedelec,Fanny NEDELEC,33:00:34,157,France,FR,,20-34,F
57671.armando.cavallo,Armando CAVALLO,33:03:34,158,Italie,IT,,35-39,H
57673.davide.pellegrino,Davide PELLEGRINO,33:03:35,159,Italie,IT,,40-44,H
20713.etienne.charberet,Etienne CHARBERET,33:04:34,160,France,FR,,20-34,H
76678.serge.lalannecassou,Serge LALANNE-CASSOU,33:07:31,161,France,FR,,50-54,H
8544.luc.dumontsaintpriest,Luc DUMONT-SAINT-PRIEST,33:09:48,162,France,FR,,40-44,H
41277.patrice.petiau,Patrice PETIAU,33:14:06,163,France,FR,,45-49,H
37685.david.marques,David MARQUES,33:14:08,164,France,FR,,45-49,H
76679.josio.thomas,Josio THOMAS,33:14:09,165,France,FR,,40-44,H
7062.michel.verhaeghe,Michel VERHAEGHE,33:15:37,166,France,FR,,20-34,H
19009.adolf.pirstinger,Adolf PIRSTINGER,33:15:38,167,Autriche,AT,,40-44,H
42787.jeanmarc.dossot,Jean-Marc DOSSOT,33:16:22,168,France,FR,,45-49,H
5067689.hardouinmonroy.ferdinando,Hardouin Monroy FERDINANDO,33:17:20,169,Italie,IT,,55-59,H
51166.allen.smalls,Allen SMALLS,33:18:36,170,Royaume-Uni,GB,,40-44,H
33312.patrick.begou,Patrick BEGOU,33:18:36,171,France,FR,,45-49,H
41600.christophe.doulat,Christophe DOULAT,33:18:36,172,France,FR,,45-49,H
10688.jeanpatrick.robin,Jean-Patrick ROBIN,33:22:29,173,France,FR,,45-49,H
11465.ludovic.dilmi,Ludovic DILMI,33:30:28,174,France,FR,,40-44,H
11506.didier.fion,Didier FION,33:35:54,175,France,FR,,50-54,H
10750.andre.delorme,Andre DELORME,33:35:55,176,France,FR,,55-59,H
10732.jeanluc.pigeault,Jean-Luc PIGEAULT,33:36:07,177,France,FR,,45-49,H
33310.alberto.motta,Alberto MOTTA,33:36:07,178,Italie,IT,,50-54,H
10551.florent.maire,Florent MAIRE,33:37:14,179,France,FR,,40-44,H
76406.agustinangel.merchantealfaro,Agustin-Angel MERCHANTE-ALFARO,33:45:11,180,Espagne,ES,,80+,H
76680.pascal.penot,Pascal PENOT,33:46:29,181,France,FR,,40-44,H
76681.mike.nelson,Mike NELSON,33:48:23,182,Royaume-Uni,GB,,60-64,H
33306.franck.ekmannian,Franck EKMANNIAN,33:49:08,183,France,FR,,35-39,H
23935.benoit.fayard,Benoit FAYARD,33:57:21,184,France,FR,,20-34,H
182.michel.feasson,Michel FEASSON,33:58:05,185,France,FR,,60-64,H
27906.yves.merand,Yves MERAND,33:59:03,186,France,FR,,45-49,H
11516.pierrehenri.jouneau,Pierre-Henri JOUNEAU,34:00:51,187,France,FR,,40-44,H
58356.christophe.descateaux,Christophe DESCATEAUX,34:00:58,188,France,FR,,35-39,H
76682.didier.graciet,Didier GRACIET,34:00:59,189,France,FR,,35-39,H
27107.frederic.pierre,Frederic PIERRE,34:00:59,190,France,FR,,40-44,H
13587.inaki.perezmedina,Iñaki PEREZ-MEDINA,34:01:17,191,Espagne,ES,,35-39,H
11658.werner.schweizer,Werner SCHWEIZER,34:05:09,192,Suisse,CH,,65-69,H
19048.ernesto.sicurelli,Ernesto SICURELLI,34:06:35,193,Suisse,CH,,60-64,H
21222.francesca.gualco,Francesca GUALCO,34:06:35,194,Italie,IT,,35-39,F
8201.matthieu.hubert,Matthieu HUBERT,34:07:16,195,France,FR,,20-34,H
43545.michael.jeannet,Michael JEANNET,34:08:38,196,France,FR,,20-34,H
7551159.unknown.unknown,Unknown Unknown,34:08:44,197,France,FR,,80+,H
42290.alexandre.arnoux,Alexandre ARNOUX,34:08:46,198,France,FR,,20-34,H
33351.jeanlouis.perino,Jean-Louis PERINO,34:11:28,199,France,FR,,55-59,H
21295.massimiliano.fancoli,Massimiliano FANCOLI,34:13:54,200,Italie,IT,,20-34,H
42502.millo.moravski,Millo MORAVSKI,34:15:48,201,France,FR,,35-39,H
30039.bruno.mollaret,Bruno MOLLARET,34:17:49,202,France,FR,,45-49,H
76683.eric.olaso,Eric OLASO,34:17:49,203,France,FR,,35-39,H
6328.christophe.simon,Christophe SIMON,34:20:33,204,France,FR,,20-34,H
33304.fabrice.dufus,Fabrice DUFUS,34:20:54,205,France,FR,,35-39,H
30635.andrea.fiori,Andrea FIORI,34:29:02,206,Italie,IT,,20-34,H
6670.philippe.duvalet,Philippe DUVALET,34:30:25,207,France,FR,,50-54,H
41377.jerome.imbert,Jerome IMBERT,34:32:10,208,France,FR,,35-39,H
24573.thierry.demmerle,Thierry DEMMERLE,34:32:10,209,France,FR,,35-39,H
14106.franck.heuze,Franck HEUZE,34:34:11,210,France,FR,,40-44,H
33321.hubert.bruchon,Hubert BRUCHON,34:37:01,211,France,FR,,40-44,H
6644.georges.goutagny,Georges GOUTAGNY,34:38:31,212,France,FR,,45-49,H
76684.julien.jalabert,Julien JALABERT,34:40:54,213,France,FR,,80+,H
10561.jeanluc.gillet,Jean-Luc GILLET,34:40:57,214,France,FR,,45-49,H
41609.eric.sanz,Eric SANZ,34:40:57,215,France,FR,,40-44,H
76440.daniel.egli,Daniel EGLI,34:40:57,216,Suisse,CH,,40-44,H
75932.benoit.poupinet,Benoit POUPINET,34:40:58,217,France,FR,,40-44,H
74342.jeanpaul.plazanet,Jean-Paul PLAZANET,34:41:24,218,France,FR,,40-44,H
76685.raymond.rebischung,Raymond REBISCHUNG,34:42:31,219,France,FR,,55-59,H
11200.christophe.arlot,Christophe ARLOT,34:43:24,220,France,FR,,40-44,H
11127.franck.dorne,Franck DORNE,34:43:25,221,France,FR,,40-44,H
76686.fabien.richard,Fabien RICHARD,34:46:53,222,France,FR,,35-39,H
42274.jeanluc.richeux,Jean-Luc RICHEUX,34:49:08,223,France,FR,,45-49,H
76449.christophe.mathevet,Christophe MATHEVET,34:49:08,224,France,FR,,45-49,H
51203.simon.ellis,Simon ELLIS,34:49:36,225,Royaume-Uni,GB,,40-44,H
19265.christian.doliana,Christian DOLIANA,34:52:49,226,Italie,IT,,35-39,H
19266.fabio.varesco,Fabio VARESCO,34:52:50,227,Italie,IT,,45-49,H
19988.patrick.leuenberger,Patrick LEUENBERGER,34:53:13,228,Suisse,CH,,35-39,H
20156.juleshenri.gabioud,Jules-Henri GABIOUD,34:54:21,229,Suisse,CH,,20-34,H
75983.gael.obein,Gael OBEIN,34:57:32,230,France,FR,,35-39,H
6616.jeanphilippe.lanfranchi,Jean-Philippe LANFRANCHI,35:08:58,231,France,FR,,35-39,H
7674.jerome.gouffrant,Jerome GOUFFRANT,35:13:28,232,France,FR,,40-44,H
7286.patrice.kirren,Patrice KIRREN,35:17:09,233,France,FR,,45-49,H
57644.girolamo.brusca,Girolamo BRUSCA,35:17:26,234,Italie,IT,,45-49,H
42846.marc.etiemble,Marc ETIEMBLE,35:17:29,235,France,FR,,35-39,H
42519.sylvie.vulliet,Sylvie VULLIET,35:17:41,236,France,FR,,40-44,F
8907.cyril.ollagnier,Cyril OLLAGNIER,35:18:49,237,France,FR,,35-39,H
6701.bernard.ginetti,Bernard GINETTI,35:19:00,238,Belgique,BE,,40-44,H
11796.antonioluis.mudarrasanchez,Antonio-Luis MUDARRA-SANCHEZ,35:19:41,239,Espagne,ES,,40-44,H
74966.pascal.laperrousaz,Pascal LAPERROUSAZ,35:22:46,240,France,FR,,50-54,H
1331.laurent.naudenot,Laurent NAUDENOT,35:27:58,241,France,FR,,20-34,H
42713.jerome.travers,Jerome TRAVERS,35:27:59,242,France,FR,,20-34,H
18738.lewis.grundy,Lewis GRUNDY,35:28:18,243,Allemagne,DE,,40-44,H
28180.patrick.gunsett,Patrick GUNSETT,35:30:39,244,France,FR,,45-49,H
55499.stergios.anastasiadis,Stergios ANASTASIADIS,35:39:30,245,Grèce,GR,,35-39,H
224402.alessia.bertolino,Alessia BERTOLINO,35:43:47,246,Italie,IT,,35-39,F
57687.alcide.prati,Alcide PRATI,35:43:47,247,Italie,IT,,50-54,H
8154.pierre.horeau,Pierre HOREAU,35:47:18,248,France,FR,,20-34,H
37748.marcel.elgart,Marcel ELGART,35:47:19,249,France,FR,,40-44,H
41494.sylvain.coron,Sylvain CORON,35:47:19,250,France,FR,,35-39,H
5174763.jeanmaurice.abbet,Jean-Maurice ABBET,35:47:33,251,Suisse,CH,,45-49,H
76688.rene.usandisagadartaguie,Rene USANDISAGA-DARTAGUIE,35:47:43,252,France,FR,,40-44,H
76689.erwin.thur,Erwin THUR,35:47:43,253,Suisse,CH,,55-59,H
19900.laurent.giuliani,Laurent GIULIANI,35:47:49,254,Suisse,CH,,40-44,H
11175.bernard.ferrier,Bernard FERRIER,35:47:56,255,France,FR,,55-59,H
76690.carlos.macias,Carlos MACIAS,35:48:35,256,Espagne,ES,,40-44,H
48861.gianni.vanzan,Gianni VANZAN,35:49:34,257,Italie,IT,,35-39,H
30296.christian.chevalier,Christian CHEVALIER,35:53:39,258,France,FR,,45-49,H
38941.mohsen.jabri,Mohsen JABRI,35:53:39,259,Tunisie,TN,,50-54,H
75959.raphael.cheriet,Raphael CHERIET,35:56:17,260,France,FR,,40-44,H
10549.ludovic.faure,Ludovic FAURE,35:56:18,261,France,FR,,40-44,H
24265.herve.schoenenberger,Herve SCHOENENBERGER,35:57:03,262,France,FR,,40-44,H
11532.roland.poly,Roland POLY,35:57:52,263,France,FR,,55-59,H
25976.pierre.allaire,Pierre ALLAIRE,35:58:02,264,France,FR,,45-49,H
32919.patrice.balard,Patrice BALARD,35:58:02,265,France,FR,,40-44,H
76214.herve.demirdjian,Herve DEMIRDJIAN,36:01:44,266,France,FR,,40-44,H
33474.magali.juvenal,Magali JUVENAL,36:01:44,267,France,FR,,35-39,F
40284.stephane.berthe,Stephane BERTHE,36:04:12,268,France,FR,,35-39,H
48686.franco.radaelli,Franco RADAELLI,36:04:55,269,Italie,IT,,40-44,H
17266.todd.holmes,Todd HOLMES,36:08:03,270,Etats-Unis,US,,50-54,H
1976709.petergabor.horvath,Peter Gabor HORVATH,36:09:06,271,Hongrie,HU,,35-39,H
48836.claude.lambin,Claude LAMBIN,36:11:57,272,Belgique,BE,,45-49,H
33317.duilio.chiri,Duilio CHIRI,36:12:30,273,Italie,IT,,50-54,H
8780.thierry.soulier,Thierry SOULIER,36:14:46,274,France,FR,,45-49,H
76691.marc.simon,Marc SIMON,36:17:02,275,Belgique,BE,,50-54,H
25246.francis.baudet,Francis BAUDET,36:22:20,276,France,FR,,50-54,H
12691.felix.benz,Felix BENZ,36:22:20,277,Suisse,CH,,45-49,H
144809.wilfried.benoist,Wilfried BENOIST,36:27:21,278,France,FR,,20-34,H
76431.christophe.dedouche,Christophe DEDOUCHE,36:27:27,279,France,FR,,80+,H
76222.romain.lelong,Romain LELONG,36:27:30,280,France,FR,,20-34,H
76692.pierre.candelier,Pierre CANDELIER,36:27:33,281,France,FR,,45-49,H
76693.laurent.burgat,Laurent BURGAT,36:28:09,282,France,FR,,40-44,H
76694.serge.karius,Serge KARIUS,36:28:09,283,France,FR,,50-54,H
1235.luigi.mazzocchi,Luigi MAZZOCCHI,36:29:07,284,Italie,IT,,50-54,H
19058.martina.juda,Martina JUDA,36:29:52,285,République tchèque,CZ,,20-34,F
30318.claude.rama,Claude RAMA,36:31:04,286,France,FR,,50-54,H
27918.christophe.lazzarotto,Christophe LAZZAROTTO,36:32:51,287,France,FR,,35-39,H
20165.olivier.mayer,Olivier MAYER,36:33:46,288,France,FR,,35-39,H
76695.tomas.claramontegil,Tomas CLARAMONTE-GIL,36:36:29,289,Espagne,ES,,45-49,H
75955.bruno.doridant,Bruno DORIDANT,36:39:24,290,France,FR,,45-49,H
52232.tony.wimbush,Tony WIMBUSH,36:39:24,291,Royaume-Uni,GB,,55-59,H
76696.denis.chaigneau,Denis CHAIGNEAU,36:39:25,292,France,FR,,50-54,H
24567.serge.locatelli,Serge LOCATELLI,36:40:23,293,France,FR,,40-44,H
19328.ernesto.deviardi,Ernesto DEVIARDI,36:40:53,294,Italie,IT,,55-59,H
,Anonymous,36:40:53,295,Italie,IT,,20-34,H
76697.josepantoni.penalvasola,Josep-Antoni PENALVA SOLA,36:44:16,296,Espagne,ES,,40-44,H
8295.laurent.tissot,Laurent TISSOT,36:47:17,297,France,FR,,40-44,H
27990.cedric.charvin,Cedric CHARVIN,36:47:17,298,France,FR,,20-34,H
41636.emmanuel.sery,Emmanuel SERY,36:47:17,299,France,FR,,35-39,H
13910.jordi.puigmorral,Jordi PUIG-MORRAL,36:47:59,300,Espagne,ES,,80+,H
76445.ismael.molina,Ismael MOLINA,36:49:53,301,Espagne,ES,,20-34,H
76698.patrice.pouradier,Patrice POURADIER,36:51:22,302,France,FR,,80+,H
76699.marielaure.mazoyer,Marie-Laure MAZOYER,36:52:39,303,France,FR,,20-34,F
41961.gabriel.savary,Gabriel SAVARY,36:53:01,304,Suisse,CH,,20-34,H
76700.hubert.carton,Hubert CARTON,36:53:18,305,Belgique,BE,,50-54,H
76701.fabrice.leistner,Fabrice LEISTNER,36:53:35,306,France,FR,,80+,H
51170.richard.cunningham,Richard CUNNINGHAM,36:53:37,307,Royaume-Uni,GB,,35-39,H
24203.pierre.mialocq,Pierre MIALOCQ,36:55:09,308,France,FR,,50-54,H
76259.jean.bordes,Jean BORDES,36:55:10,309,France,FR,,60-64,H
26591.bruno.catherine,Bruno CATHERINE,36:55:12,310,France,FR,,40-44,H
1614277.inaki.agirrezabalaga,Inaki AGIRREZABALAGA,36:58:25,311,Espagne,ES,,20-34,H
41670.gabriele.bortolotto,Gabriele BORTOLOTTO,36:59:23,312,Italie,IT,,35-39,H
2428.jamshid.khajavi,Jamshid KHAJAVI,36:59:23,313,Etats-Unis,US,,55-59,H
74387.jeanmarie.lebrun,Jean-Marie LE BRUN,37:01:48,314,France,FR,,20-34,H
7672.ginette.morettorumeau,Ginette MORETTO-RUMEAU,37:02:51,315,France,FR,,55-59,F
6905.laurent.martin,Laurent MARTIN,37:02:52,316,France,FR,,35-39,H
41677.olivier.jacqueau,Olivier JACQUEAU,37:02:54,317,France,FR,,45-49,H
239.xavier.despringre,Xavier DESPRINGRE,37:02:54,318,France,FR,,45-49,H
130.laszlo.fridrich,Laszlo FRIDRICH,37:03:33,319,Hongrie,HU,,20-34,H
76524.josemiguel.salvadorgozalbo,Jose-Miguel SALVADOR-GOZALBO,37:09:38,320,Espagne,ES,,80+,H
76702.thierry.devilleduc,Thierry DEVILLEDUC,37:09:56,321,France,FR,,50-54,H
72349.jan.babicky,Jan BABICKY,37:10:10,322,République tchèque,CZ,,20-34,H
75948.christophe.carminati,Christophe CARMINATI,37:12:56,323,France,FR,,40-44,H
8245.thierry.delaprez,Thierry DELAPREZ,37:12:56,324,France,FR,,45-49,H
76429.atis.plakans,Atis PLAKANS,37:13:29,325,Lettonie,LV,,40-44,H
76703.paul.champion,Paul CHAMPION,37:13:49,326,Royaume-Uni,GB,,80+,H
28186.gerald.smith,Gerald SMITH,37:13:51,327,Royaume-Uni,GB,,35-39,H
26547.thierry.guyon,Thierry GUYON,37:14:14,328,France,FR,,45-49,H
48398.alain.grimani,Alain GRIMANI,37:15:40,329,France,FR,,20-34,H
6116.lionel.courjaud,Lionel COURJAUD,37:16:59,330,France,FR,,50-54,H
10664.stephane.roudnitska,Stephane ROUDNITSKA,37:19:20,331,France,FR,,20-34,H
74392.josef.arnold,Josef ARNOLD,37:19:56,332,Suisse,CH,,60-64,H
11586.eric.monier,Eric MONIER,37:20:47,333,France,FR,,50-54,H
8346.guy.bouthemy,Guy BOUTHEMY,37:21:33,334,France,FR,,50-54,H
76704.pierreyves.morice,Pierre-Yves MORICE,37:23:51,335,France,FR,,45-49,H
41403.eric.mariettelaban,Eric MARIETTE-LABAN,37:26:12,336,France,FR,,45-49,H
12415.luisa.balsamo,Luisa BALSAMO,37:26:44,337,Italie,IT,,40-44,F
8835.roland.crenn,Roland CRENN,37:26:47,338,France,FR,,45-49,H
688934.thierry.pommier,Thierry POMMIER,37:28:17,339,France,FR,,40-44,H
353.eric.bouisset,Eric BOUISSET,37:28:17,340,France,FR,,55-59,H
8526.marco.galletto,Marco GALLETTO,37:31:00,341,Italie,IT,,45-49,H
57651.darija.bostjancic,Darija BOSTJANCIC,37:35:14,342,Croatie,HR,,20-34,F
75953.gerald.gaborieau,Gerald GABORIEAU,37:35:25,343,Belgique,BE,,40-44,H
76456.xavier.chau,Xavier CHAU,37:35:27,344,France,FR,,45-49,H
9976.jeanmarc.fortane,Jean Marc FORTANE,37:35:46,345,France,FR,,45-49,H
57649.jeanpaul.maurici,Jean-Paul MAURICI,37:35:47,346,France,FR,,45-49,H
4942267.pererik.larsson,Per Erik LARSSON,37:37:21,347,Suède,SE,,45-49,H
932.denis.bouteille,Denis BOUTEILLE,37:38:19,348,France,FR,,45-49,H
76705.jeanmarc.astruc,Jean-Marc ASTRUC,37:38:37,349,France,FR,,45-49,H
76706.stephane.halbaut,Stephane HALBAUT,37:38:54,350,France,FR,,45-49,H
24087.stephane.houbre,Stephane HOUBRE,37:39:15,351,France,FR,,35-39,H
55411.christos.voulgaridis,Christos VOULGARIDIS,37:39:17,352,Grèce,GR,,35-39,H
24676.jerome.vandooren,Jerome VAN DOOREN,37:39:35,353,Belgique,BE,,20-34,H
24539.sebastien.janiaud,Sebastien JANIAUD,37:40:22,354,France,FR,,20-34,H
19984.michel.bovy,Michel BOVY,37:43:55,355,France,FR,,55-59,H
25993.philippe.routier,Philippe ROUTIER,37:44:08,356,France,FR,,35-39,H
,Anonymous,37:44:08,357,France,FR,,40-44,H
26617.jacques.benzerara,Jacques BENZERARA,37:44:49,358,France,FR,,55-59,H
20170.candide.gabioud,Candide GABIOUD,37:46:50,359,Suisse,CH,,20-34,H
6627.thierry.crussy,Thierry CRUSSY,37:48:01,360,France,FR,,40-44,H
12656.matt.neale,Matt NEALE,37:49:39,361,Royaume-Uni,GB,,35-39,H
74377.eric.leroux,Eric LE ROUX,37:51:12,362,France,FR,,20-34,H
76708.gary.attewell,Gary ATTEWELL,37:52:05,363,Royaume-Uni,GB,,50-54,H
76709.glyn.sawford,Glyn SAWFORD,37:52:05,364,Royaume-Uni,GB,,50-54,H
19762.rinaldo.settimi,Rinaldo SETTIMI,37:52:05,365,Italie,IT,,40-44,H
28584.damien.petitjean,Damien PETITJEAN,37:52:23,366,France,FR,,20-34,H
41196.philippe.gimbert,Philippe GIMBERT,37:52:37,367,France,FR,,50-54,H
11671.bernard.roumagnac,Bernard ROUMAGNAC,37:52:55,368,Suisse,CH,,40-44,H
72382.bernard.sermet,Bernard SERMET,37:53:35,369,France,FR,,40-44,H
23415.carol.gerber,Carol GERBER,37:53:35,370,Etats-Unis,US,,45-49,F
13804.evamaria.brana,Eva-Maria BRANA,37:54:13,371,Espagne,ES,,20-34,F
76710.franciscodeasis.perezfernandez,Francisco-De_Asis PEREZ-FERNANDEZ,37:54:13,372,Espagne,ES,,40-44,H
76465.clement.latour,Clement LATOUR,37:54:16,373,France,FR,,80+,H
76711.claude.barthelon,Claude BARTHELON,37:54:50,374,France,FR,,45-49,H
76712.manuel.fischer,Manuel FISCHER,37:54:54,375,Allemagne,DE,,40-44,H
76713.francis.gaillard,Francis GAILLARD,37:56:22,376,France,FR,,40-44,H
76714.jason.french,Jason FRENCH,37:58:04,377,Royaume-Uni,GB,,35-39,H
51775.hugh.kerr,Hugh KERR,37:58:04,378,Royaume-Uni,GB,,20-34,H
55392.frederic.barbie,Frederic BARBIE,37:58:57,379,France,FR,,35-39,H
43753.john.cochet,John COCHET,37:58:57,380,France,FR,,20-34,H
40325.laurent.charpentier,Laurent CHARPENTIER,37:59:13,381,France,FR,,20-34,H
76240.didier.sarazin,Didier SARAZIN,38:00:40,382,France,FR,,45-49,H
76715.jeanpierre.paquet,Jean-Pierre PAQUET,38:02:51,383,France,FR,,45-49,H
48763.patrick.deschamps,Patrick DESCHAMPS,38:02:52,384,France,FR,,55-59,H
2811.marco.melchiorri,Marco MELCHIORRI,38:04:14,385,Italie,IT,,45-49,H
8699.salvador.soriano,Salvador SORIANO,38:04:27,386,France,FR,,45-49,H
8714.genevieve.bardonsoriano,Genevieve BARDON-SORIANO,38:04:28,387,France,FR,,45-49,F
17829.andre.marquette,Andre MARQUETTE,38:04:36,388,Canada,CA,,40-44,H
76716.iker.agirrebalzategiguridi,Iker AGIRREBALZATEGI-GURIDI,38:06:36,389,Espagne,ES,,80+,H
76717.iban.isastilazkano,Iban ISASTI-LAZKANO,38:06:36,390,Espagne,ES,,35-39,H
19611.cesare.ornati,Cesare ORNATI,38:07:20,391,Italie,IT,,50-54,H
76718.xavier.melet,Xavier MELET,38:08:17,392,France,FR,,80+,H
41663.anastasios.mastrotheodoros,Anastasios MASTROTHEODOROS,38:10:00,393,Grèce,GR,,45-49,H
32277.angel.molinabalsera,Angel MOLINA-BALSERA,38:10:06,394,Espagne,ES,,50-54,H
,Anonymous,38:11:13,395,France,FR,,35-39,H
767548.thierry.tabareau,Thierry TABAREAU,38:11:45,396,France,FR,,45-49,H
48826.maurizio.angella,Maurizio ANGELLA,38:12:22,397,Italie,IT,,45-49,H
8583.eric.javet,Eric JAVET,38:13:26,398,France,FR,,45-49,H
6626.thierry.tescari,Thierry TESCARI,38:16:28,399,France,FR,,40-44,H
41307.arnaud.souloumiac,Arnaud SOULOUMIAC,38:19:16,400,France,FR,,35-39,H
20751.alain.lehmann,Alain LEHMANN,38:19:37,401,Suisse,CH,,40-44,H
28704.elisabeth.blanc,Elisabeth BLANC,38:20:33,402,France,FR,,55-59,F
76719.frederic.delloye,Frederic DELLOYE,38:22:58,403,France,FR,,80+,H
3375551.olivier.poujade,Olivier POUJADE,38:24:13,404,France,FR,,35-39,H
74383.salvador.cervera,Salvador CERVERA,38:24:24,405,France,FR,,80+,H
30352.franck.delmas,Franck DELMAS,38:26:33,406,France,FR,,35-39,H
8790.jeancamille.roy,Jean-Camille ROY,38:26:39,407,France,FR,,50-54,H
76720.jordi.bortjuan,Jordi BORT-JUAN,38:27:27,408,Espagne,ES,,20-34,H
9931.jeanmarc.salaris,Jean-Marc SALARIS,38:28:52,409,France,FR,,40-44,H
71.jerome.haguenin,Jerome HAGUENIN,38:29:00,410,France,FR,,40-44,H
72844.henrico.victoire,Henrico VICTOIRE,38:29:09,411,France,FR,,35-39,H
72853.idriss.mall,Idriss MALL,38:29:09,412,France,FR,,45-49,H
72375.ghislaine.ribotte,Ghislaine RIBOTTE,38:29:09,413,France,FR,,35-39,F
76721.gilles.pascal,Gilles PASCAL,38:30:03,414,France,FR,,50-54,H
43035.cecile.daquin,Cecile DAQUIN,38:30:04,415,France,FR,,40-44,F
33404.christophe.antonoff,Christophe ANTONOFF,38:31:19,416,France,FR,,20-34,H
44703.gerard.brunodet,Gerard BRUNODET,38:31:27,417,Italie,IT,,20-34,H
76722.franck.prost,Franck PROST,38:32:54,418,France,FR,,40-44,H
19334.carlo.semino,Carlo SEMINO,38:34:29,419,Italie,IT,,35-39,H
37939.marco.dallocchio,Marco DALLOCCHIO,38:34:35,420,Italie,IT,,35-39,H
42249.sebastien.delannoy,Sebastien DELANNOY,38:35:27,421,Belgique,BE,,20-34,H
27987.patrice.blanc,Patrice BLANC,38:35:28,422,France,FR,,50-54,H
8693.alain.esquis,Alain ESQUIS,38:36:25,423,France,FR,,55-59,H
26044.thierry.caer,Thierry CAER,38:36:37,424,France,FR,,35-39,H
76473.remy.bloch,Rémy BLOC'H,38:36:37,425,France,FR,,40-44,H
48016.hilary.sharp,Hilary SHARP,38:39:20,426,Royaume-Uni,GB,,45-49,F
76723.jerome.farano,Jerome FARANO,38:39:21,427,France,FR,,40-44,H
73237.michel.aubert,Michel AUBERT,38:40:15,428,France,FR,,45-49,H
38848.francois.lemoal,Francois LE MOAL,38:40:32,429,France,FR,,40-44,H
10560.patrice.francois,Patrice FRANCOIS,38:40:46,430,France,FR,,40-44,H
21046.luciano.micheletti,Luciano MICHELETTI,38:43:38,431,Italie,IT,,50-54,H
52198.martin.beale,Martin BEALE,38:44:05,432,Royaume-Uni,GB,,40-44,H
10699.claude.desbordes,Claude DESBORDES,38:44:26,433,France,FR,,45-49,H
10761.francois.briere,Francois BRIERE,38:44:26,434,France,FR,,45-49,H
11507.laurent.doussot,Laurent DOUSSOT,38:44:26,435,France,FR,,40-44,H
8500.gideon.zadoks,Gideon ZADOKS,38:44:49,436,Pays-Bas,NL,,40-44,H
76724.sebastien.truet,Sebastien TRUET,38:45:21,437,France,FR,,20-34,H
39474.jeanpierre.vaugon,Jean-Pierre VAUGON,38:45:22,438,France,FR,,45-49,H
43899.pierre.mechentel,Pierre MECHENTEL,38:45:26,439,France,FR,,40-44,H
29988.jeanclaude.letellier,Jean-Claude LETELLIER,38:45:33,440,France,FR,,35-39,H
76725.eric.antolin,Eric ANTOLIN,38:46:13,441,France,FR,,45-49,H
76726.felipe.rodrigueznuero,Felipe RODRIGUEZ-NUERO,38:47:18,442,Espagne,ES,,45-49,H
76727.arnaud.saltes,Arnaud SALTES,38:47:40,443,France,FR,,45-49,H
76728.mickael.dezanet,Mickael DE ZANET,38:49:33,444,France,FR,,80+,H
26509.patrick.poivet,Patrick POIVET,38:49:43,445,France,FR,,45-49,H
76729.franck.hirtz,Franck HIRTZ,38:50:08,446,France,FR,,35-39,H
76730.colin.kirkman,Colin KIRKMAN,38:51:04,447,Royaume-Uni,GB,,80+,H
74358.emilio.vizcainohungria,Emilio VIZCAINO-HUNGRIA,38:51:29,448,Espagne,ES,,35-39,H
28118.jerome.ballu,Jerome BALLU,38:52:15,449,France,FR,,35-39,H
41957.laurent.perrier,Laurent PERRIER,38:52:16,450,France,FR,,35-39,H
76731.renaud.girard,Renaud GIRARD,38:52:16,451,France,FR,,U18,H
37684.jeandavid.javegny,Jean-David JAVEGNY,38:54:34,452,France,FR,,40-44,H
76732.ara.khatchadourian,Ara KHATCHADOURIAN,38:54:35,453,France,FR,,40-44,H
20228.guy.formaz,Guy FORMAZ,38:54:55,454,Suisse,CH,,70-74,H
20206.denis.formaz,Denis FORMAZ,38:54:56,455,Suisse,CH,,35-39,H
7671.luc.blondey,Luc BLONDEY,38:55:15,456,France,FR,,45-49,H
41668.stefano.tonchi,Stefano TONCHI,38:55:26,457,Italie,IT,,40-44,H
41197.stephane.alleguede,Stephane ALLEGUEDE,38:57:17,458,France,FR,,35-39,H
8405.antoine.terray,Antoine TERRAY,38:59:17,459,France,FR,,45-49,H
,Anonymous,38:59:17,460,France,FR,,35-39,H
76733.johnnie.watson,Johnnie WATSON,38:59:45,461,Royaume-Uni,GB,,35-39,H
13623.gregorio.ascacibarsoriano,Gregorio ASCACIBAR-SORIANO,38:59:52,462,Espagne,ES,,60-64,H
27492.frederic.richard,Frederic RICHARD,39:00:08,463,France,FR,,20-34,H
39215.thierry.alary,Thierry ALARY,39:00:23,464,France,FR,,45-49,H
7035.marc.bourdonneau,Marc BOURDONNEAU,39:00:31,465,France,FR,,35-39,H
74955.jeanmarie.rouault,Jean-Marie ROUAULT,39:01:15,466,France,FR,,40-44,H
27937.marc.francoisbrazier,Marc FRANCOIS-BRAZIER,39:01:23,467,France,FR,,45-49,H
76734.leon.trousselier,Leon TROUSSELIER,39:01:37,468,France,FR,,45-49,H
72609.lloyd.johnston,Lloyd JOHNSTON,39:03:00,469,Royaume-Uni,GB,,45-49,H
74515.herve.lamouche,Herve LAMOUCHE,39:04:20,470,France,FR,,40-44,H
41635.luigi.negri,Luigi NEGRI,39:04:25,471,Italie,IT,,35-39,H
21110.stefano.puiati,Stefano PUIATI,39:04:25,472,Italie,IT,,40-44,H
76735.joseph.olasagasti,Joseph OLASAGASTI,39:04:56,473,France,FR,,35-39,H
76736.franc.sanchezgarcia,Franc SANCHEZ-GARCIA,39:06:14,474,Espagne,ES,,80+,H
76737.jordi.figolsmoral,Jordi FIGOLS-MORAL,39:06:14,475,Espagne,ES,,20-34,H
31638.xavier.palasala,Xavier PALA-SALA,39:06:15,476,Espagne,ES,,80+,H
28652.gilles.cormier,Gilles CORMIER,39:08:36,477,France,FR,,45-49,H
11699.david.blanc,David BLANC,39:08:39,478,France,FR,,20-34,H
76303.gerard.finistre,Gerard FINISTRE,39:12:15,479,France,FR,,55-59,H
59084.alberto.castellino,Alberto CASTELLINO,39:14:10,480,Italie,IT,,40-44,H
41617.pascal.leonardi,Pascal LEONARDI,39:14:31,481,France,FR,,40-44,H
75976.jeanpierre.miquel,Jean-Pierre MIQUEL,39:15:16,482,France,FR,,40-44,H
76738.jeannoel.montpellier,Jean-Noel MONTPELLIER,39:15:17,483,France,FR,,80+,H
231.carmen.hildebrand,Carmen HILDEBRAND,39:16:03,484,Allemagne,DE,,35-39,F
76739.inocencio.moreno,Inocencio MORENO,39:17:11,485,Espagne,ES,,80+,H
76740.yvette.varagnat,Yvette VARAGNAT,39:17:27,486,France,FR,,35-39,F
21572.jonathan.worswick,Jonathan WORSWICK,39:17:38,487,Australie,AU,,45-49,H
34701.andrea.galimberti,Andrea GALIMBERTI,39:18:24,488,Italie,IT,,35-39,H
30365.christian.miege,Christian MIEGE,39:18:59,489,France,FR,,50-54,H
263.alexandre.forestieri,Alexandre FORESTIERI,39:20:20,490,France,FR,,20-34,H
76223.emeric.virton,Emeric VIRTON,39:22:08,491,France,FR,,35-39,H
7076.didier.thete,Didier THETE,39:22:09,492,France,FR,,40-44,H
48431.ralf.knodel,Ralf KNODEL,39:22:51,493,Allemagne,DE,,45-49,H
64587.gunter.margraf,Günter MARGRAF,39:22:51,494,Allemagne,DE,,20-34,H
13185.markus.flick,Markus FLICK,39:22:52,495,Allemagne,DE,,40-44,H
73789.jeanluc.granjon,Jean-Luc GRANJON,39:23:02,496,France,FR,,45-49,H
43559.paolo.bertini,Paolo BERTINI,39:24:17,497,Italie,IT,,45-49,H
76741.jurgen.heilbock,Jürgen HEILBOCK,39:25:21,498,Allemagne,DE,,40-44,H
74416.laurent.gergele,Laurent GERGELE,39:26:24,499,France,FR,,20-34,H
76742.juancarlos.gonzalezrubio,Juan Carlos GONZALEZ RUBIO,39:26:35,500,Espagne,ES,,40-44,H
7540.yvan.masson,Yvan MASSON,39:26:43,501,France,FR,,20-34,H
10279.mauro.saroglia,Mauro SAROGLIA,39:27:02,502,Italie,IT,,45-49,H
20999.elio.foiadelli,Elio FOIADELLI,39:27:38,503,Italie,IT,,45-49,H
21227.marco.cattaneo,Marco CATTANEO,39:27:38,504,Italie,IT,,45-49,H
51290.mark.brooks,Mark BROOKS,39:27:55,505,Royaume-Uni,GB,,40-44,H
76115.asgeir.eliasson,Asgeir ELIASSON,39:28:06,506,Islande,IS,,45-49,H
76743.pierre.moussion,Pierre MOUSSION,39:29:27,507,France,FR,,60-64,H
76511.franck.recasens,Franck RECASENS,39:30:02,508,France,FR,,40-44,H
48820.piergiorgio.iacuzzo,Piergiorgio IACUZZO,39:30:06,509,Italie,IT,,40-44,H
76744.philippe.closon,Philippe CLOSON,39:32:14,510,Belgique,BE,,20-34,H
76745.francesc.colomersaborit,Francesc COLOMER-SABORIT,39:32:46,511,Espagne,ES,,80+,H
76459.albert.munozmunoz,Albert MUNOZ-MUNOZ,39:32:46,512,Espagne,ES,,35-39,H
31721.francescxavier.illamolavilalta,Francesc-Xavier ILLAMOLA-VILALTA,39:32:46,513,Espagne,ES,,20-34,H
76746.jeanmarie.fostroy,Jean-Marie FOSTROY,39:32:58,514,Belgique,BE,,80+,H
74353.marieange.fort,Marie-Ange FORT,39:33:22,515,France,FR,,40-44,F
43481.gilbert.petillon,Gilbert PETILLON,39:33:56,516,France,FR,,55-59,H
37887.jeanchristophe.iratzoquy,Jean-Christophe IRATZOQUY,39:34:07,517,France,FR,,40-44,H
37789.eric.arveux,Eric ARVEUX,39:34:07,518,France,FR,,45-49,H
74985.claude.molet,Claude MOLET,39:34:52,519,France,FR,,50-54,H
39741.didier.valade,Didier VALADE,39:35:29,520,France,FR,,45-49,H
74644.gerard.bonnet,Gerard BONNET,39:35:29,521,France,FR,,40-44,H
7158.franck.lamotte,Franck LAMOTTE,39:35:32,522,France,FR,,20-34,H
76747.nicolas.gomord,Nicolas GOMORD,39:35:47,523,France,FR,,80+,H
30344.jackie.berteloot,Jackie BERTELOOT,39:37:48,524,France,FR,,45-49,H
43591.julia.roussetsouque,Julia ROUSSET-SOUQUE,39:39:42,525,France,FR,,20-34,F
76226.jerome.hautebas,Jerome HAUTEBAS,39:39:42,526,France,FR,,40-44,H
76748.vincent.weber,Vincent WEBER,39:39:43,527,France,FR,,20-34,H
76749.alexandra.rousset,Alexandra ROUSSET,39:39:43,528,France,FR,,35-39,F
43517.jeanpaul.repussard,Jean-Paul REPUSSARD,39:39:44,529,France,FR,,45-49,H
19207.walter.ratsch,Walter RÄTSCH,39:39:52,530,Allemagne,DE,,55-59,H
76750.roger.ragheboom,Roger RAGHEBOOM,39:39:53,531,France,FR,,40-44,H
74406.gregory.jackowiak,Gregory JACKOWIAK,39:39:56,532,France,FR,,20-34,H
6303.philippe.palous,Philippe PALOUS,39:41:02,533,France,FR,,35-39,H
44281.agostino.lalla,Agostino LALLA,39:41:07,534,Italie,IT,,80+,H
72338.jeancharles.guilhem,Jean-Charles GUILHEM,39:41:51,535,France,FR,,50-54,H
42504.arnaud.clapuyt,Arnaud CLAPUYT,39:42:07,536,France,FR,,20-34,H
19720.lorenzo.amore,Lorenzo AMORE,39:42:13,537,Italie,IT,,20-34,H
76752.bruno.plessis,Bruno PLESSIS,39:42:46,538,France,FR,,45-49,H
30372.jeanbenoit.thiel,Jean-Benoit THIEL,39:44:13,539,France,FR,,20-34,H
38750.laurent.soulie,Laurent SOULIE,39:45:04,540,France,FR,,40-44,H
24651.aldo.callsen,Aldo CALLSEN,39:45:18,541,France,FR,,45-49,H
44232.brice.maret,Brice MARET,39:45:44,542,France,FR,,20-34,H
32261.franciscojose.depacolopez,Francisco Jose DE PACO LOPEZ,39:46:11,543,Espagne,ES,,40-44,H
72619.mariaencarnacion.martinezperez,Maria Encarnacion MARTINEZ PEREZ,39:46:38,544,Espagne,ES,,35-39,F
6357.daniel.depaoli,Daniel DE-PAOLI,39:46:57,545,France,FR,,50-54,H
31806.alfons.caserrasbusquets,Alfons CASERRAS-BUSQUETS,39:48:10,546,Espagne,ES,,80+,H
76753.javier.banonizu,Javier BANON-IZU,39:48:41,547,Espagne,ES,,20-34,H
32140.enric.sevegilabert,Enric SEVE-GILABERT,39:51:10,548,Espagne,ES,,35-39,H
10772.paolo.visigalli,Paolo VISIGALLI,39:51:12,549,Italie,IT,,20-34,H
12661.lorenzo.piccardo,Lorenzo PICCARDO,39:51:20,550,Italie,IT,,40-44,H
76755.sergio.valerobarrachina,Sergio VALERO-BARRACHINA,39:51:28,551,Espagne,ES,,20-34,H
76756.yannick.ernou,Yannick ERNOU,39:53:26,552,France,FR,,20-34,H
41676.jerome.barthe,Jerome BARTHE,39:53:26,553,France,FR,,20-34,H
27702.alexandre.lucas,Alexandre LUCAS,39:56:15,554,France,FR,,20-34,H
37795.lionel.thiriet,Lionel THIRIET,39:56:57,555,France,FR,,40-44,H
30355.jeanlouis.falquy,Jean-Louis FALQUY,39:58:28,556,France,FR,,40-44,H
30619.nicola.alfieri,Nicola ALFIERI,39:59:39,557,Italie,IT,,35-39,H
30616.katia.fori,Katia FORI,39:59:39,558,Italie,IT,,35-39,F
76757.patrick.barbier,Patrick BARBIER,40:01:03,559,France,FR,,50-54,H
6369.gilles.turby,Gilles TURBY,40:01:43,560,France,FR,,40-44,H
13071.brian.linton,Brian LINTON,40:03:46,561,Royaume-Uni,GB,,35-39,H
38719.serge.hardy,Serge HARDY,40:04:21,562,France,FR,,40-44,H
56323.peter.simpson,Peter SIMPSON,40:05:17,563,Royaume-Uni,GB,,60-64,H
76758.jeanlouis.arnaudlefevre,Jean-Louis ARNAUD-LEFEVRE,40:06:10,564,France,FR,,50-54,H
10440.thierry.camelin,Thierry CAMELIN,40:08:04,565,France,FR,,40-44,H
28688.jeanpierre.falcy,Jean-Pierre FALCY,40:08:06,566,Suisse,CH,,40-44,H
48675.claudio.piazza,Claudio PIAZZA,40:08:07,567,Italie,IT,,50-54,H
8575.charles.bonin,Charles BONIN,40:08:57,568,France,FR,,45-49,H
7047.michael.battraw,Michael BATTRAW,40:08:58,569,France,FR,,45-49,H
76759.hannespaul.leitner,Hannes-Paul LEITNER,40:09:24,570,Italie,IT,,80+,H
76760.charles.coquel,Charles COQUEL,40:11:21,571,France,FR,,50-54,H
20003.michel.lacroix,Michel LACROIX,40:11:52,572,France,FR,,55-59,H
74423.eric.melet,Eric MELET,40:12:15,573,France,FR,,50-54,H
76761.alain.munda,Alain MUNDA,40:13:24,574,France,FR,,35-39,H
37962.jean.goreau,Jean GOREAU,40:13:56,575,France,FR,,60-64,H
48497.pierre.savary,Pierre SAVARY,40:13:58,576,Suisse,CH,,55-59,H
8414.jeanpaul.otmani,Jean-Paul OTMANI,40:14:38,577,France,FR,,45-49,H
,Anonymous,40:14:45,578,France,FR,,55-59,H
10242.loic.vandenhelsken,Loic VANDENHELSKEN,40:17:29,579,France,FR,,35-39,H
76763.peter.coppack,Peter COPPACK,40:18:03,580,Royaume-Uni,GB,,80+,H
9086.fabio.menino,Fabio MENINO,40:19:19,581,Italie,IT,,35-39,H
76764.mikel.iturriagaetxebarria,Mikel ITURRIAGAETXEBARRIA,40:19:22,582,Espagne,ES,,35-39,H
41525.dieter.ulbricht,Dieter ULBRICHT,40:20:43,583,Allemagne,DE,,40-44,H
26200.franck.briend,Franck BRIEND,40:20:57,584,France,FR,,40-44,H
42330.francis.gautron,Francis GAUTRON,40:21:00,585,France,FR,,45-49,H
76470.patrick.granat,Patrick GRANAT,40:21:04,586,France,FR,,45-49,H
6398.christian.blachere,Christian BLACHERE,40:21:43,587,France,FR,,45-49,H
18362.carsten.quell,Carsten QUELL,40:24:55,588,Canada,CA,,40-44,H
6963.christophe.atrax,Christophe ATRAX,40:27:33,589,France,FR,,40-44,H
42560.philippe.banegas,Philippe BANEGAS,40:27:33,590,France,FR,,35-39,H
6727.benoit.mirabaud,Benoit MIRABAUD,40:27:33,591,France,FR,,35-39,H
7054.denis.brousse,Denis BROUSSE,40:28:02,592,France,FR,,50-54,H
76765.cyril.torterotot,Cyril TORTEROTOT,40:28:08,593,France,FR,,20-34,H
23407.diane.vanderen,Diane VAN DEREN,40:29:10,594,Etats-Unis,US,,45-49,F
11184.stefano.miserocchi,Stefano MISEROCCHI,40:29:11,595,Italie,IT,,20-34,H
76766.ericrobin.flament,Eric-Robin FLAMENT,40:29:57,596,France,FR,,40-44,H
41185.olivier.dutz,Olivier DUTZ,40:31:30,597,Belgique,BE,,40-44,H
30414.hubert.jeanson,Hubert JEANSON,40:31:52,598,France,FR,,45-49,H
33432.olivier.legron,Olivier LEGRON,40:32:00,599,France,FR,,40-44,H
124793.xavier.agusticasanovas,Xavier AGUSTI-CASANOVAS,40:32:56,600,Espagne,ES,,35-39,H
74518.jordi.trapegarros,Jordi TRAPE-GARROS,40:32:56,601,Espagne,ES,,80+,H
76768.guy.moreau,Guy MOREAU,40:35:08,602,France,FR,,60-64,H
41296.franck.duval,Franck DUVAL,40:35:16,603,France,FR,,40-44,H
76769.jeanmichel.jouin,Jean-Michel JOUIN,40:35:18,604,France,FR,,80+,H
76770.remi.guisnel,Remi GUISNEL,40:36:30,605,France,FR,,45-49,H
26743.stephane.lesbats,Stephane LESBATS,40:36:30,606,France,FR,,80+,H
74415.yannick.germanaz,Yannick GERMANAZ,40:36:46,607,France,FR,,35-39,H
41960.patrick.vuattoux,Patrick VUATTOUX,40:36:46,608,France,FR,,40-44,H
76346.francesc.moranmilanes,Francesc MORAN-MILANES,40:37:05,609,Espagne,ES,,55-59,H
10758.david.darrioulat,David DARRIOULAT,40:37:16,610,France,FR,,35-39,H
42807.fabien.bevalot,Fabien BEVALOT,40:37:39,611,France,FR,,35-39,H
44751.pascal.suivre,Pascal SUIVRE,40:37:49,612,France,FR,,45-49,H
39670.pierre.layachi,Pierre LAYACHI,40:38:24,613,France,FR,,40-44,H
10028.fabrice.baudouin,Fabrice BAUDOUIN,40:38:30,614,France,FR,,40-44,H
76771.dominique.karch,Dominique KARCH,40:40:28,615,France,FR,,80+,H
26541.philippe.blanchard,Philippe BLANCHARD,40:41:34,616,France,FR,,20-34,H
26531.dominique.lepennec,Dominique LE PENNEC,40:41:40,617,France,FR,,50-54,H
10300.frederic.bellanger,Frederic BELLANGER,40:42:05,618,France,FR,,45-49,H
10933.bernard.vinson,Bernard VINSON,40:42:21,619,France,FR,,45-49,H
42105.marc.millet,Marc MILLET,40:42:36,620,France,FR,,35-39,H
74393.rodolphe.talbot,Rodolphe TALBOT,40:42:38,621,France,FR,,20-34,H
21314.mauro.olivero,Mauro OLIVERO,40:44:21,622,Italie,IT,,40-44,H
30260.philippe.petazzoni,Philippe PETAZZONI,40:44:45,623,France,FR,,50-54,H
76772.laure.montginoux,Laure MONTGINOUX,40:44:46,624,France,FR,,20-34,F
45145.jochen.hoschele,Jochen HÖSCHELE,40:48:15,625,Allemagne,DE,,40-44,H
150919.serge.ilczyszyn,Serge ILCZYSZYN,40:48:37,626,France,FR,,50-54,H
11172.patrick.dhervilly,Patrick DHERVILLY,40:48:38,627,France,FR,,40-44,H
21003.renzo.paschetto,Renzo PASCHETTO,40:49:18,628,Italie,IT,,40-44,H
26534.sebastien.delamarre,Sebastien DELAMARRE,40:49:33,629,France,FR,,20-34,H
38253.philippe.vaillant,Philippe VAILLANT,40:49:33,630,France,FR,,40-44,H
26842.claude.salmon,Claude SALMON,40:52:20,631,France,FR,,45-49,H
76050.olivier.forieldestezet,Olivier FORIEL-DESTEZET,40:52:32,632,France,FR,,35-39,H
76774.pascal.sandozothenin,Pascal SANDOZ-OTHENIN,40:53:06,633,France,FR,,80+,H
76.nicolas.bertrand,Nicolas BERTRAND,40:54:19,634,France,FR,,20-34,H
76775.christophe.reant,Christophe REANT,40:54:19,635,France,FR,,80+,H
27063.arnaud.leboedec,Arnaud LE BOEDEC,40:55:29,636,France,FR,,35-39,H
11135.jeremy.pape,Jeremy PAPE,40:55:30,637,France,FR,,20-34,H
19909.luc.varigas,Luc VARIGAS,40:56:18,638,France,FR,,40-44,H
76776.roger.salatmiret,Roger SALAT-MIRET,40:56:35,639,Espagne,ES,,U18,H
76228.aitor.bilbaoundagoitia,Aitor BILBAO UNDAGOITIA,40:57:00,640,Espagne,ES,,35-39,H
12073.jaume.terescosta,Jaume TERES-COSTA,40:58:09,641,Espagne,ES,,45-49,H
11843.marta.pratllorens,Marta PRAT-LLORENS,40:58:09,642,Espagne,ES,,20-34,F
48441.jeanluc.duffait,Jean-Luc DUFFAIT,41:01:31,643,France,FR,,50-54,H
784.guillaume.leplat,Guillaume LEPLAT,41:01:32,644,France,FR,,35-39,H
74414.francois.romieu,Francois ROMIEU,41:03:13,645,France,FR,,35-39,H
48849.davide.rosso,Davide ROSSO,41:03:21,646,Italie,IT,,35-39,H
10421.hugues.clauser,Hugues CLAUSER,41:05:23,647,France,FR,,40-44,H
76777.david.lecoutre,David LECOUTRE,41:06:21,648,France,FR,,35-39,H
38286.jeanlouis.laloyaux,Jean-Louis LALOYAUX,41:06:42,649,France,FR,,35-39,H
76778.patrice.bianchi,Patrice BIANCHI,41:06:45,650,France,FR,,80+,H
74373.nicolas.solans,Nicolas SOLANS,41:06:45,651,France,FR,,35-39,H
76109.gerard.goyeneche,Gerard GOYENECHE,41:06:46,652,France,FR,,45-49,H
37807.didier.jouve,Didier JOUVE,41:06:46,653,France,FR,,20-34,H
33388.pierre.rochet,Pierre ROCHET,41:08:25,654,France,FR,,50-54,H
41421.thierry.bon,Thierry BON,41:08:56,655,France,FR,,45-49,H
62949.josef.kladensky,Josef KLADENSKY,41:09:18,656,Autriche,AT,,60-64,H
74487.jeanmarie.debonetdoleon,Jean Marie DE BONET D'OLEON,41:09:50,657,France,FR,,45-49,H
76499.michel.arrossa,Michel ARROSSA,41:10:25,658,France,FR,,55-59,H
7778.jeanclaude.cuiburu,Jean-Claude CUIBURU,41:10:25,659,France,FR,,50-54,H
76779.jeanmarie.iputcha,Jean-Marie IPUTCHA,41:10:26,660,France,FR,,45-49,H
76253.christophe.leclercq,Christophe LECLERCQ,41:10:48,661,Belgique,BE,,35-39,H
76579.jordi.mestreborras,Jordi MESTRE-BORRAS,41:13:54,662,Espagne,ES,,80+,H
74413.patrick.servieres,Patrick SERVIERES,41:14:24,663,France,FR,,80+,H
10480.kevin.robert,Kevin ROBERT,41:14:26,664,France,FR,,20-34,H
76780.cedric.porot,Cedric POROT,41:14:41,665,France,FR,,20-34,H
495.benoit.coulombier,Benoit COULOMBIER,41:16:12,666,France,FR,,35-39,H
1247.jean.bouillet,Jean BOUILLET,41:16:13,667,France,FR,,45-49,H
39415.stephane.coulombier,Stephane COULOMBIER,41:16:14,668,France,FR,,40-44,H
24170.christian.berthin,Christian BERTHIN,41:16:36,669,France,FR,,55-59,H
76781.roberto.pitti,Roberto PITTI,41:16:43,670,Italie,IT,,35-39,H
34604.adrian.belitu,Adrian BELITU,41:16:46,671,Roumanie,RO,,35-39,H
42863.stephane.marmey,Stephane MARMEY,41:17:01,672,France,FR,,40-44,H
30379.philippe.penet,Philippe PENET,41:17:01,673,France,FR,,40-44,H
6061.stephane.bortoluzzi,Stephane BORTOLUZZI,41:17:09,674,France,FR,,40-44,H
951545.timea.bontovics,Timea BONTOVICS,41:17:28,675,Hongrie,HU,,40-44,F
26021.didier.gouiffes,Didier GOUIFFES,41:18:44,676,France,FR,,40-44,H
26705.cedric.catto,Cedric CATTO,41:18:44,677,France,FR,,35-39,H
26661.christophe.serge,Christophe SERGE,41:18:44,678,France,FR,,20-34,H
10969.serge.douvier,Serge DOUVIER,41:18:57,679,France,FR,,50-54,H
21054.giuseppe.veroni,Giuseppe VERONI,41:19:10,680,Italie,IT,,45-49,H
76783.thierry.escoffier,Thierry ESCOFFIER,41:19:42,681,France,FR,,50-54,H
24992.roland.breitenmoser,Roland BREITENMOSER,41:19:54,682,Suisse,CH,,55-59,H
30814.sergio.fanchetti,Sergio FANCHETTI,41:20:47,683,Italie,IT,,60-64,H
76784.alex.langdon,Alex LANGDON,41:20:47,684,Royaume-Uni,GB,,80+,F
38493.laurent.dalou,Laurent DALOU,41:22:04,685,France,FR,,50-54,H
61232.valerio.marconato,Valerio MARCONATO,41:22:16,686,Italie,IT,,45-49,H
10841.annie.courand,Annie COURAND,41:22:33,687,France,FR,,45-49,F
6783.jeanluc.boyer,Jean-Luc BOYER,41:22:34,688,France,FR,,50-54,H
76785.guillaume.clot,Guillaume CLOT,41:22:54,689,France,FR,,35-39,H
76444.xavier.renault,Xavier RENAULT,41:22:54,690,France,FR,,35-39,H
26608.christophe.huet,Christophe HUET,41:22:56,691,France,FR,,35-39,H
11064.guillaume.moreau,Guillaume MOREAU,41:22:57,692,France,FR,,20-34,H
510.serge.sejourne,Serge SEJOURNE,41:22:59,693,France,FR,,45-49,H
26515.christophe.fournier,Christophe FOURNIER,41:23:23,694,France,FR,,40-44,H
76786.christian.bouteille,Christian BOUTEILLE,41:23:26,695,France,FR,,45-49,H
42292.david.poletti,David POLETTI,41:23:28,696,France,FR,,20-34,H
6486.didier.callas,Didier CALLAS,41:26:01,697,France,FR,,55-59,H
72586.david.regnouf,David REGNOUF,41:26:03,698,France,FR,,20-34,H
76787.arnaud.putois,Arnaud PUTOIS,41:26:33,699,France,FR,,40-44,H
18922.rudiger.littwin,Rüdiger LITTWIN,41:27:41,700,Allemagne,DE,,55-59,H
47590.mark.cockbain,Mark COCKBAIN,41:28:40,701,Royaume-Uni,GB,,35-39,H
76788.ernest.avila,Ernest AVILA,41:30:15,702,France,FR,,45-49,H
28141.stephane.girault,Stephane GIRAULT,41:30:52,703,France,FR,,35-39,H
8860.pascal.laurent,Pascal LAURENT,41:30:53,704,France,FR,,45-49,H
24425.stephane.xavier,Stephane XAVIER,41:31:29,705,France,FR,,20-34,H
76789.christophe.bruyas,Christophe BRUYAS,41:33:21,706,France,FR,,20-34,H
76790.sylvie.apruzzese,Sylvie APRUZZESE,41:34:40,707,France,FR,,50-54,F
76791.simona.trobec,Simona TROBEC,41:35:12,708,Slovénie,SI,,35-39,F
60043.anaime.perez,Anaime PEREZ,41:39:41,709,Portugal,PT,,20-34,H
26041.guy.roudaut,Guy ROUDAUT,41:42:40,710,France,FR,,45-49,H
27383.joel.caer,Joel CAER,41:42:40,711,France,FR,,35-39,H
48404.jeanmarc.orelli,Jean-Marc ORELLI,41:43:21,712,France,FR,,50-54,H
1398.vincent.adatte,Vincent ADATTE,41:43:48,713,Suisse,CH,,40-44,H
76792.aiden.toase,Aiden TOASE,41:43:57,714,Royaume-Uni,GB,,35-39,H
74397.jeanpaul.ecochard,Jean-Paul ECOCHARD,41:44:35,715,France,FR,,65-69,H
6765.bertrand.archer,Bertrand ARCHER,41:44:38,716,France,FR,,35-39,H
4498479.jeanmarc.bonino,Jean-Marc BONINO,41:45:08,717,France,FR,,50-54,H
44217.sebastien.chausset,Sebastien CHAUSSET,41:45:26,718,France,FR,,20-34,H
1591.thierry.carte,Thierry CARTE,41:45:27,719,France,FR,,45-49,H
95.gerard.racinne,Gerard RACINNE,41:46:17,720,France,FR,,50-54,H
41225.thierry.lambert,Thierry LAMBERT,41:46:17,721,France,FR,,50-54,H
6387.christian.baigue,Christian BAIGUE,41:46:17,722,France,FR,,55-59,H
76793.patrick.louvel,Patrick LOUVEL,41:46:36,723,France,FR,,50-54,H
7484.patrice.perez,Patrice PEREZ,41:47:04,724,France,FR,,35-39,H
70353.georg.weiss,Georg WEISS,41:48:23,725,Allemagne,DE,,45-49,H
19160.anke.drescher,Anke DRESCHER,41:48:23,726,Allemagne,DE,,40-44,F
48757.marcoilario.ponteri,Marco-Ilario PONTERI,41:49:46,727,Italie,IT,,35-39,H
74982.borkur.arnason,Börkur ARNASON,41:51:23,728,Islande,IS,,35-39,H
44229.philippe.daube,Philippe DAUBE,41:52:32,729,France,FR,,60-64,H
72340.bernard.thizy,Bernard THIZY,41:52:59,730,France,FR,,45-49,H
72388.yves.pitaval,Yves PITAVAL,41:52:59,731,France,FR,,40-44,H
75043.michel.javet,Michel JAVET,41:53:09,732,France,FR,,40-44,H
26208.patrice.nedelec,Patrice NEDELEC,41:53:30,733,France,FR,,40-44,H
11551.philippe.plantie,Philippe PLANTIE,41:54:01,734,France,FR,,45-49,H
76794.pascal.bourbon,Pascal BOURBON,41:54:24,735,France,FR,,50-54,H
76795.dominique.bon,Dominique BON,41:54:24,736,France,FR,,45-49,H
76796.christophe.cordonnier,Christophe CORDONNIER,41:54:32,737,France,FR,,35-39,H
38389.christophe.boin,Christophe BOIN,41:54:59,738,France,FR,,40-44,H
105282.nicolas.abdallah,Nicolas ABDALLAH,41:55:05,739,France,FR,,40-44,H
76066.ignace.matthys,Ignace MATTHYS,41:55:26,740,Belgique,BE,,50-54,H
76797.pablo.martinrodriguez,Pablo MARTIN-RODRIGUEZ,41:55:48,741,Espagne,ES,,40-44,H
76798.federicorica.blancoavila,Federico-Rica BLANCO-AVILA,41:55:55,742,Espagne,ES,,50-54,H
24632.daniel.schaegis,Daniel SCHAEGIS,41:55:59,743,France,FR,,35-39,H
24744.jasmine.schaegis,Jasmine SCHAEGIS,41:55:59,744,France,FR,,35-39,F
7622.stephane.etienne,Stephane ETIENNE,41:56:21,745,France,FR,,35-39,H
72464.benoit.guinet,Benoit GUINET,41:56:21,746,France,FR,,45-49,H
76799.pierre.alzingre,Pierre ALZINGRE,41:56:25,747,France,FR,,40-44,H
76800.bruno.forgiarini,Bruno FORGIARINI,41:56:33,748,France,FR,,80+,H
41500.laurent.scorletti,Laurent SCORLETTI,41:56:33,749,France,FR,,20-34,H
6105.herve.gladkoff,Herve GLADKOFF,41:56:47,750,France,FR,,45-49,H
48487.fabio.marri,Fabio MARRI,41:57:03,751,Italie,IT,,55-59,H
14610.jeffery.rogers,Jeffery ROGERS,41:58:34,752,Etats-Unis,US,,45-49,H
1449.philippe.chasserant,Philippe CHASSERANT,41:59:48,753,France,FR,,40-44,H
65147.marie.serge,Marie SERGÉ,42:01:40,754,Suisse,CH,,55-59,F
30256.alain.conscience,Alain CONSCIENCE,42:02:17,755,France,FR,,45-49,H
24660.jeanpierre.roberti,Jean-Pierre ROBERTI,42:02:18,756,France,FR,,45-49,H
26740.didier.loiseau,Didier LOISEAU,42:02:42,757,France,FR,,50-54,H
41547.alain.bigard,Alain BIGARD,42:03:22,758,France,FR,,40-44,H
7727.regis.didier,Regis DIDIER,42:03:22,759,France,FR,,20-34,H
24546.gilles.guillerminet,Gilles GUILLERMINET,42:03:37,760,France,FR,,40-44,H
30031.eric.platroz,Eric PLATROZ,42:03:46,761,France,FR,,40-44,H
76034.frederic.labrunye,Frederic LABRUNYE,42:04:59,762,France,FR,,20-34,H
76801.thomas.labrunye,Thomas LABRUNYE,42:04:59,763,France,FR,,35-39,H
28068.daniel.vergnes,Daniel VERGNES,42:05:29,764,France,FR,,45-49,H
74574.yves.richard,Yves RICHARD,42:06:02,765,France,FR,,50-54,H
180.jeanyves.creignou,Jean-Yves CREIGNOU,42:06:02,766,France,FR,,45-49,H
2508.jeanpierre.desiree,Jean-Pierre DESIREE,42:06:54,767,France,FR,,50-54,H
19090.ulrike.baars,Ulrike BAARS,42:07:57,768,Allemagne,DE,,40-44,F
76590.felicien.coumba,Felicien COUMBA,42:09:48,769,France,FR,,45-49,H
76802.jose.salvadorvicente,Jose SALVADOR-VICENTE,42:10:03,770,Espagne,ES,,35-39,H
33386.olivier.tribondeau,Olivier TRIBONDEAU,42:10:27,771,France,FR,,40-44,H
76803.boris.pouilly,Boris POUILLY,42:10:53,772,France,FR,,80+,H
507.jacky.cerfoglino,Jacky CERFOGLINO,42:12:03,773,France,FR,,50-54,H
76804.albin.araujo,Albin ARAUJO,42:12:10,774,France,FR,,45-49,H
74540.fabio.falda,Fabio FALDA,42:12:25,775,Italie,IT,,35-39,H
19570.maurizio.crepaldi,Maurizio CREPALDI,42:12:26,776,Italie,IT,,50-54,H
11037.bertrand.marcq,Bertrand MARCQ,42:13:01,777,France,FR,,50-54,H
31533.robert.mcgrath,Robert MCGRATH,42:13:25,778,Canada,CA,,35-39,H
30562.michele.melacarne,Michele MELACARNE,42:14:00,779,Italie,IT,,50-54,H
76805.dominique.vigneron,Dominique VIGNERON,42:14:11,780,France,FR,,40-44,H
69691.herbert.machleit,Herbert MACHLEIT,42:14:23,781,Allemagne,DE,,55-59,H
76485.xavier.capdevila,Xavier CAPDEVILA,42:14:43,782,Espagne,ES,,50-54,H
24764.alexandre.alves,Alexandre ALVES,42:15:03,783,France,FR,,20-34,H
76806.gabor.szabo,Gabor SZABO,42:15:12,784,Hongrie,HU,,20-34,H
76807.gerard.sperduto,Gerard SPERDUTO,42:17:20,785,France,FR,,50-54,H
76808.eric.chareyron,Eric CHAREYRON,42:17:36,786,France,FR,,45-49,H
76809.gerard.fayet,Gerard FAYET,42:17:37,787,France,FR,,40-44,H
76810.jeangilles.perret,Jean-Gilles PERRET,42:17:37,788,France,FR,,40-44,H
19396.luigialdo.piat,Luigi-Aldo PIAT,42:17:59,789,Italie,IT,,35-39,H
6331.nicolas.pichon,Nicolas PICHON,42:18:39,790,France,FR,,35-39,H
76811.raymond.alphand,Raymond ALPHAND,42:19:07,791,France,FR,,55-59,H
42775.christophe.buffler,Christophe BUFFLER,42:19:27,792,France,FR,,40-44,H
28221.joseph.rol,Joseph ROL,42:19:50,793,France,FR,,60-64,H
10284.frederic.verardi,Frederic VERARDI,42:20:17,794,France,FR,,40-44,H
48491.laurent.keller,Laurent KELLER,42:20:33,795,Suisse,CH,,45-49,H
42678.herve.bulabois,Herve BULABOIS,42:20:33,796,France,FR,,35-39,H
5642483.andre.frei,André FREI,42:20:34,797,Suisse,CH,,40-44,H
76812.philippe.thomann,Philippe THOMANN,42:21:21,798,France,FR,,45-49,H
76813.hermini.fiblareverter,Hermini FIBLA-REVERTER,42:21:43,799,Espagne,ES,,35-39,H
76521.eric.tuerlings,Eric TUERLINGS,42:22:21,800,Pays-Bas,NL,,45-49,H
76814.mario.moratto,Mario MORATTO,42:23:43,801,France,FR,,50-54,H
10182.patrick.lesieur,Patrick LESIEUR,42:24:18,802,France,FR,,55-59,H
76815.carlos.martinezgarcia,Carlos MARTINEZ-GARCIA,42:24:32,803,Espagne,ES,,40-44,H
42873.kevin.brisset,Kevin BRISSET,42:25:28,804,France,FR,,20-34,H
72367.frederic.degouy,Frederic DEGOUY,42:25:49,805,France,FR,,35-39,H
76816.roberto.luccoli,Roberto LUCCOLI,42:26:06,806,Italie,IT,,35-39,H
55421.georgios.alertas,Georgios ALERTAS,42:26:30,807,Grèce,GR,,20-34,H
12808.josep.dulcetgenaro,Josep DULCET GENARO,42:27:56,808,Espagne,ES,,55-59,H
26393.bruno.charbonnier,Bruno CHARBONNIER,42:28:00,809,France,FR,,45-49,H
38269.yannick.compagnon,Yannick COMPAGNON,42:28:23,810,France,FR,,35-39,H
144761.maik.guenther,Maik GUENTHER,42:28:40,811,Allemagne,DE,,40-44,H
20117.renato.carniato,Renato CARNIATO,42:30:19,812,France,FR,,55-59,H
75104.patrick.doucet,Patrick DOUCET,42:31:56,813,France,FR,,60-64,H
76621.jordi.cruellsvilardaga,Jordi CRUELLS-VILARDAGA,42:32:08,814,Espagne,ES,,40-44,H
76818.olivier.meyer,Olivier MEYER,42:32:39,815,France,FR,,35-39,H
76819.mickael.marchandise,Mickael MARCHANDISE,42:32:39,816,France,FR,,80+,H
42535.christophe.paris,Christophe PARIS,42:33:10,817,France,FR,,20-34,H
27683.pascal.bohy,Pascal BOHY,42:33:24,818,France,FR,,40-44,H
9307.michel.tempere,Michel TEMPERE,42:34:03,819,France,FR,,65-69,H
10822.michel.cassagnande,Michel CASSAGNANDE,42:34:23,820,France,FR,,45-49,H
76820.clarisse.hoarau,Clarisse HOARAU,42:35:37,821,France,FR,,20-34,F
76297.alain.pozzobon,Alain POZZOBON,42:35:54,822,France,FR,,80+,H
76821.claude.pozzobon,Claude POZZOBON,42:35:54,823,France,FR,,45-49,H
76822.denis.dugardin,Denis DUGARDIN,42:36:29,824,France,FR,,35-39,H
57332.arnaud.dugardin,Arnaud DUGARDIN,42:36:30,825,France,FR,,35-39,H
76823.jeanpierre.lelong,Jean-Pierre LELONG,42:36:30,826,France,FR,,50-54,H
12762.alfred.miralles,Alfred MIRALLES,42:36:31,827,Espagne,ES,,50-54,H
76567.joseluis.francodoural,Jose-Luis FRANCO-DOURAL,42:36:31,828,Espagne,ES,,80+,H
74550.dominique.poncet,Dominique PONCET,42:37:17,829,France,FR,,45-49,H
33452.laurent.leclercq,Laurent LECLERCQ,42:37:18,830,Belgique,BE,,40-44,H
19301.fabrizio.pistoni,Fabrizio PISTONI,42:37:30,831,Italie,IT,,45-49,H
25019.patrick.spitz,Patrick SPITZ,42:38:20,832,France,FR,,45-49,H
42567.etienne.harnisch,Etienne HARNISCH,42:38:22,833,France,FR,,45-49,H
39429.erwan.rouxel,Erwan ROUXEL,42:38:25,834,France,FR,,20-34,H
12809.roque.lucas,Roque LUCAS,42:39:30,835,Espagne,ES,,50-54,H
27980.philippe.estienne,Philippe ESTIENNE,42:40:38,836,France,FR,,40-44,H
43815.tom.curran,Tom CURRAN,42:41:39,837,Irlande,IE,,20-34,H
76824.sean.clifford,Sean CLIFFORD,42:41:39,838,Irlande,IE,,20-34,H
76503.philippe.boyer,Philippe BOYER,42:41:54,839,France,FR,,50-54,H
40650.alain.michel,Alain MICHEL,42:42:45,840,France,FR,,45-49,H
56571.zdravko.cufar,Zdravko CUFAR,42:43:20,841,Slovénie,SI,,50-54,H
72624.jeanpaul.goujon,Jean-Paul GOUJON,42:44:09,842,France,FR,,65-69,H
10256.herve.decrombecque,Herve DECROMBECQUE,42:45:13,843,France,FR,,35-39,H
484.arnaud.destael,Arnaud DE STAEL,42:45:32,844,France,FR,,40-44,H
74597.joel.lavigne,Joel LAVIGNE,42:47:26,845,France,FR,,40-44,H
76825.xavier.darmendrail,Xavier DARMENDRAIL,42:47:26,846,France,FR,,40-44,H
76826.guy.maujean,Guy MAUJEAN,42:47:26,847,France,FR,,35-39,H
76827.hans.holleville,Hans HOLLEVILLE,42:47:28,848,France,FR,,80+,H
39551.francois.gorieu,Francois GORIEU,42:47:43,849,France,FR,,35-39,H
76828.alain.rousseau,Alain ROUSSEAU,42:47:56,850,France,FR,,50-54,H
26482.christian.coudert,Christian COUDERT,42:47:56,851,France,FR,,50-54,H
51968.timothy.whittaker,Timothy WHITTAKER,42:48:12,852,Royaume-Uni,GB,,40-44,H
76829.alan.geraldi,Alan GERALDI,42:48:42,853,Etats-Unis,US,,40-44,H
76600.jeanpascal.balmoze,Jean-Pascal BALMOZE,42:48:43,854,France,FR,,35-39,H
76830.jeanmarc.picanon,Jean-Marc PICANON,42:48:43,855,France,FR,,60-64,H
8355.bruno.lagarde,Bruno LAGARDE,42:50:08,856,France,FR,,45-49,H
74508.thierry.ginisty,Thierry GINISTY,42:50:32,857,France,FR,,40-44,H
76831.kevin.grogan,Kevin GROGAN,42:52:23,858,Irlande,IE,,50-54,H
30375.gilles.dolz,Gilles DOLZ,42:53:05,859,France,FR,,50-54,H
43526.pierre.letanoux,Pierre LETANOUX,42:53:06,860,France,FR,,50-54,H
76832.david.delvaux,David DELVAUX,42:53:50,861,France,FR,,35-39,H
10185.jeansebastien.hamel,Jean Sebastien HAMEL,42:55:03,862,France,FR,,35-39,H
10806.ghislain.dallemagne,Ghislain DALLEMAGNE,42:55:04,863,France,FR,,55-59,H
76833.steven.rowe,Steven ROWE,42:55:17,864,Royaume-Uni,GB,,45-49,H
39759.joel.divier,Joel DIVIER,42:56:00,865,France,FR,,50-54,H
76834.jeanpierre.foucault,Jean-Pierre FOUCAULT,42:56:01,866,France,FR,,40-44,H
41285.sylvain.taillebosq,Sylvain TAILLEBOSQ,42:56:01,867,France,FR,,45-49,H
20554.thierry.seignol,Thierry SEIGNOL,42:57:50,868,France,FR,,45-49,H
72424.philippe.jean,Philippe JEAN,42:57:50,869,France,FR,,45-49,H
32941.michel.romero,Michel ROMERO,42:58:38,870,France,FR,,50-54,H
76127.benoit.jordant,Benoit JORDANT,42:59:05,871,Belgique,BE,,45-49,H
40020.jeanmarc.morschel,Jean-Marc MORSCHEL,42:59:05,872,France,FR,,45-49,H
41640.christophe.chevet,Christophe CHEVET,42:59:26,873,France,FR,,35-39,H
8003.eric.galea,Eric GALEA,42:59:26,874,France,FR,,35-39,H
73396.pascal.migne,Pascal MIGNE,42:59:44,875,France,FR,,35-39,H
24864.herve.dumas,Herve DUMAS,42:59:49,876,France,FR,,35-39,H
41047.alain.hue,Alain HUE,43:00:18,877,France,FR,,60-64,H
33336.samuel.rauline,Samuel RAULINE,43:02:28,878,France,FR,,20-34,H
34758.michel.beaudouin,Michel BEAUDOUIN,43:02:56,879,France,FR,,45-49,H
674.francois.moussel,Francois MOUSSEL,43:02:57,880,France,FR,,50-54,H
10448.alain.dubois,Alain DUBOIS,43:04:14,881,France,FR,,45-49,H
48317.michael.mewes,Michael MEWES,43:04:37,882,Allemagne,DE,,45-49,H
76835.jordi.bellartperez,Jordi BELLART-PEREZ,43:10:56,883,Espagne,ES,,80+,H
32332.jaume.senserrichpasan,Jaume SENSERRICH-PASAN,43:10:56,884,Espagne,ES,,40-44,H
76836.carmensoledad.campoyguerrero,Carmen-Soledad CAMPOY-GUERRERO,43:10:56,885,Espagne,ES,,35-39,F
26590.jeanyves.buffet,Jean-Yves BUFFET,43:11:15,886,France,FR,,45-49,H
1115.jeanphilippe.allaire,Jean-Philippe ALLAIRE,43:11:16,887,France,FR,,45-49,H
18968.christian.zimmer,Christian ZIMMER,43:11:17,888,Allemagne,DE,,20-34,H
76837.frederic.dubillard,Frederic DUBILLARD,43:11:20,889,France,FR,,20-34,H
594.bruno.cinturel,Bruno CINTUREL,43:11:23,890,France,FR,,55-59,H
41181.david.hateau,David HATEAU,43:11:26,891,France,FR,,35-39,H
6543.christophe.aubert,Christophe AUBERT,43:11:46,892,France,FR,,35-39,H
1522.bernard.cassetto,Bernard CASSETTO,43:12:27,893,France,FR,,55-59,H
74503.yves.almellones,Yves ALMELLONES,43:12:42,894,France,FR,,40-44,H
42364.pierre.toussaint,Pierre TOUSSAINT,43:12:50,895,France,FR,,20-34,H
66.david.hallouin,David HALLOUIN,43:12:53,896,France,FR,,20-34,H
8702.valentin.castano,Valentin CASTANO,43:13:37,897,France,FR,,35-39,H
39145.jany.ferez,Jany FEREZ,43:15:03,898,France,FR,,50-54,H
7120.zouhair.elmohli,Zouhair EL MOHLI,43:15:03,899,Tunisie,TN,,50-54,H
74402.boris.poix,Boris POIX,43:15:53,900,France,FR,,80+,H
10477.mathieu.pauwels,Mathieu PAUWELS,43:16:30,901,France,FR,,35-39,H
25582.pierre.biache,Pierre BIACHE,43:16:35,902,France,FR,,50-54,H
26603.jeanhugues.potrat,Jean-Hugues POTRAT,43:16:45,903,France,FR,,35-39,H
20033.nataliya.marmier,Nataliya MARMIER,43:18:20,904,France,FR,,50-54,F
76494.benoit.duflos,Benoit DUFLOS,43:18:53,905,France,FR,,45-49,H
1273.henri.fauvel,Henri FAUVEL,43:20:16,906,France,FR,,50-54,H
30472.mike.rey,Mike REY,43:20:32,907,Etats-Unis,US,,35-39,H
76838.michael.mason,Michael MASON,43:20:33,908,Etats-Unis,US,,35-39,H
27511.jeanrene.nedelec,Jean-Rene NEDELEC,43:20:34,909,France,FR,,45-49,H
76839.frederic.raffaud,Frederic RAFFAUD,43:20:36,910,France,FR,,45-49,H
76840.jeanyves.vogel,Jean-Yves VOGEL,43:20:36,911,France,FR,,80+,H
73495.kenneth.jewkes,Kenneth JEWKES,43:21:05,912,Canada,CA,,60-64,H
76841.jeanpascal.fouquet,Jean-Pascal FOUQUET,43:21:31,913,France,FR,,40-44,H
76842.benoit.louault,Benoit LOUAULT,43:21:32,914,France,FR,,20-34,H
48824.felice.costa,Felice COSTA,43:22:59,915,Italie,IT,,80+,H
76844.britta.sendlhofer,Britta SENDLHOFER,43:23:10,916,Autriche,AT,,35-39,F
74577.stephane.beneteau,Stephane BENETEAU,43:26:03,917,France,FR,,35-39,H
74521.philippe.thevenet,Philippe THEVENET,43:26:13,918,France,FR,,50-54,H
41429.louis.flohic,Louis FLOHIC,43:26:33,919,France,FR,,50-54,H
20107.daniel.naegelen,Daniel NAEGELEN,43:27:26,920,France,FR,,45-49,H
76055.enrique.ramirezlosilla,Enrique RAMIREZ-LOSILLA,43:28:14,921,Espagne,ES,,35-39,H
76845.michel.estevenin,Michel ESTEVENIN,43:29:14,922,France,FR,,50-54,H
7531.mariaelena.ferreressebastia,Maria-Elena FERRERES-SEBASTIA,43:29:25,923,Espagne,ES,,45-49,F
7367.mariaisabel.arasafava,Maria-Isabel ARASA-FAVA,43:29:25,924,Espagne,ES,,45-49,F
76846.willie.freriks,Willie FRERIKS,43:30:02,925,Pays-Bas,NL,,45-49,H
42729.philippe.nicastri,Philippe NICASTRI,43:30:15,926,France,FR,,40-44,H
10985.jerome.adam,Jerome ADAM,43:30:27,927,France,FR,,20-34,H
44390.dominique.divincenzo,Dominique DI VINCENZO,43:31:02,928,France,FR,,40-44,H
76847.fernando.dearmas,Fernando DE ARMAS,43:31:14,929,Espagne,ES,,20-34,H
76848.claudiojavier.alonsoalonso,Claudio-Javier ALONSO-ALONSO,43:31:14,930,Espagne,ES,,80+,H
76849.guacimara.martingarcia,Guacimara MARTIN-GARCIA,43:31:21,931,Espagne,ES,,80+,F
1312.david.cortesmartinez,David CORTES MARTINEZ,43:32:51,932,Espagne,ES,,35-39,H
19375.roberta.peron,Roberta PERON,43:35:40,933,Italie,IT,,40-44,F
28074.pierre.tchounikine,Pierre TCHOUNIKINE,43:36:18,934,France,FR,,40-44,H
7038.richard.lefranc,Richard LEFRANC,43:37:44,935,France,FR,,35-39,H
42685.jeannoel.veltz,Jean-Noel VELTZ,43:38:25,936,France,FR,,60-64,H
41371.stephane.chevalier,Stephane CHEVALIER,43:38:28,937,France,FR,,35-39,H
31811.felix.diazcanizares,Felix DIAZ-CANIZARES,43:38:34,938,Espagne,ES,,50-54,H
76850.francisco.ferrerfigueras,Francisco FERRER-FIGUERAS,43:38:34,939,Espagne,ES,,80+,H
39306.laurent.coumesganchet,Laurent COUMES-GANCHET,43:39:18,940,France,FR,,20-34,H
39847.francis.mischler,Francis MISCHLER,43:39:18,941,France,FR,,45-49,H
75947.joel.saulay,Joel SAULAY,43:39:20,942,France,FR,,45-49,H
72470.matthieu.dilasseur,Matthieu DILASSEUR,43:39:53,943,France,FR,,20-34,H
76851.nordine.meziou,Nordine MEZIOU,43:39:54,944,France,FR,,40-44,H
32675.jerome.dubreuil,Jerome DUBREUIL,43:40:45,945,France,FR,,20-34,H
20031.regis.delasalle,Regis DE LA SALLE,43:40:48,946,France,FR,,55-59,H
24836.laurent.rundstadler,Laurent RUNDSTADLER,43:40:53,947,France,FR,,35-39,H
47635.paolo.sala,Paolo SALA,43:42:11,948,Italie,IT,,35-39,H
40775.jocelyne.cinturel,Jocelyne CINTUREL,43:42:53,949,France,FR,,55-59,F
33438.jeanfrancois.fredez,Jean-Francois FREDEZ,43:43:02,950,France,FR,,40-44,H
76852.philippe.gaudillat,Philippe GAUDILLAT,43:43:03,951,France,FR,,40-44,H
72630.alain.fourny,Alain FOURNY,43:44:56,952,France,FR,,45-49,H
76853.rene.gorecki,Rene GORECKI,43:45:27,953,France,FR,,50-54,H
8007.laurent.nyffenegger,Laurent NYFFENEGGER,43:45:27,954,France,FR,,20-34,H
26790.christophe.legouas,Christophe LEGOUAS,43:45:48,955,France,FR,,40-44,H
26558.christian.verhaege,Christian VERHAEGE,43:45:49,956,France,FR,,45-49,H
26559.claudine.deschateaux,Claudine DESCHATEAUX,43:45:49,957,France,FR,,45-49,F
20543.stephane.galeazzi,Stephane GALEAZZI,43:45:53,958,France,FR,,40-44,H
76539.david.rodoredasala,David RODOREDA-SALA,43:46:07,959,Espagne,ES,,20-34,H
41688.jeanphilippe.abadie,Jean-Philippe ABADIE,43:46:08,960,France,FR,,50-54,H
7182.jose.alminana,Jose ALMINANA,43:46:50,961,France,FR,,40-44,H
28052.etienne.dervaux,Etienne DERVAUX,43:46:52,962,France,FR,,20-34,H
6383.olivier.gregoire,Olivier GREGOIRE,43:46:52,963,Belgique,BE,,35-39,H
20101.roland.manta,Roland MANTA,43:47:47,964,Suisse,CH,,40-44,H
47142.stephanie.goodchild,Stephanie GOODCHILD,43:48:23,965,Royaume-Uni,GB,,40-44,F
7790.gerald.roussel,Gerald ROUSSEL,43:50:05,966,France,FR,,20-34,H
12708.victorluis.depedro,Victor Luis DE PEDRO,43:50:10,967,Espagne,ES,,55-59,H
11596.jeannoel.thevenoud,Jean-Noel THEVENOUD,43:50:20,968,France,FR,,45-49,H
11595.michel.davoine,Michel DAVOINE,43:50:21,969,France,FR,,50-54,H
33326.jerome.caviglia,Jerome CAVIGLIA,43:52:56,970,France,FR,,20-34,H
76854.alain.sallaberry,Alain SALLABERRY,43:53:06,971,France,FR,,35-39,H
76855.joseph.icart,Joseph ICART,43:53:06,972,France,FR,,35-39,H
76856.patrick.pardies,Patrick PARDIES,43:53:06,973,France,FR,,80+,H
76857.jeanpierre.bourdeu,Jean-Pierre BOURDEU,43:53:06,974,France,FR,,55-59,H
76858.luc.maes,Luc MAES,43:55:14,975,Belgique,BE,,55-59,H
41710.denis.robert,Denis ROBERT,43:55:41,976,France,FR,,40-44,H
41384.daniel.monmarche,Daniel MONMARCHE,43:55:41,977,France,FR,,45-49,H
9630.jeancharles.bertrand,Jean-Charles BERTRAND,43:55:42,978,France,FR,,35-39,H
11714.regine.souriau,Regine SOURIAU,43:55:43,979,France,FR,,55-59,F
40990.claude.souriau,Claude SOURIAU,43:55:43,980,France,FR,,60-64,H
31632.alvaromanuel.rodriguezsantos,Alvaro-Manuel RODRIGUEZ-SANTOS,43:56:21,981,Espagne,ES,,20-34,H
41672.olivier.schmeltzer,Olivier SCHMELTZER,43:56:22,982,France,FR,,40-44,H
36694.thomas.masterson,Thomas MASTERSON,43:56:27,983,Canada,CA,,60-64,H
76860.arnaud.baron,Arnaud BARON,43:56:36,984,France,FR,,20-34,H
76861.pascal.philippart,Pascal PHILIPPART,43:58:20,985,France,FR,,45-49,H
76862.lucien.chevalier,Lucien CHEVALIER,43:58:23,986,France,FR,,50-54,H
76863.eric.gerardin,Eric GERARDIN,43:58:24,987,France,FR,,40-44,H
76864.francisco.castro,Francisco CASTRO,43:58:58,988,Espagne,ES,,45-49,H
11303.bruno.rinaldo,Bruno RINALDO,44:00:20,989,France,FR,,40-44,H
76559.sebastien.pezeron,Sebastien PEZERON,44:00:20,990,France,FR,,35-39,H
6514.brice.barret,Brice BARRET,44:00:23,991,France,FR,,40-44,H
10591.marc.sebban,Marc SEBBAN,44:00:39,992,France,FR,,45-49,H
10577.roxane.affre,Roxane AFFRE,44:00:40,993,France,FR,,40-44,F
76462.bernard.pucheuplante,Bernard PUCHEU-PLANTE,44:02:38,994,France,FR,,40-44,H
48768.paolo.capellazzi,Paolo CAPELLAZZI,44:04:10,995,Italie,IT,,80+,H
10934.marc.boisseau,Marc BOISSEAU,44:05:47,996,France,FR,,50-54,H
76865.meritxell.martimelgar,Meritxell MARTI-MELGAR,44:06:26,997,Espagne,ES,,80+,F
8313.gerard.arnaud,Gerard ARNAUD,44:07:02,998,France,FR,,45-49,H
72631.andre.reboux,Andre REBOUX,44:07:03,999,France,FR,,55-59,H
76866.bertrand.molard,Bertrand MOLARD,44:07:03,1000,France,FR,,80+,H
74485.clement.melet,Clement MELET,44:07:04,1001,France,FR,,80+,H
76867.dominique.mussard,Dominique MUSSARD,44:08:42,1002,France,FR,,80+,H
23826.jeanpierre.lebian,Jean-Pierre LEBIAN,44:08:43,1003,France,FR,,40-44,H
41845.philippe.minard,Philippe MINARD,44:08:44,1004,France,FR,,45-49,H
2603.serge.font,Serge FONT,44:09:53,1005,France,FR,,50-54,H
76868.patrick.geynet,Patrick GEYNET,44:09:53,1006,France,FR,,50-54,H
126837.juanmanuel.pedrosadelacruz,Juan-Manuel PEDROSA-DE LA CRUZ,44:11:20,1007,Espagne,ES,,45-49,H
6797.didier.dachet,Didier DACHET,44:12:18,1008,France,FR,,40-44,H
76870.ludovic.michel,Ludovic MICHEL,44:12:47,1009,France,FR,,40-44,H
19927.claude.baumann,Claude BAUMANN,44:12:47,1010,Suisse,CH,,40-44,H
48335.patrick.pochon,Patrick POCHON,44:12:47,1011,Suisse,CH,,20-34,H
28737.gaston.chenu,Gaston CHENU,44:13:03,1012,France,FR,,55-59,H
28717.jeanlouis.farey,Jean-Louis FAREY,44:13:03,1013,France,FR,,50-54,H
27056.christophe.bannier,Christophe BANNIER,44:13:31,1014,France,FR,,35-39,H
74591.herve.perrin,Herve PERRIN,44:14:51,1015,France,FR,,45-49,H
42752.pascal.pecclet,Pascal PECCLET,44:14:52,1016,France,FR,,45-49,H
19545.lamberto.mancini,Lamberto MANCINI,44:16:32,1017,Italie,IT,,45-49,H
19544.fabrizio.tellarini,Fabrizio TELLARINI,44:16:33,1018,Italie,IT,,45-49,H
23432.rich.haefele,Rich HAEFELE,44:16:34,1019,Etats-Unis,US,,40-44,H
41700.jeanmichel.cazalas,Jean-Michel CAZALAS,44:18:14,1020,France,FR,,40-44,H
72458.angelika.dirr,Angelika DIRR,44:18:15,1021,Allemagne,DE,,50-54,F
8594.philippe.destenay,Philippe DESTENAY,44:18:21,1022,France,FR,,45-49,H
43011.jeanmarc.houssa,Jean-Marc HOUSSA,44:18:30,1023,Belgique,BE,,40-44,H
30446.claude.frei,Claude FREI,44:19:46,1024,Suisse,CH,,45-49,H
74522.regine.mallet,Regine MALLET,44:20:34,1025,France,FR,,40-44,F
76334.olivier.chevalley,Olivier CHEVALLEY,44:20:34,1026,France,FR,,50-54,H
7289.jeanmarc.lavie,Jean-Marc LAVIE,44:20:35,1027,France,FR,,45-49,H
19393.sandro.zaramella,Sandro ZARAMELLA,44:21:04,1028,Italie,IT,,45-49,H
24689.ludovic.buri,Ludovic BURI,44:21:06,1029,France,FR,,35-39,H
74539.jeanpierre.socquet,Jean-Pierre SOCQUET,44:21:20,1030,France,FR,,80+,H
76871.thierry.gat,Thierry GAT,44:21:35,1031,France,FR,,45-49,H
76872.baldiri.hernandezserra,Baldiri HERNANDEZ-SERRA,44:21:56,1032,Espagne,ES,,35-39,H
76347.toni.guiradomazo,Toni GUIRADO-MAZO,44:21:56,1033,Espagne,ES,,40-44,H
19926.daniela.kuenzel,Daniela KUENZEL,44:22:30,1034,Suisse,CH,,40-44,F
19218.norman.bucher,Norman BUCHER,44:24:38,1035,Allemagne,DE,,20-34,H
28718.laurent.hamel,Laurent HAMEL,44:25:01,1036,France,FR,,45-49,H
33398.thomas.ramsay,Thomas RAMSAY,44:28:00,1037,France,FR,,20-34,H
10111.karim.halimi,Karim HALIMI,44:28:00,1038,France,FR,,35-39,H
19191.olaf.baars,Olaf BAARS,44:28:18,1039,Allemagne,DE,,45-49,H
76873.eric.chanal,Eric CHANAL,44:28:39,1040,France,FR,,20-34,H
28265.daniel.bossant,Daniel BOSSANT,44:29:20,1041,France,FR,,45-49,H
28222.brigitte.pottin,Brigitte POTTIN,44:29:20,1042,France,FR,,45-49,F
12648.antoine.pottin,Antoine POTTIN,44:29:20,1043,France,FR,,20-34,H
76641.jeanpaul.huot,Jean-Paul HUOT,44:30:09,1044,France,FR,,45-49,H
38638.jeanalbert.arminjon,Jean-Albert ARMINJON,44:30:43,1045,France,FR,,55-59,H
76874.francois.michel,Francois MICHEL,44:30:43,1046,France,FR,,60-64,H
76087.frederic.weinmann,Frederic WEINMANN,44:31:01,1047,France,FR,,60-64,H
42638.nicolas.michel,Nicolas MICHEL,44:31:34,1048,France,FR,,35-39,H
76875.patrick.roux,Patrick ROUX,44:31:47,1049,France,FR,,55-59,H
20021.olivier.bigo,Olivier BIGO,44:31:58,1050,France,FR,,45-49,H
20684.gregoire.mischler,Gregoire MISCHLER,44:32:14,1051,Suisse,CH,,40-44,H
75076.jeff.campbell,Jeff CAMPBELL,44:32:59,1052,Royaume-Uni,GB,,50-54,H
1236.jeanyves.sansac,Jean-Yves SANSAC,44:34:21,1053,France,FR,,45-49,H
41351.christophe.marquant,Christophe MARQUANT,44:34:30,1054,France,FR,,35-39,H
24769.antonio.baudrillart,Antonio BAUDRILLART,44:35:22,1055,France,FR,,35-39,H
2557.bruno.xavier,Bruno XAVIER,44:36:10,1056,France,FR,,35-39,H
76876.robert.clemens,Robert CLEMENS,44:36:22,1057,Royaume-Uni,GB,,35-39,H
19755.paolo.zecchin,Paolo ZECCHIN,44:36:40,1058,Italie,IT,,35-39,H
76299.fabio.pertile,Fabio PERTILE,44:36:40,1059,Italie,IT,,35-39,H
74753.patrick.bird,Patrick BIRD,44:37:02,1060,Royaume-Uni,GB,,45-49,H
711865.gary.pearson,Gary PEARSON,44:37:02,1061,Royaume-Uni,GB,,35-39,H
40150.jean.marsal,Jean MARSAL,44:37:46,1062,France,FR,,65-69,H
44724.jeanrobert.petex,Jean-Robert PETEX,44:38:09,1063,France,FR,,45-49,H
30588.paolo.minafra,Paolo MINAFRA,44:38:23,1064,Italie,IT,,50-54,H
6786.gregoire.flora,Gregoire FLORA,44:38:50,1065,France,FR,,20-34,H
64577.wolfgang.olbrisch,Wolfgang OLBRISCH,44:39:16,1066,Allemagne,DE,,45-49,H
11392.nicolas.ferru,Nicolas FERRU,44:39:19,1067,France,FR,,35-39,H
48841.claudio.tagliafraschi,Claudio TAGLIAFRASCHI,44:39:34,1068,Italie,IT,,35-39,H
2653.guy.sebastien,Guy SEBASTIEN,44:39:37,1069,France,FR,,40-44,H
380167.philippe.moinard,Philippe MOINARD,44:39:37,1070,France,FR,,40-44,H
12782.hansguenter.sadowski,Hans-Guenter SADOWSKI,44:39:54,1071,Allemagne,DE,,50-54,H
76877.serge.albert,Serge ALBERT,44:40:17,1072,France,FR,,45-49,H
40440.xavier.quehen,Xavier QUEHEN,44:40:18,1073,France,FR,,20-34,H
76526.danielfernand.devaud,Daniel-Fernand DEVAUD,44:40:19,1074,France,FR,,55-59,H
74701.fabien.santre,Fabien SANTRE,44:40:57,1075,France,FR,,35-39,H
76878.stephane.gesbert,Stephane GESBERT,44:42:14,1076,France,FR,,40-44,H
24178.christian.salban,Christian SALBAN,44:42:20,1077,France,FR,,40-44,H
76879.maelle.chauvier,Maelle CHAUVIER,44:42:22,1078,France,FR,,20-34,F
76880.jesus.vizcainomarin,Jesus VIZCAINO-MARIN,44:43:42,1079,Espagne,ES,,80+,H
76881.boris.vicentecarrizo,Boris VICENTE-CARRIZO,44:43:46,1080,Espagne,ES,,80+,H
41778.david.boulay,David BOULAY,44:43:49,1081,France,FR,,35-39,H
72513.christophe.nimeskern,Christophe NIMESKERN,44:45:05,1082,France,FR,,35-39,H
76882.bruno.warembourg,Bruno WAREMBOURG,44:45:05,1083,France,FR,,35-39,H
30267.denis.compagnon,Denis COMPAGNON,44:45:10,1084,France,FR,,50-54,H
24690.dominique.nivelet,Dominique NIVELET,44:45:10,1085,France,FR,,50-54,H
76236.yannick.py,Yannick PY,44:45:35,1086,France,FR,,40-44,H
76883.pascal.bizien,Pascal BIZIEN,44:45:44,1087,France,FR,,40-44,H
76884.laurent.bazille,Laurent BAZILLE,44:45:50,1088,France,FR,,40-44,H
76885.fabien.rattier,Fabien RATTIER,44:46:55,1089,France,FR,,20-34,H
76886.paul.levent,Paul LEVENT,44:47:24,1090,France,FR,,60-64,H
74588.stephane.tabourel,Stephane TABOUREL,44:47:41,1091,France,FR,,80+,H
21271.luigi.ploner,Luigi PLONER,44:47:43,1092,Italie,IT,,55-59,H
26894.frederic.baldacchino,Frederic BALDACCHINO,44:47:53,1093,France,FR,,20-34,H
26544.fabrice.eveno,Fabrice EVENO,44:48:14,1094,France,FR,,35-39,H
74587.vincent.mathieu,Vincent MATHIEU,44:48:38,1095,France,FR,,40-44,H
20027.john.cunnane,John CUNNANE,44:49:03,1096,Royaume-Uni,GB,,60-64,H
10072.thierry.bibolletruche,Thierry BIBOLLET-RUCHE,44:49:08,1097,France,FR,,45-49,H
48605.raffaele.brattoli,Raffaele BRATTOLI,44:49:10,1098,Italie,IT,,50-54,H
76657.seamus.oconghaile,Seamus O'CONGHAILE,44:49:28,1099,Irlande,IE,,80+,H
40958.florent.subtil,Florent SUBTIL,44:50:59,1100,France,FR,,50-54,H
26436.christian.collet,Christian COLLET,44:52:11,1101,France,FR,,50-54,H
7616.daniel.lecoeur,Daniel LE COEUR,44:52:16,1102,France,FR,,50-54,H
76637.miquel.boadaartigas,Miquel BOADA-ARTIGAS,44:52:18,1103,Espagne,ES,,35-39,H
76887.laurent.lefebvre,Laurent LEFEBVRE,44:52:44,1104,France,FR,,40-44,H
40619.jeanpaul.contant,Jean-Paul CONTANT,44:52:49,1105,France,FR,,40-44,H
76888.christian.imbrechts,Christian IMBRECHTS,44:53:20,1106,Belgique,BE,,45-49,H
74586.francoise.robberecht,Francoise ROBBERECHT,44:53:20,1107,Belgique,BE,,40-44,F
34642.paolo.bucci,Paolo BUCCI,44:53:56,1108,Italie,IT,,55-59,H
48088.stefano.rossi,Stefano ROSSI,44:53:57,1109,Italie,IT,,40-44,H
74812.nansaylic.guilhou,Nansaylic GUILHOU,44:54:06,1110,France,FR,,80+,H
74401.edouard.barros,Edouard BARROS,44:55:07,1111,France,FR,,50-54,H
28225.patrick.prian,Patrick PRIAN,44:55:28,1112,France,FR,,20-34,H
76504.didier.rapilly,Didier RAPILLY,44:55:33,1113,France,FR,,50-54,H
74418.catherine.arnoux,Catherine ARNOUX,44:56:39,1114,France,FR,,80+,F
74419.sabine.arnoux,Sabine ARNOUX,44:56:40,1115,France,FR,,80+,F
76889.said.aitradi,Said AIT RADI,44:57:22,1116,France,FR,,55-59,H
43483.benedicte.hervieu,Benedicte HERVIEU,44:57:22,1117,France,FR,,35-39,F
76890.villano.fulvio,Villano FULVIO,44:59:20,1118,Italie,IT,,80+,H
76891.juancarlos.castilloportillo,Juan-Carlos CASTILLO-PORTILLO,45:00:22,1119,Espagne,ES,,20-34,H
76892.jesus.martosacedo,Jesus MARTOS ACEDO,45:00:23,1120,Espagne,ES,,20-34,H
21345.giovanni.senoner,Giovanni SENONER,45:01:54,1121,Italie,IT,,40-44,H
19790.adalberto.colombo,Adalberto COLOMBO,45:02:05,1122,Italie,IT,,45-49,H
30487.emilio.sala,Emilio SALA,45:02:06,1123,Italie,IT,,40-44,H
19186.mathias.paul,Mathias PAUL,45:02:25,1124,Allemagne,DE,,45-49,H
19185.juergen.steimer,Juergen STEIMER,45:02:25,1125,Allemagne,DE,,40-44,H
19184.dieter.klein,Dieter KLEIN,45:02:26,1126,Allemagne,DE,,40-44,H
69432.frank.honighausen,Frank HÖNIGHAUSEN,45:02:27,1127,Allemagne,DE,,45-49,H
19534.giovanni.messeri,Giovanni MESSERI,45:02:29,1128,Italie,IT,,40-44,H
19800.ilaria.razzolini,Ilaria RAZZOLINI,45:02:30,1129,Italie,IT,,40-44,F
76893.jeanetienne.delaspre,Jean-Etienne DELASPRE,45:04:12,1130,France,FR,,45-49,H
76894.stephane.urien,Stephane URIEN,45:04:12,1131,France,FR,,40-44,H
28021.jeanmarie.roussel,Jean-Marie ROUSSEL,45:05:36,1132,France,FR,,55-59,H
76895.georges.poncet,Georges PONCET,45:05:38,1133,France,FR,,60-64,H
20143.francois.blanchard,Francois BLANCHARD,45:05:47,1134,France,FR,,50-54,H
76896.thierry.cariou,Thierry CARIOU,45:05:47,1135,France,FR,,40-44,H
6726.bernard.gross,Bernard GROSS,45:07:08,1136,France,FR,,55-59,H
25243.carole.millet,Carole MILLET,45:07:09,1137,France,FR,,35-39,F
41680.alban.naulin,Alban NAULIN,45:07:19,1138,France,FR,,20-34,H
76897.richard.redondomolto,Richard REDONDO-MOLTO,45:07:28,1139,Espagne,ES,,80+,H
26394.philippe.grenon,Philippe GRENON,45:07:57,1140,France,FR,,45-49,H
74711.thierry.laboulais,Thierry LABOULAIS,45:08:20,1141,France,FR,,35-39,H
71404.solange.greau,Solange GREAU,45:08:27,1142,France,FR,,45-49,F
42834.jeanfrancois.guyenot,Jean-Francois GUYENOT,45:08:28,1143,France,FR,,35-39,H
72691.olivier.cathala,Olivier CATHALA,45:08:29,1144,France,FR,,80+,H
48784.didier.camp,Didier CAMP,45:08:30,1145,France,FR,,80+,H
38511.stephane.bouchaud,Stephane BOUCHAUD,45:08:33,1146,France,FR,,35-39,H
76899.patrice.cauet,Patrice CAUET,45:09:38,1147,France,FR,,45-49,H
72694.benoit.fondu,Benoit FONDU,45:10:08,1148,Belgique,BE,,45-49,H
19939.mariepierre.troillet,Marie-Pierre TROILLET,45:10:09,1149,Suisse,CH,,45-49,F
76900.yves.turgne,Yves TURGNE,45:10:09,1150,France,FR,,60-64,H
1257.vincent.lecarpentier,Vincent LECARPENTIER,45:10:26,1151,France,FR,,35-39,H
76901.sydney.benyahya,Sydney BENYAHYA,45:12:03,1152,France,FR,,50-54,H
41572.gregory.namer,Gregory NAMER,45:12:03,1153,France,FR,,20-34,H
41573.patrick.polvani,Patrick POLVANI,45:12:04,1154,France,FR,,40-44,H
41258.gilbert.zimmer,Gilbert ZIMMER,45:12:08,1155,France,FR,,50-54,H
8121.pierre.gonzalez,Pierre GONZALEZ,45:12:27,1156,France,FR,,50-54,H
41906.claude.panisset,Claude PANISSET,45:12:51,1157,France,FR,,50-54,H
30199.martin.dokkedal,Martin DOKKEDAL,45:12:54,1158,Danemark,DK,,35-39,H
74532.thierry.sabadelreynaud,Thierry SABADEL-REYNAUD,45:13:16,1159,France,FR,,40-44,H
74899.salvatore.angius,Salvatore ANGIUS,45:14:11,1160,France,FR,,55-59,H
21256.alessandro.boero,Alessandro BOERO,45:14:16,1161,Italie,IT,,45-49,H
21255.giuliano.canepa,Giuliano CANEPA,45:14:16,1162,Italie,IT,,55-59,H
76902.frederic.lemonnier,Frederic LEMONNIER,45:14:32,1163,France,FR,,35-39,H
76903.alexandre.dupontvernon,Alexandre DUPONT-VERNON,45:14:32,1164,France,FR,,20-34,H
76904.rene.desjardin,Rene DESJARDIN,45:14:33,1165,France,FR,,80+,H
42545.xavier.bouttery,Xavier BOUTTERY,45:14:33,1166,France,FR,,35-39,H
41570.aurelien.huard,Aurelien HUARD,45:14:34,1167,France,FR,,20-34,H
6530.jeanclaude.barthelay,Jean-Claude BARTHELAY,45:16:07,1168,France,FR,,55-59,H
102681.patrick.baisse,Patrick BAÏSSE,45:17:40,1169,France,FR,,40-44,H
10998.patrick.chamouton,Patrick CHAMOUTON,45:17:55,1170,France,FR,,55-59,H
10963.thierry.besancon,Thierry BESANCON,45:19:08,1171,France,FR,,35-39,H
74702.jeanmarc.prouheze,Jean-Marc PROUHEZE,45:20:50,1172,France,FR,,40-44,H
27970.cyril.medici,Cyril MEDICI,45:21:07,1173,France,FR,,35-39,H
76906.vanja.suhina,Vanja SUHINA,45:21:10,1174,Croatie,HR,,20-34,H
41264.gilles.sellier,Gilles SELLIER,45:22:15,1175,France,FR,,50-54,H
24067.marcel.leborgne,Marcel LEBORGNE,45:22:44,1176,France,FR,,55-59,H
32778.loic.kerouanton,Loic KEROUANTON,45:22:46,1177,France,FR,,35-39,H
74869.alexandre.davy,Alexandre DAVY,45:22:58,1178,France,FR,,20-34,H
74447.christian.audibert,Christian AUDIBERT,45:23:23,1179,France,FR,,20-34,H
76907.xavier.feliparroyo,Xavier FELIP-ARROYO,45:23:37,1180,Espagne,ES,,45-49,H
74791.patrick.zacharko,Patrick ZACHARKO,45:24:06,1181,France,FR,,40-44,H
76351.stewart.bondi,Stewart BONDI,45:24:06,1182,Royaume-Uni,GB,,80+,H
67668.norbert.ebbert,Norbert EBBERT,45:24:07,1183,Allemagne,DE,,45-49,H
75334.denis.pillot,Denis PILLOT,45:24:08,1184,France,FR,,55-59,H
74793.pascal.pavard,Pascal PAVARD,45:24:10,1185,France,FR,,35-39,H
31400.delena.angrignon,Delena ANGRIGNON,45:24:31,1186,Canada,CA,,40-44,F
72672.eric.poulin,Eric POULIN,45:24:34,1187,Belgique,BE,,55-59,H
24151.raoul.esquilat,Raoul ESQUILAT,45:24:34,1188,France,FR,,45-49,H
31401.russell.angrignon,Russell ANGRIGNON,45:24:39,1189,Canada,CA,,45-49,H
41068.herve.leboyer,Herve LEBOYER,45:24:40,1190,France,FR,,50-54,H
76910.thierry.souquieres,Thierry SOUQUIERES,45:25:21,1191,France,FR,,40-44,H
76911.jimmy.cornuty,Jimmy CORNUTY,45:25:49,1192,France,FR,,20-34,H
74429.patrick.kiersch,Patrick KIERSCH,45:25:49,1193,France,FR,,45-49,H
76912.damien.saffioti,Damien SAFFIOTI,45:25:49,1194,France,FR,,80+,H
42135.benoit.hamel,Benoit HAMEL,45:26:09,1195,France,FR,,45-49,H
33342.alain.desez,Alain DESEZ,45:26:12,1196,France,FR,,45-49,H
20113.rafal.tyszkiewicz,Rafal TYSZKIEWICZ,45:26:13,1197,Pologne,PL,,35-39,H
19148.hermann.bohm,Hermann BÖHM,45:26:20,1198,Allemagne,DE,,55-59,H
42620.remy.culine,Remy CULINE,45:26:59,1199,France,FR,,35-39,H
10393.jeanpierre.fiore,Jean-Pierre FIORE,45:27:39,1200,France,FR,,65-69,H
8232.sylvie.koehler,Sylvie KOEHLER,45:27:41,1201,France,FR,,40-44,F
45560.pierrette.lippertwies,Pierrette LIPPERT-WIES,45:27:48,1202,Luxembourg,LU,,50-54,F
27148.christine.martin,Christine MARTIN,45:27:49,1203,France,FR,,45-49,F
76913.didier.gregoire,Didier GREGOIRE,45:28:06,1204,France,FR,,50-54,H
74859.sebastien.podogorska,Sebastien PODOGORSKA,45:28:43,1205,France,FR,,20-34,H
76914.jesusmaria.sanchezvazquez,Jesus-Maria SANCHEZ-VAZQUEZ,45:29:14,1206,Espagne,ES,,80+,H
76915.joan.bonetcasals,Joan BONET-CASALS,45:29:15,1207,Espagne,ES,,40-44,H
72658.cyril.dulou,Cyril DULOU,45:29:44,1208,France,FR,,80+,H
25395.christian.gries,Christian GRIES,45:29:53,1209,France,FR,,50-54,H
74506.eric.kuster,Eric KUSTER,45:30:16,1210,France,FR,,35-39,H
57740.philippe.pelletier,Philippe PELLETIER,45:30:50,1211,France,FR,,40-44,H
57741.frederic.salome,Frederic SALOME,45:30:52,1212,France,FR,,45-49,H
45437.reiner.schubert,Reiner SCHUBERT,45:31:36,1213,Allemagne,DE,,55-59,H
76916.teodoro.garciavillanueva,Teodoro GARCIA-VILLANUEVA,45:32:39,1214,Espagne,ES,,80+,H
41449.jeremy.baron,Jeremy BARON,45:32:42,1215,France,FR,,20-34,H
76917.remi.sage,Remi SAGE,45:33:25,1216,France,FR,,35-39,H
41472.michel.you,Michel YOU,45:33:48,1217,France,FR,,40-44,H
8225.thierry.dol,Thierry DOL,45:34:10,1218,France,FR,,35-39,H
76918.frantz.dole,Frantz DOLE,45:34:11,1219,France,FR,,40-44,H
28500.serge.marzocchini,Serge MARZOCCHINI,45:35:13,1220,France,FR,,45-49,H
76919.jeanclaude.carre,Jean-Claude CARRE,45:35:28,1221,France,FR,,40-44,H
24528.stephane.sanjuan,Stephane SANJUAN,45:35:30,1222,France,FR,,20-34,H
75209.benoit.fourcade,Benoit FOURCADE,45:35:31,1223,France,FR,,40-44,H
75080.hasni.djebbar,Hasni DJEBBAR,45:36:25,1224,France,FR,,55-59,H
41480.jacques.cinquin,Jacques CINQUIN,45:36:35,1225,France,FR,,50-54,H
76920.remy.cinquin,Remy CINQUIN,45:36:35,1226,France,FR,,80+,H
76921.thibaut.wattiez,Thibaut WATTIEZ,45:36:44,1227,France,FR,,50-54,H
45038.jorg.kupfer,Jörg KUPFER,45:37:19,1228,Allemagne,DE,,40-44,H
76922.jeanmichel.bossard,Jean-Michel BOSSARD,45:37:58,1229,France,FR,,35-39,H
38395.herve.audureau,Herve AUDUREAU,45:37:58,1230,France,FR,,45-49,H
11738.corinne.faure,Corinne FAURE,45:38:27,1231,France,FR,,40-44,F
75225.murielle.auffray,Murielle AUFFRAY,45:39:14,1232,France,FR,,80+,F
7567.thierry.saintmartin,Thierry SAINT-MARTIN,45:40:40,1233,France,FR,,35-39,H
76923.thierry.desconnets,Thierry DESCONNETS,45:40:41,1234,France,FR,,80+,H
74795.patrice.petit,Patrice PETIT,45:41:00,1235,France,FR,,50-54,H
21347.giuliano.pavan,Giuliano PAVAN,45:41:31,1236,Italie,IT,,55-59,H
76924.franck.fahy,Franck FAHY,45:42:05,1237,France,FR,,40-44,H
76925.arnaud.risbourg,Arnaud RISBOURG,45:42:07,1238,France,FR,,40-44,H
714.francis.jacques,Francis JACQUES,45:42:36,1239,France,FR,,45-49,H
2656.eric.lagneau,Eric LAGNEAU,45:42:52,1240,France,FR,,45-49,H
26761.jeanfrancois.bruzac,Jean-Francois BRUZAC,45:43:13,1241,France,FR,,50-54,H
8234.jeanmarie.gueye,Jean-Marie GUEYE,45:44:19,1242,France,FR,,40-44,H
48808.christian.bergamelli,Christian BERGAMELLI,45:44:52,1243,France,FR,,55-59,H
76926.christophe.preau,Christophe PREAU,45:44:54,1244,France,FR,,35-39,H
48809.annick.soutade,Annick SOUTADE,45:45:05,1245,France,FR,,45-49,F
76927.eric.leperlier,Eric LEPERLIER,45:46:29,1246,France,FR,,20-34,H
6952.francis.destefani,Francis DE STEFANI,45:47:39,1247,France,FR,,60-64,H
76928.philippe.loeuillet,Philippe LOEUILLET,45:48:31,1248,France,FR,,40-44,H
25369.catherine.foegle,Catherine FOEGLE,45:49:03,1249,France,FR,,40-44,F
6506.elisa.ciliberti,Elisa CILIBERTI,45:49:13,1250,France,FR,,40-44,F
982307.nicola.settembrini,Nicola SETTEMBRINI,45:50:13,1251,Italie,IT,,40-44,H
76929.jeanclaude.sanchez,Jean-Claude SANCHEZ,45:51:00,1252,France,FR,,80+,H
76930.jeanpierre.fonta,Jean-Pierre FONTA,45:51:38,1253,France,FR,,80+,H
41476.christophe.brebant,Christophe BREBANT,45:52:35,1254,France,FR,,45-49,H
74756.jerome.tylek,Jerome TYLEK,45:52:39,1255,France,FR,,35-39,H
76931.bertrand.decaestecker,Bertrand DECAESTECKER,45:54:08,1256,France,FR,,50-54,H
76630.tony.dasneves,Tony DAS NEVES,45:54:31,1257,France,FR,,35-39,H
76359.xavier.richomme,Xavier RICHOMME,45:54:46,1258,France,FR,,40-44,H
76932.gregoire.trunet,Gregoire TRUNET,45:55:04,1259,France,FR,,20-34,H
76933.alain.thibault,Alain THIBAULT,45:55:39,1260,France,FR,,50-54,H
41298.thierry.berrube,Thierry BERRUBE,45:56:33,1261,France,FR,,35-39,H
19441.alberto.taverna,Alberto TAVERNA,45:58:38,1262,Italie,IT,,45-49,H
76934.markus.stilo,Markus STILO,45:59:58,1263,Allemagne,DE,,40-44,H
41584.isabelle.quint,Isabelle QUINT,46:02:19,1264,France,FR,,40-44,F
20317.claude.rapin,Claude RAPIN,46:02:24,1265,France,FR,,65-69,H
19239.dietrich.klaassen,Dietrich KLAASSEN,46:05:19,1266,Allemagne,DE,,40-44,H
110805.silvestra.dearaujo,Silvestra DE ARAUJO,46:33:33,1267,France,FR,,50-54,F
41101.nathalie.lamoureux,Nathalie LAMOUREUX,46:57:59,1268,France,FR,,40-44,F
8710.evelyne.debel,Evelyne DEBEL,47:01:30,1269,France,FR,,35-39,F
