runnerUri,fullname,time,rank,nationality,nationalityCode,index,ageGroup,gender
2707.jez.bragg,Jez BRAGG,10:30:37,1,Royaume-Uni,GB,,20-34,H
2705.mike.wolfe,Mike WOLFE,10:37:38,2,Etats-Unis,US,,20-34,H
12821.zigor.iturrieta,Zigor ITURRIETA,10:49:18,3,Espagne,ES,,35-39,H
6598.julien.chorier,Julien CHORIER,10:53:45,4,France,FR,,20-34,H
11456.jerome.challier,Jerome CHALLIER,10:56:41,5,France,FR,,40-44,H
6953.antoine.guillon,Antoine GUILLON,10:56:41,5,France,FR,,40-44,H
4.thomas.saintgirons,Thomas SAINT GIRONS,10:56:41,5,France,FR,,35-39,H
2474.patrick.bohard,Patrick BOHARD,10:56:41,5,France,FR,,45-49,H
6954.cyril.cointre,Cyril COINTRE,10:56:41,5,France,FR,,20-34,H
8127.pascal.blanc,Pascal BLANC,11:08:56,10,France,FR,,45-49,H
20151.dawadachhiri.sherpa,Dawa-Dachhiri SHERPA,11:14:19,11,Népal,NP,,40-44,H
36428.kenichi.yamamoto,Kenichi YAMAMOTO,11:14:19,12,Japon,JP,,20-34,H
20392.bernhard.hug,Bernhard HUG,11:19:24,13,Suisse,CH,,35-39,H
24239.bastien.bravais,Bastien BRAVAIS,11:27:37,14,France,FR,,20-34,H
8288.vincent.delebarre,Vincent DELEBARRE,11:29:03,15,France,FR,,40-44,H
60001.arnau.juliabonmati,Arnau JULIA-BONMATI,11:35:17,16,Espagne,ES,,35-39,H
21348.karl.meltzer,Karl MELTZER,11:40:28,17,Etats-Unis,US,,40-44,H
9842.samuel.bonaudo,Samuel BONAUDO,11:45:37,18,France,FR,,35-39,H
12828.elizabeth.hawker,Elizabeth HAWKER,11:47:30,19,Royaume-Uni,GB,,20-34,F
10529.bruno.bottollier,Bruno BOTTOLLIER,11:53:04,20,France,FR,,40-44,H
29869.siukeung.tsang,Siu Keung TSANG,11:55:11,21,"Hong Kong, Chine",HK,,20-34,H
27888.bruno.durand,Bruno DURAND,11:55:11,22,France,FR,,40-44,H
76183.gaizka.itzabengoetxea,Gaizka ITZA-BENGOETXEA,12:06:30,23,Espagne,ES,,80+,H
73399.olepetter.hjelle,Ole_Petter HJELLE,12:10:01,24,Norvège,NO,,40-44,H
8776.sebastien.farano,Sebastien FARANO,12:14:56,25,France,FR,,35-39,H
24417.remy.marcel,Remy MARCEL,12:17:59,26,France,FR,,20-34,H
7835.francois.lachaux,Francois LACHAUX,12:19:52,27,France,FR,,35-39,H
20156.juleshenri.gabioud,Jules-Henri GABIOUD,12:21:47,28,Suisse,CH,,20-34,H
7849.julien.germain,Julien GERMAIN,12:24:17,29,France,FR,,35-39,H
75927.eneko.aurrekoetxeauriarte,Eneko AURREKOETXEA-URIARTE,12:25:01,30,Espagne,ES,,20-34,H
24907.jeremy.kieffel,Jeremy KIEFFEL,12:27:02,31,France,FR,,20-34,H
42642.christophe.meier,Christophe MEIER,12:31:37,32,Suisse,CH,,35-39,H
13096.pablo.criadotoca,Pablo CRIADO TOCA,12:34:22,33,Espagne,ES,,20-34,H
8298.frederic.desplanches,Frederic DESPLANCHES,12:41:07,34,France,FR,,35-39,H
36440.chiharu.watanabe,Chiharu WATANABE,12:41:07,35,Japon,JP,,40-44,H
73851.francois.scalco,Francois SCALCO,12:48:20,36,France,FR,,40-44,H
12831.nerea.martinezurruzola,Nerea MARTINEZ-URRUZOLA,12:49:27,37,Espagne,ES,,35-39,F
6955.renaud.rouanet,Renaud ROUANET,12:52:08,38,France,FR,,20-34,H
51170.richard.cunningham,Richard CUNNINGHAM,12:53:35,39,Royaume-Uni,GB,,40-44,H
156038.armando.teixeira,Armando TEIXEIRA,12:58:53,40,Portugal,PT,,35-39,H
5982.eric.bruel,Eric BRUEL,13:01:24,41,France,FR,,40-44,H
48380.frederic.dumoulin,Frederic DUMOULIN,13:01:55,42,Suisse,CH,,20-34,H
58963.thomas.bohne,Thomas BOHNE,13:02:13,43,Allemagne,DE,,20-34,H
27381.stephane.floury,Stephane FLOURY,13:03:08,44,France,FR,,35-39,H
72315.runar.gilberg,Runar GILBERG,13:06:45,45,Norvège,NO,,45-49,H
21280.gustavo.sangiorgi,Gustavo SANGIORGI,13:08:51,46,Italie,IT,,45-49,H
6292.philippe.claret,Philippe CLARET,13:09:10,47,France,FR,,45-49,H
6319.patrice.gibaud,Patrice GIBAUD,13:18:28,48,France,FR,,45-49,H
23437.erich.peitzsch,Erich PEITZSCH,13:26:13,49,Etats-Unis,US,,20-34,H
11792.joseignacio.delgadoperdomo,Jose-Ignacio DELGADO-PERDOMO,13:29:33,50,Espagne,ES,,35-39,H
36436.hiroaki.matsunaga,Hiroaki MATSUNAGA,13:31:55,51,Japon,JP,,20-34,H
42842.frederic.rousson,Frederic ROUSSON,13:33:05,52,France,FR,,35-39,H
29995.giorgio.festa,Giorgio FESTA,13:33:06,53,Italie,IT,,35-39,H
132496.olivier.coudurier,Olivier COUDURIER,13:35:02,54,France,FR,,20-34,H
44035.sebastien.blin,Sebastien BLIN,13:36:14,55,France,FR,,20-34,H
8306.benoit.catala,Benoit CATALA,13:40:34,56,France,FR,,35-39,H
28572.laurent.gueraud,Laurent GUERAUD,13:41:00,57,France,FR,,40-44,H
73415.richard.cameronbeaumont,Richard CAMERON-BEAUMONT,13:42:48,58,Royaume-Uni,GB,,35-39,H
7830.patrice.marmet,Patrice MARMET,13:43:16,59,France,FR,,40-44,H
73412.radovan.cech,Radovan CECH,13:43:38,60,République tchèque,CZ,,20-34,H
26926.cyrille.gardet,Cyrille GARDET,13:44:52,61,France,FR,,20-34,H
76186.joseramon.ortizgonzalezcarballo,Jose-Ramon ORTIZ-GONZALEZ-CARBALLO,13:44:53,62,Espagne,ES,,20-34,H
73400.toni.arbonesescoda,Toni ARBONES-ESCODA,13:45:38,63,Espagne,ES,,40-44,H
11526.bruno.lorens,Bruno LORENS,13:47:13,64,France,FR,,20-34,H
10774.patrice.berguerand,Patrice BERGUERAND,13:51:54,65,France,FR,,45-49,H
76187.igor.bucek,Igor BUCEK,13:52:46,66,Slovaquie,SK,,45-49,H
11516.pierrehenri.jouneau,Pierre-Henri JOUNEAU,13:54:13,67,France,FR,,45-49,H
33300.luc.desplanches,Luc DESPLANCHES,13:56:43,68,France,FR,,40-44,H
19963.philippe.carrard,Philippe CARRARD,13:57:29,69,Suisse,CH,,35-39,H
12626.josev-.benito,Jose V. BENITO,13:58:23,70,Espagne,ES,,20-34,H
76188.danielsmari.gudmundsson,Daniel-Smari GUÐMUNDSSON,13:59:42,71,Islande,IS,,45-49,H
5989.olivier.stembert,Olivier STEMBERT,14:02:36,72,Belgique,BE,,35-39,H
10404.matteo.repetto,Matteo REPETTO,14:04:58,73,Italie,IT,,35-39,H
7063.emeric.fournier,Emeric FOURNIER,14:10:13,74,France,FR,,20-34,H
387.alexandre.deguil,Alexandre DEGUIL,14:11:15,75,France,FR,,20-34,H
11490.agnes.duhailherve,Agnès DUHAIL HERVE,14:11:35,76,France,FR,,20-34,F
100398.jaume.folguera,Jaume FOLGUERA,14:12:27,77,Espagne,ES,,20-34,H
74360.olivier.desebbe,Olivier DESEBBE,14:13:59,78,France,FR,,20-34,H
43702.julien.jabot,Julien JABOT,14:13:59,79,France,FR,,35-39,H
11219.alain.rossiaud,Alain ROSSIAUD,14:14:00,80,France,FR,,35-39,H
13436.abel.codinasolanellas,Abel CODINA SOLANELLAS,14:14:38,81,Espagne,ES,,35-39,H
76189.arturo.varelacomesana,Arturo VARELA-COMESANA,14:19:00,82,Espagne,ES,,20-34,H
73402.andras.szemeredi,Andras SZEMEREDI,14:19:49,83,Hongrie,HU,,20-34,H
76190.koppany.keresztesi,Koppany KERESZTESI,14:19:49,84,Hongrie,HU,,35-39,H
986097.nicolas.desplanches,Nicolas DESPLANCHES,14:28:13,85,France,FR,,40-44,H
19607.michele.benamati,Michele BENAMATI,14:30:28,86,Italie,IT,,40-44,H
76191.matej.rezny,Matej REZNY,14:30:28,87,République tchèque,CZ,,20-34,H
11499.thomas.boban,Thomas BOBAN,14:31:09,88,France,FR,,20-34,H
72568.eusebio.sanchezhernandez,Eusebio SANCHEZ-HERNANDEZ,14:32:07,89,Espagne,ES,,80+,H
7850.thierry.tutzo,Thierry TUTZO,14:32:11,90,France,FR,,45-49,H
76192.victor.sansmonico,Victor SANS-MONICO,14:32:34,91,Espagne,ES,,20-34,H
55333.evangelos.bakas,Evangelos BAKAS,14:32:49,92,Grèce,GR,,35-39,H
12619.fernanda.maciel,Fernanda MACIEL,14:33:17,93,Brésil,BR,,20-34,F
23510.jeanjudes.acadine,Jean-Judes ACADINE,14:33:34,94,France,FR,,20-34,H
19281.alessandro.bertelle,Alessandro BERTELLE,14:34:46,95,Italie,IT,,20-34,H
30321.jeanfrancois.cuveillier,Jean-Francois CUVEILLIER,14:38:17,96,France,FR,,45-49,H
10556.jeanlouis.bouvier,Jean-Louis BOUVIER,14:38:55,97,France,FR,,55-59,H
20405.didier.roy,Didier ROY,14:39:24,98,France,FR,,40-44,H
11559.catherine.dubois,Catherine DUBOIS,14:40:39,99,France,FR,,35-39,F
43730.jeanmarc.roux,Jean-Marc ROUX,14:40:40,100,France,FR,,45-49,H
76193.alex.rebes,Alex REBES,14:41:59,101,Espagne,ES,,20-34,H
32242.enric.gonzalezlopera,Enric GONZALEZ LOPERA,14:43:49,102,Espagne,ES,,35-39,H
19973.guillaume.arnoux,Guillaume ARNOUX,14:43:53,103,France,FR,,20-34,H
72324.laurent.berthier,Laurent BERTHIER,14:44:15,104,France,FR,,40-44,H
76194.luis.serrazina,Luis SERRAZINA,14:44:47,105,Portugal,PT,,45-49,H
76195.josep.grasvives,Josep GRAS-VIVES,14:45:44,106,Espagne,ES,,40-44,H
76196.carles.gamisans,Carles GAMISANS,14:45:45,107,Espagne,ES,,40-44,H
76197.daniel.amatasencio,Daniel AMAT ASENCIO,14:46:53,108,Espagne,ES,,20-34,H
30324.alexandre.choquetbotella,Alexandre CHOQUET-BOTELLA,14:50:58,109,France,FR,,20-34,H
11522.jeanclaude.perret,Jean-Claude PERRET,14:52:25,110,France,FR,,50-54,H
72571.isabelle.ciferman,Isabelle CIFERMAN,14:52:48,111,France,FR,,40-44,F
9891.didier.chapuis,Didier CHAPUIS,14:53:12,112,France,FR,,40-44,H
76198.jure.grmsek,Jure GRMSEK,14:54:05,113,Slovénie,SI,,20-34,H
7449.bruno.antoine,Bruno ANTOINE,14:54:08,114,France,FR,,50-54,H
2742.helen.cospolich,Helen COSPOLICH,14:54:43,115,Etats-Unis,US,,20-34,F
19650.franco.pozzi,Franco POZZI,14:55:35,116,Italie,IT,,50-54,H
72332.fabrizio.righetti,Fabrizio RIGHETTI,14:55:52,117,Italie,IT,,45-49,H
11496.patrick.leservoisier,Patrick LESERVOISIER,14:55:52,118,France,FR,,45-49,H
102.gianluca.dimeo,Gianluca DI MEO,14:55:59,119,Italie,IT,,35-39,H
27374.david.kervoelen,David KERVOELEN,14:56:57,120,France,FR,,20-34,H
21285.roberto.novello,Roberto NOVELLO,14:59:44,121,Italie,IT,,35-39,H
76199.christophe.laroux,Christophe LAROUX,15:01:16,122,France,FR,,35-39,H
24913.stephan.guerif,Stephan GUERIF,15:01:57,123,France,FR,,40-44,H
73409.arnaud.schroeder,Arnaud SCHROEDER,15:02:55,124,France,FR,,35-39,H
1586087.chigaya.mase,Chigaya MASE,15:03:19,125,Japon,JP,,40-44,F
39233.stephane.pierrel,Stephane PIERREL,15:04:05,126,France,FR,,45-49,H
6669.tanguy.epale,Tanguy EPALE,15:04:09,127,France,FR,,20-34,H
19005.bartosz.chmielewski,Bartosz CHMIELEWSKI,15:05:20,128,Pologne,PL,,35-39,H
76200.claudine.trecourt,Claudine TRECOURT,15:07:49,129,France,FR,,45-49,F
28289.jeanmarc.durand,Jean-Marc DURAND,15:09:37,130,France,FR,,45-49,H
12907.sigurdur.kiernan,Sigurdur KIERNAN,15:12:12,131,Islande,IS,,40-44,H
179.robert.westaway,Robert WESTAWAY,15:12:33,132,Nouvelle-Zélande,NZ,,40-44,H
40333.philippe.locci,Philippe LOCCI,15:13:35,133,France,FR,,35-39,H
28595.jeanphilippe.gaume,Jean-Philippe GAUME,15:14:35,134,France,FR,,35-39,H
13517.joseramon.sousalebaniegos,Jose-Ramón SOUSA-LEBANIEGOS,15:14:57,135,Espagne,ES,,35-39,H
76201.keith.tuffley,Keith TUFFLEY,15:15:58,136,Australie,AU,,45-49,H
22670.hiroko.suzuki,Hiroko SUZUKI,15:16:29,137,Japon,JP,,20-34,F
24080.bernard.donzel,Bernard DONZEL,15:16:30,138,France,FR,,55-59,H
13893.luis.leite,Luis LEITE,15:17:17,139,Portugal,PT,,20-34,H
76202.jorge.pereaibanez,Jorge PEREA-IBANEZ,15:17:31,140,Espagne,ES,,20-34,H
10745.denis.benod,Denis BENOD,15:17:35,141,France,FR,,35-39,H
11195.stephane.david,Stephane DAVID,15:18:13,142,France,FR,,45-49,H
30322.gael.decelle,Gael DECELLE,15:18:16,143,France,FR,,20-34,H
7931.thierry.albaret,Thierry ALBARET,15:19:00,144,France,FR,,35-39,H
1191.olivier.gruffaz,Olivier GRUFFAZ,15:21:16,145,France,FR,,40-44,H
210.corinne.gruffaz,Corinne GRUFFAZ,15:21:16,146,France,FR,,35-39,F
72363.davidanthony.ralphs,David-Anthony RALPHS,15:21:52,147,Royaume-Uni,GB,,50-54,H
30475.franco.biancofiore,Franco BIANCOFIORE,15:22:02,148,Italie,IT,,20-34,H
19965.jorg.desteffani,Jorg DESTEFFANI,15:22:11,149,Suisse,CH,,45-49,H
6101.isabelle.velarde,Isabelle VELARDE,15:23:11,150,France,FR,,40-44,F
76203.roman.hernandezsierra,Roman HERNANDEZ-SIERRA,15:23:45,151,Espagne,ES,,55-59,H
19018.javier.palaciocored,Javier PALACIO-CORED,15:24:54,152,Espagne,ES,,35-39,H
25976.pierre.allaire,Pierre ALLAIRE,15:26:04,153,France,FR,,45-49,H
30008.paul.cascarino,Paul CASCARINO,15:27:51,154,France,FR,,40-44,H
43979.hubertus.meinecke,Hubertus MEINECKE,15:29:31,155,Allemagne,DE,,40-44,H
6701.bernard.ginetti,Bernard GINETTI,15:29:38,156,Belgique,BE,,45-49,H
6631.gerard.rotge,Gerard ROTGE,15:30:07,157,France,FR,,55-59,H
51290.mark.brooks,Mark BROOKS,15:31:23,158,Royaume-Uni,GB,,40-44,H
75936.paul.maisonnier,Paul MAISONNIER,15:31:49,159,France,FR,,45-49,H
76056.david.sykes,David SYKES,15:32:06,160,Royaume-Uni,GB,,40-44,H
51203.simon.ellis,Simon ELLIS,15:32:07,161,Royaume-Uni,GB,,45-49,H
10032.yannick.navarro,Yannick NAVARRO,15:32:33,162,France,FR,,45-49,F
19628.konstantinos.kozanitis,Konstantinos KOZANITIS,15:33:44,163,Grèce,GR,,35-39,H
76204.sylvie.boissy,Sylvie BOISSY,15:35:20,164,France,FR,,40-44,F
19630.stephane.couleaud,Stephane COULEAUD,15:35:24,165,France,FR,,40-44,H
19988.patrick.leuenberger,Patrick LEUENBERGER,15:35:33,166,Suisse,CH,,40-44,H
76205.joan.farrevila,Joan FARRE-VILA,15:36:21,167,Espagne,ES,,20-34,H
13297.sergi.cotssotoca,Sergi COTS-SOTOCA,15:36:21,168,Espagne,ES,,20-34,H
30355.jeanlouis.falquy,Jean-Louis FALQUY,15:38:02,169,France,FR,,40-44,H
75.jeanluc.lefrancois,Jean-Luc LEFRANCOIS,15:38:36,170,France,FR,,45-49,H
6303.philippe.palous,Philippe PALOUS,15:39:49,171,France,FR,,40-44,H
28218.edmond.ouvrierneyret,Edmond OUVRIER-NEYRET,15:39:53,172,France,FR,,45-49,H
28131.gilles.grange,Gilles GRANGE,15:40:32,173,France,FR,,55-59,H
73881.mathieu.naulin,Mathieu NAULIN,15:40:46,174,France,FR,,20-34,H
74029.jeanphilippe.gautier,Jean-Philippe GAUTIER,15:40:47,175,France,FR,,20-34,H
146466.olivier.rio,Olivier RIO,15:41:31,176,France,FR,,35-39,H
5529891.herve.bigo,Hervé BIGO,15:43:36,177,France,FR,,45-49,H
76207.jorge.serrazina,Jorge SERRAZINA,15:44:09,178,Portugal,PT,,50-54,H
28631.joel.merker,Joel MERKER,15:44:48,179,France,FR,,40-44,H
7067.jacques.gauvrit,Jacques GAUVRIT,15:45:03,180,France,FR,,45-49,H
30031.eric.platroz,Eric PLATROZ,15:45:32,181,France,FR,,40-44,H
43026.bernard.blachas,Bernard BLACHAS,15:45:50,182,France,FR,,60-64,H
30076.hugues.ibos,Hugues IBOS,15:46:12,183,France,FR,,40-44,H
11184.stefano.miserocchi,Stefano MISEROCCHI,15:47:06,184,Italie,IT,,20-34,H
19637.giovanni.isabella,Giovanni ISABELLA,15:47:06,185,Italie,IT,,60-64,H
20259.fabien.allemand,Fabien ALLEMAND,15:49:09,186,Suisse,CH,,40-44,H
378.christian.pasin,Christian PASIN,15:52:13,187,France,FR,,40-44,H
45708.oliver.sinclair,Oliver SINCLAIR,15:53:32,188,Royaume-Uni,GB,,20-34,H
21223.giovanni.deprati,Giovanni DE PRATI,15:53:48,189,Italie,IT,,20-34,H
27666.sebastien.pageau,Sebastien PAGEAU,15:55:07,190,France,FR,,20-34,H
48405.daniel.egli,Daniel EGLI,15:55:43,191,Suisse,CH,,40-44,H
13803.carlos.imirizalduayesa,Carlos IMIRIZALDU-AYESA,15:55:45,192,Espagne,ES,,40-44,H
27925.martine.templier,Martine TEMPLIER,15:56:52,193,France,FR,,20-34,F
72566.laurent.coutagne,Laurent COUTAGNE,15:56:52,194,France,FR,,20-34,H
24614.jerome.manigold,Jerome MANIGOLD,15:57:14,195,France,FR,,35-39,H
19295.riccardo.santarossa,Riccardo SANTAROSSA,15:58:12,196,Italie,IT,,40-44,H
5981.xavier.font,Xavier FONT,16:01:06,197,France,FR,,35-39,H
43739.hubert.filiol,Hubert FILIOL,16:01:29,198,France,FR,,20-34,H
12336.fernandojavier.ruizrivero,Fernando-Javier RUIZ-RIVERO,16:04:44,199,Espagne,ES,,35-39,H
44241.thomas.david,Thomas DAVID,16:04:49,200,France,FR,,20-34,H
44240.benjamin.david,Benjamin DAVID,16:04:50,201,France,FR,,20-34,H
10764.frederic.farinetti,Frederic FARINETTI,16:05:07,202,France,FR,,50-54,H
75971.jeanpaul.etchenique,Jean-Paul ETCHENIQUE,16:05:14,203,France,FR,,40-44,H
76208.ilari.kontinen,Ilari KONTINEN,16:05:44,204,Finlande,FI,,20-34,H
24203.pierre.mialocq,Pierre MIALOCQ,16:05:47,205,France,FR,,55-59,H
37902.didier.pericou,Didier PERICOU,16:05:47,206,France,FR,,45-49,H
8346.guy.bouthemy,Guy BOUTHEMY,16:06:12,207,France,FR,,55-59,H
76209.alexander.bamford,Alexander BAMFORD,16:06:34,208,Royaume-Uni,GB,,20-34,H
76210.douglas.adlam,Douglas ADLAM,16:06:49,209,Royaume-Uni,GB,,40-44,H
76211.antonio.dearribacejudo,Antonio DE ARRIBA-CEJUDO,16:07:24,210,Espagne,ES,,40-44,H
72345.laurent.brebion,Laurent BREBION,16:08:01,211,France,FR,,35-39,H
41166.alain.nogaret,Alain NOGARET,16:09:56,212,France,FR,,35-39,H
40.marcantoine.janody,Marc-Antoine JANODY,16:10:48,213,France,FR,,20-34,H
36469.tomohiro.hosaka,Tomohiro HOSAKA,16:10:55,214,Japon,JP,,35-39,H
42511.olivier.perrillat,Olivier PERRILLAT,16:11:28,215,France,FR,,40-44,H
380167.philippe.moinard,Philippe MOINARD,16:11:33,216,France,FR,,40-44,H
73428.tue.mantoni,Tue MANTONI,16:12:14,217,Danemark,DK,,35-39,H
75960.takashi.okubo,Takashi OKUBO,16:13:06,218,Japon,JP,,35-39,H
4684047.philippe.deletombe,Philippe DELETOMBE,16:15:04,219,France,FR,,50-54,H
76212.dani.banosgomar,Dani BANOS-GOMAR,16:15:39,220,Espagne,ES,,80+,H
8790.jeancamille.roy,Jean-Camille ROY,16:19:14,221,France,FR,,50-54,H
76213.christian.marcot,Christian MARCOT,16:19:29,222,France,FR,,45-49,H
43792.bruno.tauziet,Bruno TAUZIET,16:19:55,223,France,FR,,40-44,H
73447.edijs.sadauskis,Edijs SADAUSKIS,16:20:48,224,Lettonie,LV,,35-39,H
76214.herve.demirdjian,Herve DEMIRDJIAN,16:21:03,225,France,FR,,45-49,H
7289.jeanmarc.lavie,Jean-Marc LAVIE,16:21:18,226,France,FR,,50-54,H
76215.eric.verschueren,Eric VERSCHUEREN,16:21:32,227,Belgique,BE,,45-49,H
25018.sylvie.mathis,Sylvie MATHIS,16:21:38,228,France,FR,,40-44,F
21222.francesca.gualco,Francesca GUALCO,16:22:06,229,Italie,IT,,40-44,F
55906.christos.mavrikios,Christos MAVRIKIOS,16:22:15,230,Grèce,GR,,20-34,H
28188.andre.subirana,Andre SUBIRANA,16:22:55,231,France,FR,,50-54,H
8324.laurent.grandcoing,Laurent GRANDCOING,16:23:40,232,France,FR,,40-44,H
9032.philippe.hugault,Philippe HUGAULT,16:23:59,233,France,FR,,45-49,H
226.jeanpaul.couturier,Jean-Paul COUTURIER,16:24:16,234,France,FR,,45-49,H
8355.bruno.lagarde,Bruno LAGARDE,16:25:06,235,France,FR,,45-49,H
76216.stephane.menel,Stephane MENEL,16:25:13,236,France,FR,,20-34,H
39025.bernard.blanco,Bernard BLANCO,16:26:39,237,France,FR,,45-49,H
51218.john.malcolm,John MALCOLM,16:27:06,238,Royaume-Uni,GB,,20-34,H
41501.jerome.cavalier,Jerome CAVALIER,16:28:12,239,France,FR,,40-44,H
11551.philippe.plantie,Philippe PLANTIE,16:29:37,240,France,FR,,45-49,H
19314.gabriele.demaestri,Gabriele DE MAESTRI,16:29:46,241,Italie,IT,,20-34,H
21213.alessio.alfier,Alessio ALFIER,16:29:47,242,Italie,IT,,20-34,H
10560.patrice.francois,Patrice FRANCOIS,16:30:41,243,France,FR,,40-44,H
28614.benoit.messin,Benoit MESSIN,16:32:01,244,France,FR,,35-39,H
76217.nicolas.chaptal,Nicolas CHAPTAL,16:32:07,245,France,FR,,20-34,H
76218.yves.gourdin,Yves GOURDIN,16:32:08,246,France,FR,,40-44,H
76219.miguel.noguerapages,Miguel NOGUERA-PAGES,16:32:33,247,Espagne,ES,,40-44,H
57647.david.lopezverdaguer,David LOPEZ-VERDAGUER,16:32:34,248,Espagne,ES,,35-39,H
13135.juancarlos.almecijagarcia,Juan-Carlos ALMECIJA-GARCIA,16:32:35,249,Espagne,ES,,80+,H
19643.stefano.giannetti,Stefano GIANNETTI,16:33:03,250,Italie,IT,,45-49,H
55339.natalia.papounidou,Natalia PAPOUNIDOU,16:33:08,251,Grèce,GR,,45-49,F
76220.irena.maliborska,Irena MALIBORSKA,16:33:08,252,Pologne,PL,,45-49,F
55369.vasilios.perikleous,Vasilios PERIKLEOUS,16:33:08,253,Chypre,CY,,20-34,H
44971.tobias.bonnedahl,Tobias BONNEDAHL,16:33:16,254,Suède,SE,,20-34,H
73471.gilbert.barthelemy,Gilbert BARTHELEMY,16:33:42,255,France,FR,,50-54,H
76221.stephane.bernier,Stephane BERNIER,16:34:12,256,France,FR,,35-39,H
38389.christophe.boin,Christophe BOIN,16:34:12,257,France,FR,,40-44,H
30179.ludovic.bertin,Ludovic BERTIN,16:35:31,258,France,FR,,35-39,H
23392.scott.mason,Scott MASON,16:36:41,259,Etats-Unis,US,,45-49,H
75978.jordi.codinaventura,Jordi CODINA-VENTURA,16:37:22,260,Espagne,ES,,20-34,H
31701.josep.comellasboixader,Josep COMELLAS-BOIXADER,16:37:22,261,Espagne,ES,,40-44,H
20072.daniel.debelder,Daniel DE BELDER,16:40:08,262,Royaume-Uni,GB,,35-39,H
205199.liz.barker,Liz BARKER,16:42:32,263,Royaume-Uni,GB,,20-34,F
20576.franck.pleynetjesus,Franck PLEYNET-JESUS,16:42:33,264,France,FR,,40-44,H
21292.carlo.saccardo,Carlo SACCARDO,16:43:05,265,Italie,IT,,50-54,H
14007.martin.fagan,Martin FAGAN,16:43:24,266,Etats-Unis,US,,45-49,H
8318.reynald.begin,Reynald BEGIN,16:43:28,267,France,FR,,45-49,H
10466.eric.baudrillard,Eric BAUDRILLARD,16:43:57,268,France,FR,,45-49,H
20439.anthony.delbarre,Anthony DELBARRE,16:43:59,269,France,FR,,20-34,H
73547.mickael.marclay,Mickael MARCLAY,16:44:07,270,France,FR,,20-34,H
76222.romain.lelong,Romain LELONG,16:44:32,271,France,FR,,20-34,H
38979.stephane.gioria,Stephane GIORIA,16:45:08,272,France,FR,,40-44,H
6736.dominique.mogier,Dominique MOGIER,16:45:11,273,France,FR,,45-49,H
41360.armel.sohm,Armel SOHM,16:45:18,274,France,FR,,40-44,H
19912.nathanael.jacqmin,Nathanael JACQMIN,16:45:25,275,Belgique,BE,,45-49,H
6695.olivier.serre,Olivier SERRE,16:45:37,276,France,FR,,20-34,H
49.pierrelouis.duverneix,Pierre-Louis DUVERNEIX,16:45:38,277,France,FR,,20-34,H
6663.jeanfelix.chevassu,Jean-Félix CHEVASSU,16:45:58,278,France,FR,,35-39,H
30309.arnaud.bihannic,Arnaud BIHANNIC,16:45:58,279,Maroc,MA,,20-34,H
76223.emeric.virton,Emeric VIRTON,16:45:59,280,France,FR,,35-39,H
20999.elio.foiadelli,Elio FOIADELLI,16:46:06,281,Italie,IT,,45-49,H
11961.carles.claveriafloriach,Carles CLAVERIA-FLORIACH,16:46:31,282,Espagne,ES,,35-39,H
,Anonymous,16:46:55,283,France,FR,,45-49,H
180700.nicolas.roux,Nicolas ROUX,16:46:58,284,France,FR,,20-34,H
6693.jeanyves.migeon,Jean-Yves MIGEON,16:48:27,285,France,FR,,40-44,H
39070.maryline.pevergne,Maryline PEVERGNE,16:49:04,286,France,FR,,45-49,F
30481.domenico.bertogliogris,Domenico BERTOGLIO GRIS,16:49:09,287,Italie,IT,,50-54,H
20461.pierre.chaillou,Pierre CHAILLOU,16:50:14,288,France,FR,,40-44,H
11225.bernard.liatard,Bernard LIATARD,16:50:18,289,France,FR,,45-49,H
1449.philippe.chasserant,Philippe CHASSERANT,16:50:50,290,France,FR,,45-49,H
76224.philippe.laude,Philippe LAUDE,16:51:14,291,France,FR,,40-44,H
522.andre.ambroggi,André AMBROGGI,16:51:14,292,France,FR,,50-54,H
76225.yves.schwaiger,Yves SCHWAIGER,16:51:14,293,Belgique,BE,,40-44,H
11580.stephane.clerc,Stephane CLERC,16:52:11,294,France,FR,,40-44,H
27428.loic.chausse,Loic CHAUSSE,16:52:29,295,France,FR,,35-39,H
51193.mark.leggett,Mark LEGGETT,16:53:35,296,Royaume-Uni,GB,,40-44,H
37922.claude.regnault,Claude REGNAULT,16:54:41,297,France,FR,,50-54,H
76226.jerome.hautebas,Jerome HAUTEBAS,16:55:59,298,France,FR,,40-44,H
21162.dario.ghiano,Dario GHIANO,16:56:24,299,Italie,IT,,35-39,H
41165.francois.geriniere,Francois GERINIERE,16:56:48,300,France,FR,,40-44,H
732.basile.megali,Basile MEGALI,16:57:40,301,France,FR,,55-59,H
10926.ruggiero.isernia,Ruggiero ISERNIA,16:58:25,302,Italie,IT,,40-44,H
12720.egidio.rodrigues,Egidio RODRIGUES,16:58:46,303,Portugal,PT,,45-49,H
73880.sidonio.freitas,Sidonio FREITAS,16:58:47,304,Portugal,PT,,35-39,H
74798.joao.faustino,Joao FAUSTINO,16:58:52,305,Portugal,PT,,35-39,H
7273.jeanfrancois.ithurria,Jean-Francois ITHURRIA,16:59:10,306,France,FR,,40-44,H
4925019.luc.laffon,Luc LAFFON,17:00:39,307,France,FR,,40-44,H
38023.sergey.soloviev,Sergey SOLOVIEV,17:01:12,308,Ukraine,UA,,40-44,H
72430.frederic.orsoni,Frederic ORSONI,17:01:34,309,France,FR,,40-44,H
76227.done.inchaustiguinea,Done INCHAUSTI-GUINEA,17:02:14,310,Espagne,ES,,40-44,H
76228.aitor.bilbaoundagoitia,Aitor BILBAO UNDAGOITIA,17:02:14,311,Espagne,ES,,35-39,H
111103.philippe.davy,Philippe DAVY,17:03:39,312,France,FR,,45-49,H
1724413.prevert.laurent,Laurent PREVERT (Prevert LAURENT),17:04:39,313,France,FR,,40-44,H
24653.michel.duboz,Michel DUBOZ,17:05:10,314,France,FR,,55-59,H
76229.martin.zavodnik,Martin ZAVODNIK,17:05:18,315,République tchèque,CZ,,20-34,H
19061.sylwester.gruba,Sylwester GRUBA,17:05:23,316,Pologne,PL,,35-39,H
6686.didier.henry,Didier HENRY,17:06:45,317,France,FR,,50-54,H
76146.katsuhito.serizawa,Katsuhito SERIZAWA,17:07:27,318,Japon,JP,,40-44,H
28050.marc.richardfoy,Marc RICHARD-FOY,17:07:52,319,France,FR,,55-59,H
8067.paul.ruchierberquet,Paul RUCHIER-BERQUET,17:08:13,320,France,FR,,20-34,H
76230.patrick.collomb,Patrick COLLOMB,17:10:38,321,France,FR,,55-59,H
76231.stephan.mouniama,Stephan MOUNIAMA,17:12:10,322,France,FR,,35-39,H
110604.eric.blanchard,Eric BLANCHARD,17:12:21,323,France,FR,,40-44,H
20306.juraj.hromkovic,Juraj HROMKOVIC,17:13:22,324,Slovaquie,SK,,50-54,H
76232.pierrick.lecomte,Pierrick LECOMTE,17:13:37,325,France,FR,,40-44,H
25462.thierry.seiller,Thierry SEILLER,17:14:34,326,France,FR,,20-34,H
51252.gregory.crowley,Gregory CROWLEY,17:15:14,327,Royaume-Uni,GB,,40-44,H
57679.jerome.delattre,Jerome DELATTRE,17:15:31,328,France,FR,,40-44,H
73530.martine.hofstede,Martine HOFSTEDE,17:16:50,329,Pays-Bas,NL,,45-49,F
76233.francis.kerckhof,Francis KERCKHOF,17:16:51,330,Belgique,BE,,35-39,H
49359.ryota.kitamura,Ryota KITAMURA,17:16:51,331,Japon,JP,,20-34,H
38113.vincent.pradeilles,Vincent PRADEILLES,17:16:52,332,France,FR,,45-49,H
76007.philippe.perret,Philippe PERRET,17:16:52,333,France,FR,,45-49,H
42304.christophe.laverton,Christophe LAVERTON,17:17:17,334,France,FR,,45-49,H
39519.philippe.cervasi,Philippe CERVASI,17:17:25,335,France,FR,,45-49,H
26549.willy.dujardin,Willy DUJARDIN,17:17:57,336,France,FR,,35-39,H
27951.frederic.chienno,Frederic CHIENNO,17:18:46,337,France,FR,,35-39,H
6353.benoit.cuvilliers,Benoit CUVILLIERS,17:18:51,338,France,FR,,35-39,H
34111.nick.yardley,Nick YARDLEY,17:19:05,339,Etats-Unis,US,,45-49,H
6728.denis.druguet,Denis DRUGUET,17:19:19,340,France,FR,,45-49,H
76234.fabien.duclot,Fabien DUCLOT,17:19:39,341,France,FR,,35-39,H
76235.guy.lavender,Guy LAVENDER,17:21:49,342,Royaume-Uni,GB,,80+,H
7311.christian.goncalves,Christian GONCALVES,17:21:58,343,France,FR,,50-54,H
20013.paolo.monticolo,Paolo MONTICOLO,17:22:13,344,Italie,IT,,40-44,H
234.bruno.batisse,Bruno BATISSE,17:22:46,345,France,FR,,35-39,H
11941.pilar.caixachrius,Pilar CAIXACH-RIUS,17:23:09,346,Espagne,ES,,45-49,F
229587.francisco.gorinavanrell,Francisco GORINA-VANRELL,17:23:09,347,Espagne,ES,,50-54,H
72487.david.marchaland,David MARCHALAND,17:23:12,348,France,FR,,20-34,H
13071.brian.linton,Brian LINTON,17:24:07,349,Royaume-Uni,GB,,35-39,H
76236.yannick.py,Yannick PY,17:24:27,350,France,FR,,40-44,H
51954.charles.johnson,Charles JOHNSON,17:25:12,351,Royaume-Uni,GB,,20-34,H
51968.timothy.whittaker,Timothy WHITTAKER,17:25:12,352,Royaume-Uni,GB,,40-44,H
8172.frederic.gonnet,Frederic GONNET,17:25:24,353,France,FR,,40-44,H
41520.simone.kayserdiederich,Simone KAYSER-DIEDERICH,17:25:45,354,Luxembourg,LU,,55-59,F
41519.marc.kayser,Marc KAYSER,17:25:47,355,Luxembourg,LU,,55-59,H
76237.alain.schmitt,Alain SCHMITT,17:26:15,356,France,FR,,50-54,H
45154.naoto.takamatsu,Naoto TAKAMATSU,17:26:58,357,Japon,JP,,35-39,H
24058.philippe.raynaud,Philippe RAYNAUD,17:27:20,358,France,FR,,40-44,H
19058.martina.juda,Martina JUDA,17:27:39,359,République tchèque,CZ,,20-34,F
76238.jeanpierre.geourjon,Jean-Pierre GEOURJON,17:28:09,360,France,FR,,45-49,H
158425.hisayuki.tateno,Hisayuki TATENO,17:30:42,361,Japon,JP,,35-39,H
10976.emmanuel.lepine,Emmanuel LEPINE,17:31:21,362,France,FR,,40-44,H
10283.thierry.lecourt,Thierry LECOURT,17:32:39,363,France,FR,,45-49,H
73433.paul.mermillodblondin,Paul MERMILLOD-BLONDIN,17:32:44,364,France,FR,,50-54,H
57846.koichi.iwasa,Koichi IWASA,17:32:46,365,Japon,JP,,40-44,H
72349.jan.babicky,Jan BABICKY,17:34:32,366,République tchèque,CZ,,20-34,H
28584.damien.petitjean,Damien PETITJEAN,17:36:51,367,France,FR,,20-34,H
33370.jeanbernard.fargeas,Jean-Bernard FARGEAS,17:40:08,368,France,FR,,55-59,H
55350.christos.masouras,Christos MASOURAS,17:40:29,369,Grèce,GR,,20-34,H
759.jeanmarc.perrot,Jean-Marc PERROT,17:40:37,370,France,FR,,45-49,H
19991.dan.afshar,Dan AFSHAR,17:40:39,371,Royaume-Uni,GB,,35-39,H
6687.william.roux,William ROUX,17:40:57,372,France,FR,,20-34,H
76239.ole.clausen,Ole CLAUSEN,17:41:26,373,Danemark,DK,,35-39,H
8697.didier.bonnier,Didier BONNIER,17:41:51,374,France,FR,,45-49,H
39322.jeanmarc.bugnon,Jean-Marc BUGNON,17:42:01,375,France,FR,,50-54,H
36718.katsumi.kimura,Katsumi KIMURA,17:43:11,376,Japon,JP,,20-34,H
73482.mark.woolley,Mark WOOLLEY,17:43:17,377,Royaume-Uni,GB,,45-49,H
479574.eric.martin,Eric MARTIN,17:44:05,378,France,FR,,55-59,H
28704.elisabeth.blanc,Elisabeth BLANC,17:44:52,379,France,FR,,55-59,F
28463.samuel.vernerey,Samuel VERNEREY,17:44:52,380,France,FR,,40-44,H
28612.claude.blanc,Claude BLANC,17:44:52,381,France,FR,,55-59,H
28715.bruno.ladet,Bruno LADET,17:44:52,382,France,FR,,45-49,H
41881.sebastien.monnet,Sebastien MONNET,17:44:53,383,France,FR,,35-39,H
73756.arnaud.mascarell,Arnaud MASCARELL,17:44:53,384,France,FR,,35-39,H
39466.frederic.lacombe,Frederic LACOMBE,17:45:41,385,France,FR,,40-44,H
55568.ioannis.papagiannis,Ioannis PAPAGIANNIS,17:46:35,386,Grèce,GR,,40-44,H
42330.francis.gautron,Francis GAUTRON,17:46:48,387,France,FR,,45-49,H
23851.clement.noel,Clement NOEL,17:47:33,388,France,FR,,20-34,H
37962.jean.goreau,Jean GOREAU,17:48:44,389,France,FR,,65-69,H
52636.mark.townsend,Mark TOWNSEND,17:49:18,390,Royaume-Uni,GB,,50-54,H
51978.andrew.green,Andrew GREEN,17:49:19,391,Royaume-Uni,GB,,45-49,H
75955.bruno.doridant,Bruno DORIDANT,17:49:38,392,France,FR,,45-49,H
21227.marco.cattaneo,Marco CATTANEO,17:49:38,393,Italie,IT,,45-49,H
21046.luciano.micheletti,Luciano MICHELETTI,17:49:38,394,Italie,IT,,50-54,H
72338.jeancharles.guilhem,Jean-Charles GUILHEM,17:50:00,395,France,FR,,55-59,H
76240.didier.sarazin,Didier SARAZIN,17:50:23,396,France,FR,,45-49,H
36480.masato.shindo,Masato SHINDO,17:50:36,397,Japon,JP,,40-44,H
178027.patrice.henry,Patrice HENRY,17:50:51,398,France,FR,,40-44,H
7713.marc.morin,Marc MORIN,17:51:14,399,France,FR,,40-44,H
42528.stephane.rembaud,Stephane REMBAUD,17:52:58,400,France,FR,,40-44,H
7777.asier.perezareta,Asier PEREZ-ARETA,17:54:25,401,Espagne,ES,,20-34,H
7776.gorka.ripodasperez,Gorka RIPODAS-PEREZ,17:54:25,402,Espagne,ES,,20-34,H
74997.michelrene.martinoli,Michel-Rene MARTINOLI,17:54:56,403,France,FR,,60-64,H
6985.emeric.ledoux,Emeric LEDOUX,17:56:13,404,France,FR,,35-39,H
6986.philippe.tric,Philippe TRIC,17:56:13,405,France,FR,,45-49,H
128907.joel.vautrin,Joel VAUTRIN,17:56:41,406,France,FR,,40-44,H
19920.luc.mallol,Luc MALLOL,17:57:18,407,France,FR,,20-34,H
48366.christophe.raboud,Christophe RABOUD,17:59:02,408,Suisse,CH,,40-44,H
4942267.pererik.larsson,Per Erik LARSSON,18:00:08,409,Suède,SE,,45-49,H
4757.cory.johnson,Cory JOHNSON,18:00:20,410,Etats-Unis,US,,45-49,H
145.ute.baird,Ute BAIRD,18:01:01,411,Royaume-Uni,GB,,40-44,F
76242.laurent.salle,Laurent SALLE,18:01:39,412,France,FR,,40-44,H
41647.janne.marin,Janne MARIN,18:01:39,413,Finlande,FI,,40-44,H
76243.anna.marin,Anna MARIN,18:01:39,414,Finlande,FI,,35-39,F
38184.olivier.perrillatbottonet,Olivier PERRILLAT-BOTTONET,18:03:26,415,France,FR,,40-44,H
490.aymeric.tirloy,Aymeric TIRLOY,18:03:26,416,France,FR,,20-34,H
10870.benoit.daniel,Benoit DANIEL,18:04:31,417,France,FR,,35-39,H
4600.chris.fagan,Chris FAGAN,18:04:44,418,Etats-Unis,US,,45-49,F
6715.michel.guiche,Michel GUICHE,18:06:14,419,France,FR,,50-54,H
8369.thierry.garcia,Thierry GARCIA,18:06:51,420,France,FR,,45-49,H
24729.didier.petitjean,Didier PETITJEAN,18:10:27,421,France,FR,,45-49,H
76244.frederic.saintesteven,Frederic SAINT-ESTEVEN,18:10:29,422,France,FR,,35-39,H
6367.richard.althabe,Richard ALTHABE,18:12:37,423,France,FR,,40-44,H
38849.jerome.destruel,Jerome DESTRUEL,18:12:54,424,France,FR,,35-39,H
76245.christian.mosar,Christian MOSAR,18:13:28,425,Luxembourg,LU,,40-44,H
41442.philippe.prin,Philippe PRIN,18:13:58,426,France,FR,,40-44,H
76176.rafael.carmonaherrera,Rafael CARMONA-HERRERA,18:14:35,427,Espagne,ES,,35-39,H
1610.jeanmichel.touron,Jean-Michel TOURON,18:14:40,428,France,FR,,20-34,H
74028.felipe.mandin,Felipe MANDIN,18:14:59,429,France,FR,,40-44,H
76246.david.sleath,David SLEATH,18:15:03,430,Royaume-Uni,GB,,65-69,H
349.bruno.merindol,Bruno MERINDOL,18:15:59,431,France,FR,,20-34,H
73549.boris.passerat,Boris PASSERAT,18:15:59,432,France,FR,,20-34,H
884619.alain.vanderschaeg,Alain VANDERSCHAEG,18:17:14,433,France,FR,,50-54,H
75996.joe.gale,Joe GALE,18:18:17,434,Royaume-Uni,GB,,20-34,H
76247.nicholas.wright,Nicholas WRIGHT,18:18:18,435,Royaume-Uni,GB,,35-39,H
940.pierre.amat,Pierre AMAT,18:18:28,436,France,FR,,45-49,H
30348.christophe.aubonnet,Christophe AUBONNET,18:19:04,437,France,FR,,40-44,H
10806.ghislain.dallemagne,Ghislain DALLEMAGNE,18:19:07,438,France,FR,,55-59,H
48749.michele.vitucci,Michele VITUCCI,18:19:27,439,Italie,IT,,40-44,H
11303.bruno.rinaldo,Bruno RINALDO,18:19:39,440,France,FR,,40-44,H
39319.patrick.praly,Patrick PRALY,18:20:38,441,France,FR,,40-44,H
40613.francoise.bersans,Francoise BERSANS,18:21:24,442,France,FR,,50-54,F
10740.pascal.beluze,Pascal BELUZE,18:21:26,443,France,FR,,35-39,H
1618749.neil.thubron,Neil THUBRON,18:22:09,444,Royaume-Uni,GB,,45-49,H
76248.jeremy.waite,Jeremy WAITE,18:22:09,445,Royaume-Uni,GB,,35-39,H
6372.tony.lestrat,Tony LE STRAT,18:23:18,446,France,FR,,20-34,H
149039.drew.sheffield,Drew SHEFFIELD,18:24:41,447,Royaume-Uni,GB,,20-34,H
24929.benjamin.meyer,Benjamin MEYER,18:24:42,448,France,FR,,20-34,H
76249.david.lucas,David LUCAS,18:25:00,449,Royaume-Uni,GB,,20-34,H
839973.martin.trout,Martin TROUT,18:27:12,450,Royaume-Uni,GB,,50-54,H
30518.sergio.cucchi,Sergio CUCCHI,18:27:12,451,Italie,IT,,40-44,H
28028.bertrand.jouneau,Bertrand JOUNEAU,18:27:32,452,France,FR,,40-44,H
266826.roberto.colletto,Roberto COLLETTO,18:27:33,453,Italie,IT,,40-44,H
76250.enric.calvet,Enric CALVET,18:27:33,454,Espagne,ES,,50-54,H
30110.david.gras,David GRAS,18:28:58,455,France,FR,,35-39,H
6130.rene.blondeau,Rene BLONDEAU,18:29:12,456,France,FR,,55-59,H
24545.ludovic.durieu,Ludovic DURIEU,18:29:15,457,France,FR,,35-39,H
809.philippe.bentolila,Philippe BENTOLILA,18:32:25,458,France,FR,,45-49,H
72423.james.louviot,James LOUVIOT,18:34:14,459,France,FR,,50-54,H
19913.jonas.jacqmin,Jonas JACQMIN,18:35:15,460,Belgique,BE,,20-34,H
45518.alexandre.tunik,Alexandre TUNIK,18:35:57,461,Suisse,CH,,45-49,H
12694.alessandro.gioachini,Alessandro GIOACHINI,18:35:59,462,Italie,IT,,45-49,H
76022.joseluis.garridobarcenas,Jose-Luis GARRIDO-BARCENAS,18:36:03,463,Espagne,ES,,40-44,H
72383.christine.diaquechangeat,Christine DIAQUE-CHANGEAT,18:37:22,464,Suisse,CH,,45-49,F
76034.frederic.labrunye,Frederic LABRUNYE,18:38:19,465,France,FR,,35-39,H
73444.guillaume.vimeney,Guillaume VIMENEY,18:39:01,466,France,FR,,20-34,H
12413.jose.povedanoarribas,Jose POVEDANO-ARRIBAS,18:39:19,467,Espagne,ES,,50-54,H
34656.enrico.bartolini,Enrico BARTOLINI,18:39:19,468,Italie,IT,,45-49,H
19316.maurizio.ferrero,Maurizio FERRERO,18:40:24,469,Italie,IT,,45-49,H
25293.roger.fuchs,Roger FUCHS,18:40:50,470,France,FR,,55-59,H
11658.werner.schweizer,Werner SCHWEIZER,18:42:18,471,Suisse,CH,,70-74,H
24950.jeanluc.weckerle,Jean-Luc WECKERLE,18:42:18,472,France,FR,,50-54,H
38941.mohsen.jabri,Mohsen JABRI,18:42:18,473,Tunisie,TN,,50-54,H
74536.jeanluc.marest,Jean-Luc MAREST,18:45:15,474,France,FR,,45-49,H
674.francois.moussel,Francois MOUSSEL,18:46:09,475,France,FR,,50-54,H
21033.adriano.oggioni,Adriano OGGIONI,18:46:10,476,Italie,IT,,35-39,H
73487.frederic.chambon,Frederic CHAMBON,18:46:25,477,France,FR,,35-39,H
6394.julien.goyer,Julien GOYER,18:46:26,478,France,FR,,20-34,H
40942.gregory.henry,Gregory HENRY,18:46:31,479,France,FR,,35-39,H
6335.cedric.delavy,Cedric DELAVY,18:46:33,480,Suisse,CH,,40-44,H
1339.francois.menard,François MENARD,18:46:51,481,France,FR,,50-54,H
76251.javier.ugaldeasteinza,Javier UGALDE ASTEINZA,18:46:56,482,Espagne,ES,,45-49,H
12811.eduardo.uribe,Eduardo URIBE,18:46:57,483,Espagne,ES,,40-44,H
72403.laurent.aubert,Laurent AUBERT,18:47:01,484,France,FR,,40-44,H
13872.carlos.costacreus,Carlos COSTA CREUS,18:47:08,485,Espagne,ES,,20-34,H
6840.pascale.gilbank,Pascale GILBANK,18:48:21,486,France,FR,,50-54,F
51885.george.reid,George REID,18:48:57,487,Royaume-Uni,GB,,50-54,H
70565.harald.koller,Harald KOLLER,18:48:59,488,Autriche,AT,,40-44,H
42676.olivier.brocard,Olivier BROCARD,18:49:35,489,France,FR,,35-39,H
76252.thomas.quincey,Thomas QUINCEY,18:51:00,490,France,FR,,35-39,H
39782.fredrik.holmgren,Fredrik HOLMGREN,18:51:11,491,Suède,SE,,40-44,H
36559.janet.ng,Janet NG,18:55:15,492,"Hong Kong, Chine",HK,,40-44,F
36560.steve.brammar,Steve BRAMMAR,18:55:15,493,Royaume-Uni,GB,,40-44,H
118.arnaud.baguenierdesormeaux,Arnaud BAGUENIER DESORMEAUX,18:55:51,494,France,FR,,40-44,H
30170.michel.sors,Michel SORS,18:56:49,495,France,FR,,40-44,H
74577.stephane.beneteau,Stephane BENETEAU,18:56:56,496,France,FR,,35-39,H
6731.nicolas.morat,Nicolas MORAT,18:57:18,497,France,FR,,40-44,H
6705.romain.bouveret,Romain BOUVERET,18:57:18,498,France,FR,,20-34,H
79608.christophe.leclercq,Christophe LECLERCQ,18:57:31,499,France,FR,,35-39,H
20415.patrick.fournier,Patrick FOURNIER,18:57:43,500,Suisse,CH,,35-39,H
2566.thierry.selle,Thierry SELLE,18:57:47,501,France,FR,,20-34,H
76254.eric.labiau,Eric LABIAU,18:59:03,502,France,FR,,45-49,H
38045.david.abry,David ABRY,18:59:05,503,France,FR,,20-34,H
24113.yann.louis,Yann LOUIS,18:59:06,504,France,FR,,45-49,H
7046.rachid.azeggagh,Rachid AZEGGAGH,19:00:47,505,France,FR,,45-49,H
32110.teodoro.javaloyessanchez,Teodoro JAVALOYES-SANCHEZ,19:02:46,506,Espagne,ES,,40-44,H
76255.acacio.alves,Acacio ALVES,19:03:08,507,Brésil,BR,,80+,H
41889.stephanie.lagadic,Stephanie LAGADIC,19:03:21,508,France,FR,,20-34,F
32500.frederick.fragner,Frédérick FRAGNER,19:03:22,509,France,FR,,40-44,H
73710.patricklouisfrancois.valcarceldebouvry,Patrick-Louis-Francois VALCARCEL-DEBOUVRY,19:04:05,510,Espagne,ES,,40-44,H
6315.christophe.durand,Christophe DURAND,19:04:21,511,France,FR,,20-34,H
52225.warren.holland,Warren HOLLAND,19:06:27,512,Royaume-Uni,GB,,80+,H
8657.patrick.dufour,Patrick DUFOUR,19:06:44,513,France,FR,,45-49,H
13078.marcelo.temprano,Marcelo TEMPRANO,19:07:08,514,Espagne,ES,,35-39,H
72464.benoit.guinet,Benoit GUINET,19:08:32,515,France,FR,,50-54,H
7622.stephane.etienne,Stephane ETIENNE,19:08:33,516,France,FR,,35-39,H
10577.roxane.affre,Roxane AFFRE,19:09:55,517,France,FR,,45-49,F
76257.andre.bedas,Andre BEDAS,19:10:20,518,France,FR,,65-69,H
20543.stephane.galeazzi,Stephane GALEAZZI,19:10:28,519,France,FR,,45-49,H
76258.ludvig.landgren,Ludvig LANDGREN,19:11:00,520,Suède,SE,,35-39,H
8603.christophe.lenoir,Christophe LENOIR,19:11:34,521,France,FR,,40-44,H
41338.celine.orsingher,Celine ORSINGHER,19:11:45,522,France,FR,,35-39,F
76051.pierre.delore,Pierre DELORE,19:12:11,523,France,FR,,40-44,H
73865.frederic.rapuzzi,Frederic RAPUZZI,19:12:41,524,France,FR,,35-39,H
64371.christian.roth,Christian ROTH,19:13:47,525,France,FR,,45-49,H
74580.bruno.fasel,Bruno FASEL,19:14:10,526,Suisse,CH,,40-44,H
1148.pascal.anthoine,Pascal ANTHOINE,19:15:07,527,France,FR,,40-44,H
26289.franck.nicolas,Franck NICOLAS,19:17:44,528,France,FR,,35-39,H
27514.bruno.lauret,Bruno LAURET,19:17:45,529,France,FR,,35-39,H
74231.laurent.thailly,Laurent THAILLY,19:17:48,530,France,FR,,20-34,H
45507.katja.blattler,Katja BLÄTTLER,19:18:39,531,Suisse,CH,,20-34,F
47500.niklas.grip,Niklas GRIP,19:19:05,532,Suède,SE,,40-44,H
9991.vincent.desfossez,Vincent DESFOSSEZ,19:19:08,533,France,FR,,45-49,H
72591.dominique.gregoire,Dominique GREGOIRE,19:19:09,534,France,FR,,45-49,H
31975.xavier.martorell,Xavier MARTORELL,19:19:47,535,Espagne,ES,,U18,H
31774.manel.rubia,Manel RUBIA-BLAZQUEZ,19:19:48,536,Espagne,ES,,20-34,H
1211.jordi.xaus,Jordi XAUS,19:19:58,537,Espagne,ES,,55-59,H
31866.manel.berbelacosta,Manel BERBEL ACOSTA,19:19:58,538,Espagne,ES,,45-49,H
43789.cecile.diaferia,Cecile DIAFERIA,19:20:20,539,France,FR,,80+,F
48929.naoki.okumura,Naoki OKUMURA,19:20:29,540,Japon,JP,,20-34,H
39085.benoit.prangere,Benoit PRANGERE,19:20:34,541,France,FR,,45-49,H
75999.azumai.toru,Azumai TORU,19:20:36,542,Japon,JP,,55-59,H
25214.emmanuel.conraux,Emmanuel CONRAUX,19:20:39,543,France,FR,,40-44,H
74352.pierre.schwartz,Pierre SCHWARTZ,19:21:01,544,France,FR,,45-49,H
28180.patrick.gunsett,Patrick GUNSETT,19:21:08,545,France,FR,,45-49,H
13035.carlos.diazcarlus,Carlos DIAZ-CARLUS,19:21:53,546,Espagne,ES,,45-49,H
25059.bernard.balizet,Bernard BALIZET,19:22:07,547,France,FR,,55-59,H
40410.michael.dubreuil,Michael DUBREUIL,19:23:05,548,France,FR,,20-34,H
76259.jean.bordes,Jean BORDES,19:25:01,549,France,FR,,60-64,H
24147.laurent.cervoni,Laurent CERVONI,19:25:16,550,France,FR,,20-34,H
41931.nicolas.racaud,Nicolas RACAUD,19:26:27,551,France,FR,,20-34,H
73893.hakan.parsson,Håkan PARSSON,19:26:42,552,Suède,SE,,80+,H
113660.stephane.jung,Stephane JUNG,19:27:06,553,France,FR,,35-39,H
12750.sergio.perdigao,Sergio PERDIGAO,19:28:57,554,Portugal,PT,,35-39,H
6853.jeanmarc.benoit,Jean-Marc BENOIT,19:29:23,555,France,FR,,50-54,H
26630.jeanclaude.rocher,Jean-Claude ROCHER,19:29:24,556,France,FR,,40-44,H
11292.fabio.rusconi,Fabio RUSCONI,19:29:43,557,Italie,IT,,35-39,H
40145.eric.leroux,Eric LEROUX,19:30:18,558,France,FR,,20-34,H
10829.eric.bello,Eric BELLO,19:30:51,559,France,FR,,35-39,H
39690.steeve.louraichi,Steeve LOURAICHI,19:31:00,560,France,FR,,20-34,H
105282.nicolas.abdallah,Nicolas ABDALLAH,19:31:41,561,France,FR,,40-44,H
206.dominique.philippot,Dominique PHILIPPOT,19:31:52,562,France,FR,,45-49,H
33435.philippe.temperli,Philippe TEMPERLI,19:32:13,563,Suisse,CH,,40-44,H
43987.philippe.thierry,Philippe THIERRY,19:32:22,564,France,FR,,20-34,H
30135.ana.lourenco,Ana LOURENCO,19:32:36,565,France,FR,,45-49,F
10039.serge.carenco,Serge CARENCO,19:33:52,566,France,FR,,50-54,H
51854.zoltan.kerekgyarto,Zoltan KEREKGYARTO,19:36:29,567,Hongrie,HU,,20-34,H
28652.gilles.cormier,Gilles CORMIER,19:37:24,568,France,FR,,50-54,H
64058.roger.savart,Roger SAVART,19:39:17,569,France,FR,,50-54,H
30283.alain.berthet,Alain BERTHET,19:39:26,570,Belgique,BE,,50-54,H
28159.philippe.cognet,Philippe COGNET,19:40:21,571,France,FR,,40-44,H
41860.claire.bressotperrin,Claire BRESSOT-PERRIN,19:40:49,572,France,FR,,20-34,F
41815.hubert.bressotperrin,Hubert BRESSOT-PERRIN,19:40:49,573,France,FR,,55-59,H
64589.desmond.ohagan,Desmond O'HAGAN,19:40:53,574,Irlande,IE,,55-59,H
73585.sylvain.terrier,Sylvain TERRIER,19:41:02,575,France,FR,,35-39,H
30245.frank.boinet,Frank BOINET,19:42:30,576,France,FR,,50-54,H
74115.pierre.lemaire,Pierre LEMAIRE,19:44:54,577,France,FR,,55-59,H
40943.olivier.duch,Olivier DUCH,19:45:24,578,France,FR,,35-39,H
76005.jaroslav.hrabica,Jaroslav HRABICA,19:45:27,579,République tchèque,CZ,,20-34,H
76262.loduwing.oteromunoz,Loduwing OTERO-MUNOZ,19:46:10,580,Espagne,ES,,80+,H
76263.hans.stoufs,Hans STOUFS,19:47:48,581,France,FR,,35-39,H
867.christophe.limon,Christophe LIMON,19:48:46,582,France,FR,,20-34,H
20126.ron.shilon,Ron SHILON,19:49:29,583,Israël,IL,,45-49,H
21077.fabrizio.molari,Fabrizio MOLARI,19:49:48,584,Italie,IT,,40-44,H
20900.lubomir.okruhlica,Lubomir OKRUHLICA,19:50:17,585,Slovaquie,SK,,55-59,H
7488.joel.lamoulie,Joel LAMOULIE,19:50:19,586,France,FR,,35-39,H
76264.jeanpaul.pestre,Jean-Paul PESTRE,19:50:35,587,France,FR,,45-49,H
42255.jeanluc.mattel,Jean-Luc MATTEL,19:50:48,588,France,FR,,45-49,H
765464.brenda.williams,Brenda WILLIAMS,19:50:48,589,Canada,CA,,45-49,F
38046.joel.roux,Joel ROUX,19:50:48,590,France,FR,,50-54,H
13476.gorka.sasietabarrenetxea,Gorka SASIETA-BARRENETXEA,19:52:39,591,Espagne,ES,,80+,H
13477.jaione.sasieta,Jaione SASIETA,19:52:40,592,Espagne,ES,,35-39,F
76136.wally.coppelov,Wally COPPELOV,19:52:41,593,Royaume-Uni,GB,,50-54,H
76265.vedran.berkovic,Vedran BERKOVIC,19:52:58,594,Croatie,HR,,35-39,H
28222.brigitte.pottin,Brigitte POTTIN,19:53:08,595,France,FR,,45-49,F
8003.eric.galea,Eric GALEA,19:53:08,596,France,FR,,40-44,H
10371.franco.perich,Franco PERICH,19:53:52,597,Italie,IT,,45-49,H
46558.christos.triantafyllos,Christos TRIANTAFYLLOS,19:53:57,598,Grèce,GR,,55-59,H
76266.christian.humbert,Christian HUMBERT,19:54:08,599,France,FR,,55-59,H
76095.masahiko.otawa,Masahiko OTAWA,19:54:23,600,Japon,JP,,45-49,H
76267.jean.debouard,Jean DE BOUARD,19:54:44,601,France,FR,,40-44,H
40498.franck.millereux,Franck MILLEREUX,19:55:49,602,France,FR,,40-44,H
42557.joaquim.ribeiro,Joaquim RIBEIRO,19:57:17,603,France,FR,,45-49,H
73660.thierry.mayart,Thierry MAYART,19:57:17,604,France,FR,,55-59,H
40680.josselin.deguil,Josselin DEGUIL,19:58:43,605,France,FR,,20-34,H
40420.jose.martinez,Jose MARTINEZ,19:58:49,606,France,FR,,40-44,H
25571.albert.mathieu,Albert MATHIEU,19:58:49,607,France,FR,,50-54,H
25097.philippe.deneffe,Philippe DENEFFE,19:59:35,608,Belgique,BE,,45-49,H
7560.alban.venneugues,Alban VENNEUGUES,20:00:05,609,France,FR,,20-34,H
33114.xavier.mauban,Xavier MAUBAN,20:00:29,610,France,FR,,45-49,H
74559.maxime.leroy,Maxime LEROY,20:00:43,611,France,FR,,20-34,H
40306.stephane.sence,Stephane SENCE,20:00:44,612,France,FR,,35-39,H
74512.jerome.caldi,Jerome CALDI,20:02:13,613,France,FR,,45-49,H
19239.dietrich.klaassen,Dietrich KLAASSEN,20:03:06,614,Allemagne,DE,,40-44,H
41268.philippe.marcillon,Philippe MARCILLON,20:04:20,615,France,FR,,40-44,H
27768.marcel.baril,Marcel BARIL,20:06:05,616,France,FR,,60-64,H
10773.sebastien.trimon,Sebastien TRIMON,20:07:20,617,France,FR,,35-39,H
2449051.gianella.sandro,Gianella SANDRO,20:07:38,618,Suisse,CH,,35-39,H
52118.dave.wilson,Dave WILSON,20:08:15,619,Royaume-Uni,GB,,45-49,H
52466.kenneth.ivory,Kenneth IVORY,20:08:16,620,Royaume-Uni,GB,,40-44,H
7133.laurent.augier,Laurent AUGIER,20:11:31,621,France,FR,,40-44,H
11239.dominique.woreth,Dominique WORETH,20:11:33,622,France,FR,,40-44,H
25013.jacques.ouziel,Jacques OUZIEL,20:11:34,623,France,FR,,50-54,H
12194.agustin.lopezriera,Agustin LOPEZ RIERA,20:11:35,624,Espagne,ES,,45-49,H
73611.nicole.dubois,Nicole DUBOIS,20:11:59,625,France,FR,,50-54,F
76270.jeanluc.palous,Jean-Luc PALOUS,20:13:35,626,France,FR,,35-39,H
199277.jacques.simon,Jacques SIMON,20:13:40,627,France,FR,,45-49,H
26393.bruno.charbonnier,Bruno CHARBONNIER,20:15:29,628,France,FR,,50-54,H
76271.eolo.gonzalezgarcia,Eolo GONZALEZ-GARCIA,20:16:10,629,Espagne,ES,,55-59,H
8835.roland.crenn,Roland CRENN,20:16:18,630,France,FR,,50-54,H
44717.cedric.chambe,Cedric CHAMBE,20:16:47,631,France,FR,,20-34,H
76272.francisco.contrerasmunoz,Francisco CONTRERAS-MUNOZ,20:17:44,632,Espagne,ES,,40-44,H
76273.antonio.narbonamatas,Antonio NARBONA-MATAS,20:17:44,633,Espagne,ES,,50-54,H
76274.dominique.ferton,Dominique FERTON,20:18:01,634,France,FR,,45-49,H
4028.james.adams,James ADAMS,20:18:28,635,Royaume-Uni,GB,,20-34,H
11683.yann.olen,Yann OLEN,20:18:54,636,France,FR,,20-34,H
76275.benjamin.warner,Benjamin WARNER,20:19:17,637,Royaume-Uni,GB,,20-34,H
76276.simon.goddard,Simon GODDARD,20:19:19,638,Royaume-Uni,GB,,80+,H
19926.daniela.kuenzel,Daniela KUENZEL,20:19:21,639,Suisse,CH,,40-44,F
74012.josemaria.gomezlucena,Jose-Maria GOMEZ-LUCENA,20:19:44,640,Espagne,ES,,45-49,H
12433.luismiguel.garciagimenez,Luis-Miguel GARCIA-GIMENEZ,20:19:44,641,Espagne,ES,,45-49,H
28670.jeanpierre.leclerc,Jean-Pierre LECLERC,20:20:07,642,France,FR,,45-49,H
73608.pascal.georgel,Pascal GEORGEL,20:20:12,643,France,FR,,50-54,H
75989.enrique.alvarezestevez,Enrique ALVAREZ-ESTEVEZ,20:20:23,644,Espagne,ES,,40-44,H
39819.vincent.brachet,Vincent BRACHET,20:20:39,645,France,FR,,40-44,H
40858.emeric.pouchot,Emeric POUCHOT,20:21:04,646,France,FR,,20-34,H
76277.antonio.neves,Antonio NEVES,20:21:24,647,Portugal,PT,,50-54,H
25878.claire.balada,Claire BALADA,20:21:50,648,France,FR,,40-44,F
27961.mathieu.dumas,Mathieu DUMAS,20:22:39,649,France,FR,,20-34,H
7321.montserrat.sistere,Montserrat SISTERE,20:24:14,650,Espagne,ES,,40-44,F
19917.josep.artigas,Josep ARTIGAS,20:24:15,651,Espagne,ES,,45-49,H
19755.paolo.zecchin,Paolo ZECCHIN,20:24:17,652,Italie,IT,,40-44,H
21314.mauro.olivero,Mauro OLIVERO,20:24:18,653,Italie,IT,,45-49,H
51194.richard.webster,Richard WEBSTER,20:25:39,654,Royaume-Uni,GB,,40-44,H
76177.bernard.peeters,Bernard PEETERS,20:25:52,655,Belgique,BE,,50-54,H
20542.benoit.charriere,Benoit CHARRIERE,20:26:07,656,France,FR,,45-49,H
6191.brigitte.veyrand,Brigitte VEYRAND,20:27:19,657,France,FR,,50-54,F
6741.patrick.perrier,Patrick PERRIER,20:27:20,658,France,FR,,50-54,H
42739.arnaud.delamarliere,Arnaud DE LAMARLIERE,20:27:28,659,France,FR,,40-44,H
6244.aurelia.grenier,Aurelia GRENIER,20:27:29,660,France,FR,,20-34,F
9263.blandine.martinoli,Blandine MARTINOLI,20:28:54,661,France,FR,,40-44,F
76278.victorhugo.morelcattebeke,Victor-Hugo MOREL-CATTEBEKE,20:30:16,662,Paraguay,PY,,80+,H
555382.andres.canese,Andrés CANESE,20:30:17,663,Paraguay,PY,,45-49,H
38181.jerome.neboit,Jerome NEBOIT,20:31:10,664,France,FR,,35-39,H
1388.emmanuel.clerin,Emmanuel CLERIN,20:31:32,665,France,FR,,35-39,H
52209.kirsty.hewitson,Kirsty HEWITSON,20:32:03,666,Royaume-Uni,GB,,35-39,F
19153.michael.frenz,Michael FRENZ,20:32:17,667,Allemagne,DE,,40-44,H
34706.marco.barbieri,Marco BARBIERI,20:32:24,668,Italie,IT,,35-39,H
6485.jeanclaude.lamiaux,Jean-Claude LAMIAUX,20:33:35,669,France,FR,,40-44,H
10378.massimiliano.marta,Massimiliano MARTA,20:34:23,670,Italie,IT,,45-49,H
4471701.steve.swallow,Steve SWALLOW,20:34:58,671,Royaume-Uni,GB,,40-44,H
76280.rhodri.darch,Rhodri DARCH,20:34:58,672,Royaume-Uni,GB,,20-34,H
7792.jeanmarc.bonnet,Jean-Marc BONNET,20:34:59,673,France,FR,,50-54,H
410915.joan.vilacasanovas,Joan VILA CASANOVAS,20:35:28,674,Espagne,ES,,35-39,H
74083.regis.baudry,Regis BAUDRY,20:36:48,675,France,FR,,45-49,H
4020468.anne.pontiesaulu,Anne PONTIES AULU,20:37:05,676,France,FR,,45-49,F
73503.owen.wainhouse,Owen WAINHOUSE,20:37:33,677,Royaume-Uni,GB,,20-34,H
24777.andre.stephan,Andre STEPHAN,20:38:56,678,France,FR,,45-49,H
72495.walter.rinaldo,Walter RINALDO,20:39:01,679,Brésil,BR,,40-44,H
1220.claude.mercier,Claude MERCIER,20:39:24,680,France,FR,,55-59,H
32985.erick.gomez,Erick GOMEZ,20:40:23,681,France,FR,,55-59,H
27968.franck.joubert,Franck JOUBERT,20:40:32,682,France,FR,,40-44,H
10045.christophe.couchoud,Christophe COUCHOUD,20:40:32,683,France,FR,,40-44,H
73673.daniel.courti,Daniel COURTI,20:40:55,684,France,FR,,50-54,H
76282.jeanrene.valentin,Jean-Rene VALENTIN,20:42:27,685,France,FR,,45-49,H
76283.josepmaria.recasensriembau,Josep-Maria RECASENS-RIEMBAU,20:42:36,686,Espagne,ES,,50-54,H
7686.narcis.serratjunca,Narcis SERRAT-JUNCA,20:42:36,687,Espagne,ES,,40-44,H
73700.gabriel.balas,Gabriel BALAS,20:44:45,688,France,FR,,35-39,H
24631.mathieu.clar,Mathieu CLAR,20:44:51,689,France,FR,,35-39,H
60280.herve.vallet,Herve VALLET,20:46:03,690,Italie,IT,,20-34,H
19703.matteo.spinardi,Matteo SPINARDI,20:46:04,691,Italie,IT,,20-34,H
31805.teresa.farriolrafel,Teresa FARRIOL-RAFEL,20:46:16,692,Espagne,ES,,45-49,F
76284.xavier.vilanovapons,Xavier VILANOVA-PONS,20:46:17,693,Espagne,ES,,80+,H
72599.remi.cipriani,Remi CIPRIANI,20:46:30,694,France,FR,,40-44,H
43528.loic.geffrault,Loic GEFFRAULT,20:46:47,695,France,FR,,50-54,H
65052.philippe.weber,Philippe WEBER,20:47:17,696,Suisse,CH,,20-34,H
33440.cedric.barrau,Cedric BARRAU,20:47:22,697,France,FR,,20-34,H
20264.janine.reuse,Janine REUSE,20:47:37,698,Suisse,CH,,45-49,F
21181.enzo.brusasca,Enzo BRUSASCA,20:47:55,699,Italie,IT,,35-39,H
19764.ruben.roldansanchez,Ruben ROLDAN-SANCHEZ,20:48:51,700,Espagne,ES,,35-39,H
324.marc.caudrillier,Marc CAUDRILLIER,20:49:32,701,France,FR,,40-44,H
33112.frederic.beauffeny,Frederic BEAUFFENY,20:49:39,702,France,FR,,45-49,H
8024.veronique.denailly,Veronique DE NAILLY,20:49:43,703,France,FR,,45-49,F
76285.mariechristine.fontaine,Marie-Christine FONTAINE,20:49:43,704,France,FR,,45-49,F
2656.eric.lagneau,Eric LAGNEAU,20:49:44,705,France,FR,,50-54,H
47625.rikard.hallgren,Rikard HALLGREN,20:50:09,706,Suède,SE,,40-44,H
904.laurent.coppola,Laurent COPPOLA,20:50:18,707,France,FR,,35-39,H
73506.josejavier.chocanomigallon,Jose-Javier CHOCANO-MIGALLON,20:51:01,708,Espagne,ES,,80+,H
76286.carlos.munizguerrero,Carlos MUNIZ-GUERRERO,20:51:01,709,Espagne,ES,,40-44,H
76287.christopherking.jameson,Christopher-King JAMESON,20:52:58,710,Etats-Unis,US,,40-44,H
6566963.unknown.unknown,Unknown UNKNOWN,20:53:38,711,France,FR,,80+,H
12738.florencio.prieto,Florencio PRIETO,20:53:39,712,France,FR,,55-59,H
74461.nicolas.joseph,Nicolas JOSEPH,20:53:56,713,France,FR,,20-34,H
32309.joseantonio.sanchezserrano,Jose-Antonio SANCHEZ-SERRANO,20:54:53,714,Espagne,ES,,40-44,H
12494.victormanuel.candelasantiago,Victor-Manuel CANDELA-SANTIAGO,20:55:15,715,Espagne,ES,,35-39,H
1207.marc.labe,Marc LABE,20:56:29,716,France,FR,,45-49,H
5616815.motteli.hansueli,Mötteli HANSUELI,20:57:08,717,Suisse,CH,,45-49,H
76113.christophe.petit,Christophe PETIT,20:57:16,718,France,FR,,40-44,H
21052.francesco.prossen,Francesco PROSSEN,20:58:33,719,Italie,IT,,40-44,H
76309.olivier.dejean,Olivier DEJEAN,20:59:51,720,France,FR,,35-39,H
76289.jerome.obriot,Jerome OBRIOT,21:00:20,721,France,FR,,45-49,H
7034.alain.blache,Alain BLACHE,21:00:20,722,France,FR,,50-54,H
10900.philippe.chienno,Philippe CHIENNO,21:03:58,723,France,FR,,35-39,H
6514.brice.barret,Brice BARRET,21:06:04,724,France,FR,,40-44,H
76290.josemaria.ripollesroca,Jose Maria RIPOLLES ROCA,21:07:04,725,Espagne,ES,,40-44,H
76291.sebastien.picard,Sebastien PICARD,21:10:03,726,France,FR,,20-34,H
31990.jorge.mimoso,Jorge MIMOSO,21:11:57,727,Portugal,PT,,35-39,H
31989.pedro.basso,Pedro BASSO,21:11:57,728,Portugal,PT,,35-39,H
76292.marcoantonio.dasilva,Marco-Antonio DA SILVA,21:11:57,729,Portugal,PT,,35-39,H
125609.david.ferreira,David FERREIRA,21:11:58,730,Portugal,PT,,40-44,H
13202.franciscoantonio.rodrigueztorres,Francisco-Antonio RODRIGUEZ-TORRES,21:12:09,731,Espagne,ES,,50-54,H
11718.michele.flage,Michele FLAGE,21:12:37,732,France,FR,,55-59,F
26873.michel.fauvel,Michel FAUVEL,21:13:03,733,France,FR,,35-39,H
2131007.pascal.martin,Pascal MARTIN,21:13:48,734,France,FR,,45-49,H
76066.ignace.matthys,Ignace MATTHYS,21:13:56,735,Belgique,BE,,50-54,H
44677.elodie.gailledrat,Elodie GAILLEDRAT,21:14:56,736,France,FR,,80+,F
42615.daniel.remesylaurent,Daniel REMESY-LAURENT,21:14:57,737,France,FR,,20-34,H
340634.hiroshi.onishi,Hiroshi ONISHI,21:15:07,738,Japon,JP,,40-44,H
24099.fabiendenis.cuny,Fabien-Denis CUNY,21:15:46,739,France,FR,,45-49,H
76294.marie.marchal,Marie MARCHAL,21:15:46,740,France,FR,,45-49,F
76295.gloria.serrazina,Gloria SERRAZINA,21:16:05,741,Portugal,PT,,50-54,F
72509.ola.hultkrantz,Ola HULTKRANTZ,21:16:05,742,Suède,SE,,45-49,H
48563.loris.zubelli,Loris ZUBELLI,21:16:41,743,Italie,IT,,35-39,H
76296.eric.lavoine,Eric LAVOINE,21:17:06,744,France,FR,,45-49,H
73692.guillaume.ducret,Guillaume DUCRET,21:17:19,745,France,FR,,40-44,H
76297.alain.pozzobon,Alain POZZOBON,21:19:10,746,France,FR,,80+,H
10145.marcel.lenoir,Marcel LENOIR,21:19:20,747,France,FR,,55-59,H
26900.michel.panchou,Michel PANCHOU,21:19:30,748,France,FR,,45-49,H
7990.eric.cuenot,Eric CUENOT,21:20:27,749,France,FR,,35-39,H
28435.sylvie.corvaisier,Sylvie CORVAISIER,21:20:48,750,France,FR,,45-49,F
76298.ferry.vanderent,Ferry VAN DER ENT,21:22:01,751,Pays-Bas,NL,,50-54,H
76299.fabio.pertile,Fabio PERTILE,21:23:07,752,Italie,IT,,40-44,H
73627.josephine.allen,Josephine ALLEN,21:23:16,753,Royaume-Uni,GB,,20-34,F
43962.david.guillet,David GUILLET,21:23:19,754,France,FR,,35-39,H
21068.stefano.piccone,Stefano PICCONE,21:23:20,755,Italie,IT,,40-44,H
730340.vincenzo.caminita,Vincenzo CAMINITA,21:23:20,756,Italie,IT,,40-44,H
74793.pascal.pavard,Pascal PAVARD,21:23:52,757,France,FR,,40-44,H
74791.patrick.zacharko,Patrick ZACHARKO,21:23:52,758,France,FR,,40-44,H
3782.patrick.verguet,Patrick VERGUET,21:24:01,759,France,FR,,55-59,H
39409.christophe.allo,Christophe ALLO,21:24:15,760,France,FR,,35-39,H
2690.rene.rabbe,Rene RABBE,21:24:15,761,France,FR,,45-49,H
111695.florence.desriac,Florence DESRIAC,21:24:54,762,France,FR,,20-34,F
476.annemarie.vauchel,Anne-Marie VAUCHEL,21:25:14,763,France,FR,,45-49,F
7550.fabrice.fayolle,Fabrice FAYOLLE,21:25:21,764,France,FR,,40-44,H
37079.neil.macritchie,Neil MACRITCHIE,21:25:33,765,Royaume-Uni,GB,,20-34,H
1573.michal.vavak,Michal VAVAK,21:25:50,766,République tchèque,CZ,,20-34,H
42393.matthieu.dumas,Matthieu DUMAS,21:28:11,767,France,FR,,35-39,H
44234.olivier.chabanis,Olivier CHABANIS,21:29:07,768,France,FR,,40-44,H
72473.denis.ancelin,Denis ANCELIN,21:29:07,769,France,FR,,55-59,H
30401.nicolas.betmont,Nicolas BETMONT,21:29:15,770,France,FR,,50-54,H
33337.olivier.troccaz,Olivier TROCCAZ,21:31:46,771,France,FR,,35-39,H
7082.gregoire.annet,Gregoire ANNET,21:32:11,772,France,FR,,40-44,H
653.philippe.chapuis,Philippe CHAPUIS,21:32:50,773,France,FR,,50-54,H
963.fabrice.pradin,Fabrice PRADIN,21:34:39,774,France,FR,,35-39,H
48487.fabio.marri,Fabio MARRI,21:35:08,775,Italie,IT,,60-64,H
76151.jose.redondoguardiola,Jose REDONDO-GUARDIOLA,21:35:42,776,Espagne,ES,,35-39,H
76300.paul.jaeger,Paul JAEGER,21:37:13,777,Etats-Unis,US,,40-44,H
4278668.mauricio.herreracuadra,Mauricio HERRERA CUADRA,21:37:17,778,Mexique,MX,,20-34,H
30641.lucianoernesto.bottarelli,Luciano-Ernesto BOTTARELLI,21:37:39,779,Italie,IT,,60-64,H
28267.andre.balthazard,Andre BALTHAZARD,21:38:36,780,France,FR,,65-69,H
51227.andy.cole,Andy COLE,21:40:09,781,Royaume-Uni,GB,,60-64,H
76301.jeanphilippe.christoph,Jean-Philippe CHRISTOPH,21:40:29,782,France,FR,,40-44,H
19402.fabrizio.foglia,Fabrizio FOGLIA,21:40:40,783,Italie,IT,,45-49,H
76302.teddy.kill,Teddy KILL,21:41:36,784,France,FR,,20-34,H
839261.jeanfrancois.rous,Jean-François ROUS,21:42:33,785,France,FR,,40-44,H
32217.franciscojose.cortesdoncel,Francisco-Jose CORTES-DONCEL,21:43:08,786,Espagne,ES,,40-44,H
76303.gerard.finistre,Gerard FINISTRE,21:43:18,787,France,FR,,60-64,H
74080.chantal.gojon,Chantal GOJON,21:43:40,788,France,FR,,40-44,F
21237.cesare.bartoli,Cesare BARTOLI,21:43:40,789,Italie,IT,,55-59,H
39839.fabrice.halope,Fabrice HALOPE,21:43:46,790,France,FR,,20-34,H
437.jeremie.huot,Jérémie HUOT,21:43:46,791,France,FR,,35-39,H
32675.jerome.dubreuil,Jerome DUBREUIL,21:43:47,792,France,FR,,20-34,H
20554.thierry.seignol,Thierry SEIGNOL,21:43:50,793,France,FR,,45-49,H
28042.patrick.goby,Patrick GOBY,21:43:50,794,France,FR,,45-49,H
20553.laurent.bouisse,Laurent BOUISSE,21:43:51,795,France,FR,,45-49,H
76304.gaetan.gabard,Gaetan GABARD,21:44:38,796,France,FR,,40-44,H
41472.michel.you,Michel YOU,21:44:38,797,France,FR,,40-44,H
19209.anja.halter,Anja HALTER,21:44:41,798,Allemagne,DE,,20-34,F
28797.corinne.laubert,Corinne LAUBERT,21:44:42,799,France,FR,,45-49,F
24848.yvonnick.morfoisse,Yvonnick MORFOISSE,21:45:01,800,France,FR,,40-44,H
41902.thierry.pocholuk,Thierry POCHOLUK,21:45:33,801,France,FR,,45-49,H
43963.nicolas.kossonogow,Nicolas KOSSONOGOW,21:46:59,802,France,FR,,40-44,H
74041.stephane.chassignol,Stephane CHASSIGNOL,21:47:15,803,France,FR,,40-44,H
1259.michel.magnenet,Michel MAGNENET,21:47:38,804,France,FR,,50-54,H
24824.luc.valzer,Luc VALZER,21:47:38,805,France,FR,,50-54,H
76305.yves.dugas,Yves DUGAS,21:48:21,806,France,FR,,55-59,H
76306.ferran.recasensriembau,Ferran RECASENS-RIEMBAU,21:49:20,807,Espagne,ES,,80+,H
74116.annemarie.mauger,Anne-Marie MAUGER,21:49:20,808,France,FR,,45-49,F
6846.amelie.sohm,Amelie SOHM,21:49:27,809,France,FR,,40-44,F
36603.hiroshi.yoshikawa,Hiroshi YOSHIKAWA,21:50:37,810,Japon,JP,,40-44,H
25425.andre.grandmont,Andre GRANDMONT,21:50:55,811,Belgique,BE,,45-49,H
39503.damien.hausman,Damien HAUSMAN,21:50:56,812,Belgique,BE,,35-39,H
76307.frederic.faltrauer,Frederic FALTRAUER,21:51:04,813,France,FR,,40-44,H
19936.marcus.weber,Marcus WEBER,21:51:55,814,Allemagne,DE,,40-44,H
1521.david.carpentras,David CARPENTRAS,21:52:42,815,France,FR,,40-44,H
73594.patricia.barsanti,Patricia BARSANTI,21:53:07,816,France,FR,,45-49,F
72449.jeanjacques.florent,Jean-Jacques FLORENT,21:53:12,817,France,FR,,45-49,H
55504.sotirios.kakkavas,Sotirios KAKKAVAS,21:54:12,818,Grèce,GR,,40-44,H
74027.valeriecarrie.mandin,Valerie-Carrie MANDIN,21:58:13,819,France,FR,,40-44,F
30285.luc.serviant,Luc SERVIANT,21:58:31,820,France,FR,,45-49,H
76308.bruno.carretta,Bruno CARRETTA,21:59:17,821,France,FR,,50-54,H
8060.gilles.burle,Gilles BURLE,21:59:26,822,France,FR,,45-49,H
74795.patrice.petit,Patrice PETIT,21:59:39,823,France,FR,,50-54,H
1099053.eric.uski,Eric USKI,22:00:36,824,France,FR,,40-44,H
6033.marc.monneron,Marc MONNERON,22:00:48,825,France,FR,,50-54,H
42685.jeannoel.veltz,Jean-Noel VELTZ,22:00:49,826,France,FR,,60-64,H
76309.olivier.dejean,Olivier DEJEAN,22:01:05,827,France,FR,,35-39,H
839436.benoit.leguen,Benoit LE GUEN,22:01:11,828,France,FR,,35-39,H
73483.jeanmichel.drean,Jean-Michel DREAN,22:01:12,829,France,FR,,40-44,H
39975.arnaud.marchi,Arnaud MARCHI,22:01:14,830,France,FR,,35-39,H
41898.marc.burnier,Marc BURNIER,22:01:55,831,France,FR,,50-54,H
171.guilherme.hora,Guilherme RODRIGUES-DA HORA (Guilherme HORA),22:02:05,832,Portugal,PT,,35-39,H
27082.luc.gendronneau,Luc GENDRONNEAU,22:02:11,833,France,FR,,45-49,H
44136.christian.hernandez,Christian HERNANDEZ,22:02:27,834,France,FR,,65-69,H
75209.benoit.fourcade,Benoit FOURCADE,22:02:40,835,France,FR,,45-49,H
73088.frederic.compain,Frederic COMPAIN,22:02:41,836,France,FR,,40-44,H
42886.hansdieter.rebstock,Hans-Dieter REBSTOCK,22:02:43,837,Allemagne,DE,,70-74,H
73691.benoit.doumenc,Benoit DOUMENC,22:03:25,838,France,FR,,45-49,H
76310.valerie.bresson,Valerie BRESSON,22:04:14,839,France,FR,,40-44,F
824.benedicte.soulayrol,Bénédicte SOULAYROL,22:04:32,840,France,FR,,40-44,F
823.paul.leporini,Paul LEPORINI,22:04:32,841,France,FR,,50-54,H
74244.bernard.ferrer,Bernard FERRER,22:04:37,842,France,FR,,35-39,H
76311.joel.fardel,Joel FARDEL,22:04:57,843,France,FR,,45-49,H
8263.pascale.noirot,Pascale NOIROT,22:05:14,844,France,FR,,55-59,F
76312.isidromanuel.perezmarin,Isidro-Manuel PEREZ-MARIN,22:05:16,845,Espagne,ES,,50-54,H
73555.paul.carels,Paul CARELS,22:06:12,846,Belgique,BE,,45-49,H
76313.james.irvine,James IRVINE,22:06:12,847,Royaume-Uni,GB,,45-49,H
30291.paul.janssens,Paul JANSSENS,22:06:14,848,Belgique,BE,,50-54,H
20304.josette.cachat,Josette CACHAT,22:06:31,849,France,FR,,50-54,F
74239.stephane.zambaux,Stephane ZAMBAUX,22:07:37,850,France,FR,,40-44,H
74240.olivier.zambaux,Olivier ZAMBAUX,22:07:37,851,France,FR,,45-49,H
148683.david.smith,David SMITH,22:07:37,852,Royaume-Uni,GB,,20-34,H
32863.joel.bias,Joel BIAS,22:07:39,853,France,FR,,55-59,H
75086.jean.vendrame,Jean VENDRAME,22:08:56,854,France,FR,,55-59,H
20623.martin.schmidlkofer,Martin SCHMIDLKOFER,22:09:56,855,Allemagne,DE,,40-44,H
76315.vincent.pechereau,Vincent PECHEREAU,22:10:30,856,France,FR,,20-34,H
76316.david.richard,David RICHARD,22:10:30,857,France,FR,,20-34,H
5526261.stephanie.labruguiere,Stephanie LABRUGUIERE,22:10:31,858,France,FR,,35-39,F
10757.kevin.clark,Kevin CLARK,22:10:33,859,Royaume-Uni,GB,,35-39,H
39174.marcel.blin,Marcel BLIN,22:10:53,860,France,FR,,55-59,H
43548.karen.courcelle,Karen COURCELLE,22:11:00,861,France,FR,,35-39,F
43568.alain.ville,Alain VILLE,22:11:00,862,France,FR,,45-49,H
9992.jeanluc.poree,Jean Luc POREE,22:11:33,863,France,FR,,55-59,H
33452.laurent.leclercq,Laurent LECLERCQ,22:12:12,864,Belgique,BE,,40-44,H
72536.regis.dupros,Regis DUPROS,22:12:32,865,France,FR,,20-34,H
103830.jerome.piaux,Jerome PIAUX,22:12:42,866,France,FR,,50-54,H
76319.boris.maric,Boris MARIC,22:13:03,867,Croatie,HR,,20-34,H
2685.pierre.cambon,Pierre CAMBON,22:14:57,868,France,FR,,50-54,H
28508.virginie.lejeune,Virginie LEJEUNE,22:15:50,869,France,FR,,45-49,F
76094.kevin.marshall,Kevin MARSHALL,22:16:26,870,Royaume-Uni,GB,,50-54,H
76148.hidenori.kotake,Hidenori KOTAKE,22:17:16,871,Japon,JP,,55-59,H
76320.arnaud.ansart,Arnaud ANSART,22:19:12,872,France,FR,,80+,H
30294.alain.rabier,Alain RABIER,22:19:21,873,France,FR,,50-54,H
74464.pierre.teisseire,Pierre TEISSEIRE,22:19:22,874,France,FR,,50-54,H
76321.mickael.lottier,Mickael LOTTIER,22:20:43,875,France,FR,,20-34,H
41524.juancarlos.rubio,Juan Carlos RUBIO,22:21:36,876,Espagne,ES,,45-49,H
26307.pascal.chamaillard,Pascal CHAMAILLARD,22:21:45,877,France,FR,,40-44,H
26217.pascal.jossin,Pascal JOSSIN,22:21:45,878,France,FR,,40-44,H
26270.pascal.poupiot,Pascal POUPIOT,22:21:47,879,France,FR,,40-44,H
10931.vincent.germain,Vincent GERMAIN,22:21:47,880,France,FR,,40-44,H
37721.alain.simon,Alain SIMON,22:23:08,881,France,FR,,40-44,H
24555.thierry.bravard,Thierry BRAVARD,22:23:29,882,France,FR,,45-49,H
76322.vincenzo.caramia,Vincenzo CARAMIA,22:24:27,883,Italie,IT,,45-49,H
45309.frank.mullerseidelmann,Frank MULLER SEIDELMANN,22:24:28,884,Allemagne,DE,,45-49,H
76323.nathalie.goosse,Nathalie GOOSSE,22:24:28,885,Belgique,BE,,40-44,F
11689.patrice.flage,Patrice FLAGE,22:28:53,886,France,FR,,55-59,H
714.francis.jacques,Francis JACQUES,22:28:55,887,France,FR,,45-49,H
60009.marko.hanza,Marko HANZA,22:29:41,888,Croatie,HR,,35-39,H
76324.suncana.smokvinahanza,Suncana SMOKVINA-HANZA,22:29:41,889,Croatie,HR,,35-39,F
72550.xavier.romain,Xavier ROMAIN,22:29:50,890,Belgique,BE,,40-44,H
72501.viviane.wengler,Viviane WENGLER,22:31:10,891,Luxembourg,LU,,45-49,F
47697.guy.wengler,Guy WENGLER,22:31:10,892,Luxembourg,LU,,65-69,H
76325.julien.moura,Julien MOURA,22:31:45,893,France,FR,,80+,H
25135.jeanchristophe.chardigny,Jean-Christophe CHARDIGNY,22:32:46,894,France,FR,,40-44,H
73573.denis.becquart,Denis BECQUART,22:33:44,895,France,FR,,45-49,H
7053.eric.broyer,Eric BROYER,22:33:50,896,France,FR,,45-49,H
42417.kevin.worster,Kevin WORSTER,22:34:56,897,Royaume-Uni,GB,,40-44,H
55538.ioannis.germakopoulos,Ioannis GERMAKOPOULOS,22:36:32,898,Grèce,GR,,65-69,H
10609.serge.veillerot,Serge VEILLEROT,22:40:43,899,France,FR,,45-49,H
24527.jeanclaude.beaumel,Jean-Claude BEAUMEL,22:40:46,900,France,FR,,65-69,H
540221.mate.kullos,Máté KULLOS,22:41:18,901,Hongrie,HU,,35-39,H
32647.olivier.dieumegard,Olivier DIEUMEGARD,22:41:52,902,France,FR,,40-44,H
40747.pascal.goudier,Pascal GOUDIER,22:43:09,903,France,FR,,40-44,H
26866.sebastien.pioche,Sebastien PIOCHE,22:44:22,904,France,FR,,20-34,H
73656.nancy.bunyan,Nancy BUNYAN,22:44:46,905,Etats-Unis,US,,45-49,F
41574.line.bertarini,Line BERTARINI,22:45:31,906,France,FR,,40-44,F
76180.ignacio.garciabelenguer,Ignacio GARCIA-BELENGUER,22:45:43,907,Espagne,ES,,40-44,H
76327.ian.bowles,Ian BOWLES,22:48:12,908,Royaume-Uni,GB,,50-54,H
21321.paolo.secco,Paolo SECCO,22:48:43,909,Italie,IT,,40-44,H
49025.tsuneo.hashikata,Tsuneo HASHIKATA,22:49:25,910,Japon,JP,,50-54,H
30562.michele.melacarne,Michele MELACARNE,22:49:26,911,Italie,IT,,55-59,H
41047.alain.hue,Alain HUE,22:49:58,912,France,FR,,60-64,H
884595.philippe.carpentier,Philippe CARPENTIER,22:50:27,913,France,FR,,45-49,H
73704.isabelle.gautron,Isabelle GAUTRON,22:50:27,914,France,FR,,40-44,F
74679.jimmy.coutant,Jimmy COUTANT,22:50:34,915,France,FR,,20-34,H
40675.benoit.robin,Benoit ROBIN,22:51:24,916,France,FR,,55-59,H
27577.armand.herfray,Armand HERFRAY,22:51:26,917,France,FR,,50-54,H
72555.arnaud.carlier,Arnaud CARLIER,22:54:51,918,France,FR,,35-39,H
,Anonymous,22:56:16,919,France,FR,,20-34,H
51783.helen.johnson,Helen JOHNSON,22:56:16,920,Royaume-Uni,GB,,40-44,F
51284.shirley.colquhoun,Shirley COLQUHOUN,22:56:16,921,Royaume-Uni,GB,,50-54,F
19946.romain.resmini,Romain RESMINI,22:58:20,922,Suisse,CH,,40-44,H
1258.cecile.bertin,Cecile BERTIN,22:58:41,923,France,FR,,40-44,F
11012.thierry.puigsegur,Thierry PUIGSEGUR,22:58:43,924,France,FR,,45-49,H
74018.dany.churet,Dany CHURET,23:02:01,925,France,FR,,45-49,F
73061.jeanluc.eschlimann,Jean-Luc ESCHLIMANN,23:02:01,926,France,FR,,50-54,H
34211.paul.wells,Paul WELLS,23:02:26,927,Royaume-Uni,GB,,45-49,H
73742.julien.nogaret,Julien NOGARET,23:04:15,928,France,FR,,20-34,H
76328.guy.margueritte,Guy MARGUERITTE,23:05:58,929,France,FR,,45-49,H
76329.miguelangel.gonzalezlopez,Miguel-Angel GONZALEZ-LOPEZ,23:10:25,930,Espagne,ES,,80+,H
76330.ricardo.gonzalezmas,Ricardo GONZALEZ-MAS,23:10:26,931,Espagne,ES,,80+,H
4162274.joancarles.leon,Joan Carles LEON,23:11:03,932,Espagne,ES,,40-44,H
75155.philippe.marion,Philippe MARION,23:12:34,933,France,FR,,45-49,H
33386.olivier.tribondeau,Olivier TRIBONDEAU,23:15:27,934,France,FR,,45-49,H
294.dominique.carrere,Dominique CARRERE,23:15:27,935,France,FR,,45-49,H
1159.guillaume.schwebig,Guillaume SCHWEBIG,23:15:28,936,France,FR,,40-44,H
8765.lionel.durand,Lionel DURAND,23:16:03,937,France,FR,,20-34,H
38290.frederic.leconte,Frederic LECONTE,23:16:04,938,France,FR,,35-39,H
28819.brigitte.gree,Brigitte GREE,23:16:04,939,France,FR,,55-59,F
28502.herve.lepape,Herve LEPAPE,23:16:04,940,France,FR,,40-44,H
76331.philippe.jamain,Philippe JAMAIN,23:17:06,941,France,FR,,60-64,H
20033.nataliya.marmier,Nataliya MARMIER,23:18:40,942,France,FR,,55-59,F
222652.bernhard.rohrmann,Bernhard ROHRMANN,23:18:54,943,Allemagne,DE,,50-54,H
61403.jens.werbonat,Jens WERBONAT,23:18:54,944,Allemagne,DE,,35-39,H
13185.markus.flick,Markus FLICK,23:18:54,945,Allemagne,DE,,40-44,H
62791.sebastian.wendel,Sebastian WENDEL,23:18:54,946,Allemagne,DE,,20-34,H
891241.felix.rojas,Felix ROJAS,23:19:13,947,Venezuela,VE,,35-39,H
73679.maydelene.ceballos,Maydelene CEBALLOS,23:19:14,948,Australie,AU,,35-39,F
73743.yoann.alphand,Yoann ALPHAND,23:20:08,949,France,FR,,20-34,H
423609.philippe.vidal,Philippe VIDAL,23:25:14,950,France,FR,,45-49,H
,Anonymous,23:26:57,951,France,FR,,50-54,H
76334.olivier.chevalley,Olivier CHEVALLEY,23:26:57,952,France,FR,,50-54,H
33142.daniel.laplanche,Daniel LAPLANCHE,23:27:59,953,France,FR,,50-54,H
76127.benoit.jordant,Benoit JORDANT,23:29:13,954,Belgique,BE,,45-49,H
21347.giuliano.pavan,Giuliano PAVAN,23:31:06,955,Italie,IT,,55-59,H
21271.luigi.ploner,Luigi PLONER,23:31:10,956,Italie,IT,,55-59,H
40038.vincent.brioudes,Vincent BRIOUDES,23:31:20,957,France,FR,,35-39,H
9156.claude.chopineaux,Claude CHOPINEAUX,23:33:18,958,France,FR,,40-44,H
10346.fabrice.lopez,Fabrice LOPEZ,23:33:19,959,France,FR,,20-34,H
26161.philippe.leroy,Philippe LEROY,23:33:43,960,France,FR,,40-44,H
11441.thierry.colas,Thierry COLAS,23:37:13,961,France,FR,,45-49,H
76335.leon.kouider,Leon KOUIDER,23:37:14,962,France,FR,,60-64,H
36733.seiichiro.hara,Seiichiro HARA,23:37:16,963,Japon,JP,,45-49,H
76336.thomas.ludwig,Thomas LUDWIG,23:37:24,964,Allemagne,DE,,45-49,H
76337.guillaume.gagnaire,Guillaume GAGNAIRE,23:37:29,965,France,FR,,35-39,H
72695.guillaume.jean,Guillaume JEAN,23:38:54,966,France,FR,,20-34,H
76338.patrice.vauguet,Patrice VAUGUET,23:38:55,967,France,FR,,45-49,H
24854.gilbert.sonntag,Gilbert SONNTAG,23:39:43,968,France,FR,,45-49,H
36916.miyuki.tsuruhashi,Miyuki TSURUHASHI,23:42:23,969,Japon,JP,,80+,F
25395.christian.gries,Christian GRIES,23:43:38,970,France,FR,,50-54,H
69496.thomas.schroder,Thomas SCHRÖDER,23:43:50,971,Allemagne,DE,,40-44,H
76339.christophe.gueguen,Christophe GUEGUEN,23:44:06,972,France,FR,,20-34,H
38511.stephane.bouchaud,Stephane BOUCHAUD,23:44:07,973,France,FR,,40-44,H
50632.william.thompson,William THOMPSON,23:44:09,974,Australie,AU,,65-69,H
55916.ioannis.ganasoulis,Ioannis GANASOULIS,23:44:27,975,Grèce,GR,,20-34,H
76340.tagikas.dimitrios,Tagikas DIMITRIOS,23:44:27,976,Grèce,GR,,35-39,H
76012.dimitrios.despoiniadis,Dimitrios DESPOINIADIS,23:44:28,977,Grèce,GR,,20-34,H
41590.alain.josephinefrancois,Alain JOSEPHINE-FRANCOIS,23:44:35,978,France,FR,,50-54,H
76341.jacques.lepreux,Jacques LEPREUX,23:44:35,979,France,FR,,55-59,H
76342.victoria.monfortgarcia,Victoria MONFORT-GARCIA,23:45:46,980,Espagne,ES,,40-44,F
2531703.luke.nolan,Luke NOLAN,23:45:47,981,Irlande,IE,,20-34,H
75766.marco.chiossone,Marco CHIOSSONE,23:46:07,982,Argentine,AR,,40-44,H
76344.christophe.hayoun,Christophe HAYOUN,23:46:09,983,France,FR,,40-44,H
25372.jeanluc.wilhelm,Jean-Luc WILHELM,23:47:20,984,France,FR,,50-54,H
24769.antonio.baudrillart,Antonio BAUDRILLART,23:47:20,985,France,FR,,40-44,H
25152.sebastien.grosse,Sebastien GROSSE,23:47:22,986,France,FR,,35-39,H
76345.josem.ballanomoreno,Jose-M BALLANO-MORENO,23:48:18,987,Espagne,ES,,80+,H
76346.francesc.moranmilanes,Francesc MORAN-MILANES,23:48:20,988,Espagne,ES,,55-59,H
76347.toni.guiradomazo,Toni GUIRADO-MAZO,23:48:22,989,Espagne,ES,,40-44,H
8881.jerome.duchiron,Jerome DUCHIRON,23:48:25,990,France,FR,,35-39,H
76348.vicente.diloreto,Vicente DI LORETO,23:51:52,991,Argentine,AR,,40-44,H
36755.shigeru.kashiwabara,Shigeru KASHIWABARA,23:52:19,992,Japon,JP,,40-44,H
74735.serge.leboucher,Serge LEBOUCHER,23:53:24,993,France,FR,,45-49,H
76126.patrick.arnoult,Patrick ARNOULT,23:53:25,994,France,FR,,40-44,H
73764.roland.trabichet,Roland TRABICHET,23:54:04,995,France,FR,,45-49,H
19835.giancarlo.beolchi,Giancarlo BEOLCHI,23:57:15,996,Italie,IT,,55-59,H
72460.victoria.worster,Victoria WORSTER,23:58:54,997,Royaume-Uni,GB,,35-39,F
187161.philippe.jacquet,Philippe JACQUET,23:59:03,998,Belgique,BE,,45-49,H
76349.ferencemanuel.kiss,Ferenc-Emanuel KISS,23:59:23,999,Hongrie,HU,,20-34,H
76350.jeanpierre.dulac,Jean-Pierre DULAC,23:59:42,1000,France,FR,,55-59,H
59496.giorgio.alluzzi,Giorgio ALLUZZI,24:00:29,1001,Italie,IT,,50-54,H
76156.yves.dedeken,Yves DE DEKEN,24:01:37,1002,France,FR,,60-64,H
72659.philippe.momesso,Philippe MOMESSO,24:02:21,1003,France,FR,,80+,H
76351.stewart.bondi,Stewart BONDI,24:05:32,1004,Royaume-Uni,GB,,80+,H
59659.guido.bullio,Guido BULLIO,24:05:48,1005,Italie,IT,,45-49,H
76179.ryo.shibata,Ryo SHIBATA,24:10:10,1006,Japon,JP,,35-39,H
1586797.katsumi.kocha,Katsumi KOCHA,24:10:18,1007,Japon,JP,,45-49,H
180400.jeanmartin.troxler,Jean-Martin TROXLER,24:10:47,1008,Suisse,CH,,45-49,H
59434.franco.canessa,Franco CANESSA,24:13:57,1009,Italie,IT,,60-64,H
8609.olivier.martin,Olivier MARTIN,24:14:50,1010,France,FR,,20-34,H
19154.hanspeter.gieraths,Hans-Peter GIERATHS,24:16:18,1011,Allemagne,DE,,45-49,H
46242.marco.cych,Marco CYCH,24:16:19,1012,Allemagne,DE,,20-34,H
32016.celia.azenha,Celia AZENHA,24:17:11,1013,Portugal,PT,,45-49,F
31987.hugo.velez,Hugo VELEZ,24:17:12,1014,Portugal,PT,,20-34,H
26675.patrice.leriche,Patrice LERICHE,24:17:27,1015,France,FR,,35-39,H
76352.beatriz.garcia,Beatriz GARCIA,24:17:36,1016,Bolivie,BO,,40-44,F
41582.monique.monnerayepaillaud,Monique MONNERAYE-PAILLAUD,24:17:39,1017,France,FR,,50-54,F
32796.pascal.mauclere,Pascal MAUCLERE,24:17:39,1018,France,FR,,50-54,H
32819.maurice.lebreton,Maurice LEBRETON,24:17:40,1019,France,FR,,55-59,H
74887.pascal.pesnel,Pascal PESNEL,24:18:05,1020,France,FR,,40-44,H
22791.akemi.anjo,Akemi ANJO,24:22:28,1021,Japon,JP,,40-44,F
20038.patrick.reymond,Patrick REYMOND,24:22:31,1022,Suisse,CH,,55-59,H
42905.christa.rebstock,Christa REBSTOCK,24:22:50,1023,Allemagne,DE,,65-69,F
76353.lluis.carbonelltapiolas,Lluis CARBONELL-TAPIOLAS,24:23:23,1024,Espagne,ES,,35-39,H
76354.ivan.martynek,Ivan MARTYNEK,24:24:43,1025,Slovaquie,SK,,35-39,H
36639.norihiko.nakamura,Norihiko NAKAMURA,24:28:21,1026,Japon,JP,,40-44,H
660.cedric.letaille,Cédric LETAILLE,24:31:15,1027,France,FR,,35-39,H
49175.takeshi.kitagawa,Takeshi KITAGAWA,24:31:29,1028,Japon,JP,,40-44,H
4787.jim.magill,Jim MAGILL,24:39:11,1029,Etats-Unis,US,,60-64,H
19807.marc.hoste,Marc HOSTE,24:42:03,1030,Belgique,BE,,65-69,H
41429.louis.flohic,Louis FLOHIC,24:44:51,1031,France,FR,,55-59,H
76355.regis.feppon,Regis FEPPON,24:44:58,1032,France,FR,,35-39,H
49284.shin.takeda,Shin TAKEDA,24:50:13,1033,Japon,JP,,40-44,H
49162.jun.mitomi,Jun MITOMI,24:52:54,1034,Japon,JP,,35-39,H
6797.didier.dachet,Didier DACHET,24:55:51,1035,France,FR,,45-49,H
40110.nathalie.dachet,Nathalie DACHET,24:55:51,1036,France,FR,,40-44,F
6520.frederic.chamaillard,Frederic CHAMAILLARD,24:56:07,1037,France,FR,,45-49,H
6519.laurence.chamaillard,Laurence CHAMAILLARD,24:56:07,1038,France,FR,,45-49,F
76356.eric.mantel,Eric MANTEL,24:56:16,1039,France,FR,,40-44,H
40741.patrick.faille,Patrick FAILLE,24:56:17,1040,France,FR,,40-44,H
73825.stephane.lemaitre,Stephane LEMAITRE,24:56:17,1041,France,FR,,20-34,H
9780.jerome.pasini,Jerome PASINI,24:56:21,1042,France,FR,,45-49,H
76358.olivier.ricoul,Olivier RICOUL,24:56:42,1043,France,FR,,40-44,H
41024.jeanlouis.iughetti,Jean-Louis IUGHETTI,24:59:42,1044,France,FR,,50-54,H
76359.xavier.richomme,Xavier RICHOMME,24:59:42,1045,France,FR,,40-44,H
24233.michel.fava,Michel FAVA,25:03:46,1046,France,FR,,60-64,H
33171.dominique.fouquet,Dominique FOUQUET,25:03:47,1047,France,FR,,60-64,H
75806.fabio.palioff,Fabio PALIOFF,25:04:44,1048,Argentine,AR,,40-44,H
76360.mikiko.murata,Mikiko MURATA,25:04:45,1049,Japon,JP,,80+,F
73105.mami.kofuku,Mami KOFUKU,25:04:45,1050,Japon,JP,,45-49,F
74217.patricia.loffi,Patricia LOFFI,25:08:08,1051,France,FR,,45-49,F
45634.satoshi.funakoshi,Satoshi FUNAKOSHI,25:09:37,1052,Japon,JP,,35-39,H
40065.jeanpierre.lagar,Jean-Pierre LAGAR,25:10:44,1053,France,FR,,45-49,H
76361.bruno.gonzales,Bruno GONZALES,25:10:45,1054,France,FR,,80+,H
74232.patricia.gauthier,Patricia GAUTHIER,25:12:24,1055,France,FR,,50-54,F
45615.bernd.edelmann,Bernd EDELMANN,25:13:33,1056,Allemagne,DE,,45-49,H
49311.yuka.ikeda,Yuka IKEDA,25:20:53,1057,Japon,JP,,20-34,F
76362.ichiro.asakura,Ichiro ASAKURA,25:20:53,1058,Japon,JP,,45-49,H
39914.christophe.clair,Christophe CLAIR,25:21:37,1059,France,FR,,45-49,H
24836.laurent.rundstadler,Laurent RUNDSTADLER,25:21:42,1060,France,FR,,40-44,H
76363.yoichi.isonishi,Yoichi ISONISHI,25:30:12,1061,Japon,JP,,80+,H
76364.patrice.limousin,Patrice LIMOUSIN,25:33:31,1062,France,FR,,45-49,H
76365.claudine.laine,Claudine LAINE,25:33:31,1063,Belgique,BE,,35-39,F
69764.daniela.gianaroli,Daniela GIANAROLI,25:33:37,1064,Italie,IT,,60-64,F
73690.catherine.germain,Catherine GERMAIN,25:37:41,1065,France,FR,,45-49,F
41018.jeanmarc.sicard,Jean-Marc SICARD,25:37:43,1066,France,FR,,50-54,H
6583.vincent.moity,Vincent MOITY,25:37:43,1067,France,FR,,45-49,H
74510.thierry.merlen,Thierry MERLEN,25:38:04,1068,France,FR,,55-59,H
36904.kunitada.arai,Kunitada ARAI,25:38:22,1069,Japon,JP,,45-49,H
76366.corinne.peirano,Corinne PEIRANO,25:40:14,1070,France,FR,,45-49,F
72668.karim.oudina,Karim OUDINA,25:47:00,1071,France,FR,,20-34,H
76367.stephane.drouet,Stephane DROUET,25:47:00,1072,France,FR,,35-39,H
76368.maurice.rio,Maurice RIO,25:47:33,1073,France,FR,,45-49,H
76369.bernard.bonnin,Bernard BONNIN,25:47:33,1074,France,FR,,65-69,H
76370.adrien.tylek,Adrien TYLEK,25:49:00,1075,France,FR,,40-44,H
75373.stephane.sery,Stephane SERY,25:51:07,1076,France,FR,,20-34,H
76371.pascal.lopez,Pascal LOPEZ,25:51:08,1077,France,FR,,45-49,H
76149.sergiogustavo.moyaruiz,Sergio Gustavo MOYA RUIZ,25:53:43,1078,Argentine,AR,,50-54,H
72366.kaiyuen.fung,Kai-Yuen FUNG,25:54:34,1079,Chine,CN,,20-34,H
72452.yuktung.wong,Yuk-Tung WONG,25:54:40,1080,"Hong Kong, Chine",HK,,40-44,H
1616.jeanphilippe.viguie,Jean-Philippe VIGUIE,25:58:06,1081,France,FR,,45-49,H
41475.yves.leguennec,Yves LE GUENNEC,26:05:07,1082,France,FR,,45-49,H
13203.erik.bossen,Erik BOSSEN,26:07:33,1083,Danemark,DK,,40-44,H
76372.angela.cruz,Angela CRUZ,26:07:33,1084,Portugal,PT,,35-39,F
76373.emmanuel.besombes,Emmanuel BESOMBES,26:09:21,1085,France,FR,,40-44,H
45401.katsumi.miyake,Katsumi MIYAKE,26:16:25,1086,Japon,JP,,50-54,H
12241.antonio.garciaartiles,Antonio GARCIA-ARTILES,26:16:45,1087,Espagne,ES,,80+,H
128026.yves.tesson,Yves TESSON,26:17:22,1088,France,FR,,45-49,H
6952.francis.destefani,Francis DE STEFANI,26:18:35,1089,France,FR,,60-64,H
76376.keiichi.sone,Keiichi SONE,26:19:24,1090,Japon,JP,,45-49,H
73665.micheline.merrien,Micheline MERRIEN,26:25:17,1091,France,FR,,55-59,F
41126.dominique.bleichner,Dominique BLEICHNER,26:27:13,1092,France,FR,,40-44,H
41127.lionel.agard,Lionel AGARD,26:27:14,1093,France,FR,,45-49,H
24178.christian.salban,Christian SALBAN,26:29:35,1094,France,FR,,40-44,H
4900951.amaro.redondo,Amaro REDONDO,26:30:24,1095,Espagne,ES,,40-44,H
73785.olivier.capron,Olivier CAPRON,26:31:05,1096,France,FR,,40-44,H
76378.gilles.dubesset,Gilles DUBESSET,26:31:06,1097,France,FR,,45-49,H
76379.gilles.mazeau,Gilles MAZEAU,26:31:09,1098,France,FR,,35-39,H
23972.jeanmichel.grimoire,Jean-Michel GRIMOIRE,26:31:09,1099,France,FR,,45-49,H
76380.frederic.caillat,Frederic CAILLAT,26:31:09,1100,France,FR,,35-39,H
76381.christophe.corre,Christophe CORRE,26:31:13,1101,France,FR,,40-44,H
76382.andre.caillol,Andre CAILLOL,26:31:17,1102,France,FR,,45-49,H
43706.mathieu.vaudoux,Mathieu VAUDOUX,26:31:17,1103,France,FR,,40-44,H
76383.judex.kondoki,Judex KONDOKI,26:31:20,1104,France,FR,,35-39,H
76384.paulo.abeille,Paulo ABEILLE,26:31:20,1105,France,FR,,80+,H
76385.jeanpierre.grondin,Jean-Pierre GRONDIN,26:31:22,1106,France,FR,,20-34,H
76386.claude.lepinay,Claude LEPINAY,26:31:27,1107,France,FR,,45-49,H
23687.ulysse.gigant,Ulysse GIGANT,26:31:31,1108,France,FR,,20-34,H
76387.daniel.geneste,Daniel GENESTE,26:31:31,1109,France,FR,,35-39,H
76388.tim.techer,Tim TECHER,26:31:32,1110,France,FR,,80+,H
76389.florent.gasp,Florent GASP,26:31:34,1111,France,FR,,80+,H
76390.ludovic.sautron,Ludovic SAUTRON,26:31:35,1112,France,FR,,35-39,H
7154.serge.gaudisson,Serge GAUDISSON,26:33:03,1113,France,FR,,45-49,H
76391.jesus.agudocandeas,Jesus AGUDO-CANDEAS,26:33:32,1114,Espagne,ES,,45-49,H
76392.carlos.lopezmartinez,Carlos LOPEZ-MARTINEZ,26:33:32,1115,Espagne,ES,,45-49,H
76393.pau.sustderossello,Pau SUST-DE ROSSELLO,26:33:32,1116,Espagne,ES,,45-49,H
44126.thomas.legrain,Thomas LEGRAIN,26:46:16,1117,France,FR,,35-39,H
75321.michel.ramayet,Michel RAMAYET,26:54:58,1118,France,FR,,60-64,H
72551.francis.drouilly,Francis DROUILLY,26:56:05,1119,France,FR,,45-49,H
46656.alfred.witting,Alfred WITTING,27:20:36,1120,Allemagne,DE,,50-54,H
20384.bernhard.wenger,Bernhard WENGER,27:37:47,1121,Suisse,CH,,60-64,H
44723.jeanfrancois.walser,Jean-Francois WALSER,27:37:47,1122,France,FR,,50-54,H
19949.christian.schnider,Christian SCHNIDER,27:37:47,1123,Suisse,CH,,45-49,H
44340.sara.aliberti,Sara ALIBERTI,27:38:04,1124,Italie,IT,,35-39,F
76394.jeanmarc.ruyer,Jean-Marc RUYER,27:44:40,1125,France,FR,,65-69,H
74303.josehugues.malbec,Jose-Hugues MALBEC,27:44:40,1126,France,FR,,80+,H
76395.jeanlouis.garreau,Jean-Louis GARREAU,27:44:41,1127,France,FR,,60-64,H
