runnerUri,fullname,time,rank,nationality,nationalityCode,index,ageGroup,gender
12293.marco.olmo,Marco OLMO,21:06:06,1,Italie,IT,,55-59,H
17.csaba.nemeth,Csaba NEMETH,21:37:32,2,Hongrie,HU,,35-39,H
8288.vincent.delebarre,Vincent DELEBARRE,21:59:29,3,France,FR,,35-39,H
63467.jens.lukas,Jens LUKAS,22:15:15,4,Allemagne,DE,,40-44,H
40206.guillaume.millet,Guillaume MILLET,22:54:11,5,France,FR,,35-39,H
40230.stephane.grivel,Stephane GRIVEL,23:25:06,6,France,FR,,35-39,H
19883.vincent.staub,Vincent STAUB,23:26:38,7,Suisse,CH,,35-39,H
3799.nicolas.mermoud,Nicolas MERMOUD,23:40:36,8,France,FR,,40-44,H
23509.wilfrid.ouledi,Wilfrid OULEDI,23:42:56,9,France,FR,,20-34,H
77356.enric.llonchcasasampera,Enric LLONCH-CASASAMPERA,23:53:02,10,Espagne,ES,,20-34,H
33407.patrice.baud,Patrice BAUD,23:56:43,11,France,FR,,40-44,H
6304.johan.serazin,Johan SERAZIN,24:03:11,12,France,FR,,35-39,H
77357.joseluis-joxelu-.albizuriberistain,Jose-Luis-(Joxelu) ALBIZURI-BERISTAIN,24:07:38,13,Espagne,ES,,40-44,H
77358.stephen.pyke,Stephen PYKE,24:14:20,14,Royaume-Uni,GB,,40-44,H
11460.matthieu.girard,Matthieu GIRARD,24:21:40,15,Suisse,CH,,20-34,H
10684.fabien.hoblea,Fabien HOBLEA,24:27:36,16,France,FR,,40-44,H
40205.michel.cercueil,Michel CERCUEIL,24:27:36,17,France,FR,,20-34,H
9814.guillaume.bernard,Guillaume BERNARD,24:27:36,18,France,FR,,20-34,H
24932.eric.bonnotte,Eric BONNOTTE,24:27:36,19,France,FR,,40-44,H
64652.gerard.bagnoud,Gérard BAGNOUD,24:43:29,20,Suisse,CH,,35-39,H
6602.herve.giraudsauveur,Herve GIRAUD-SAUVEUR,24:55:18,21,France,FR,,35-39,H
7064.daniel.bauer,Daniel BAUER,24:55:40,22,France,FR,,40-44,H
67.francis.pelmont,Francis PELMONT,25:03:44,23,France,FR,,45-49,H
12838.asier.irazabalbasterretxea,Asier IRAZABAL-BASTERRETXEA,25:17:56,24,Espagne,ES,,35-39,H
20051.karine.herry,Karine HERRY,25:22:20,25,France,FR,,35-39,F
77359.ondrej.gondas,Ondrej GONDAS,25:27:28,26,Slovaquie,SK,,50-54,H
77360.jeanpierre.ernzen,Jean-Pierre ERNZEN,25:29:03,27,Luxembourg,LU,,40-44,H
8295.laurent.tissot,Laurent TISSOT,25:32:53,28,France,FR,,35-39,H
20056.pillonel.etienne,Etienne PILLONEL (Pillonel ETIENNE),25:35:11,29,Suisse,CH,,20-34,H
41942.pierre.santucci,Pierre SANTUCCI,25:35:33,30,France,FR,,50-54,H
7838.ryan.baumann,Ryan BAUMANN,25:38:08,31,Suisse,CH,,20-34,H
9852.patrick.rey,Patrick REY,25:39:34,32,France,FR,,40-44,H
6282.bertrand.cochard,Bertrand COCHARD,25:39:50,33,France,FR,,20-34,H
21210.matteo.bertoli,Matteo BERTOLI,25:43:47,34,Italie,IT,,35-39,H
11496.patrick.leservoisier,Patrick LESERVOISIER,26:05:48,35,France,FR,,40-44,H
41520.simone.kayserdiederich,Simone KAYSER-DIEDERICH,26:05:58,36,Luxembourg,LU,,50-54,F
41519.marc.kayser,Marc KAYSER,26:05:59,37,Luxembourg,LU,,50-54,H
77361.jeanfrancois.faure,Jean-Francois FAURE,26:11:30,38,France,FR,,40-44,H
13104.christian.fatton,Christian FATTON,26:15:31,39,Suisse,CH,,45-49,H
77362.timothy.laney,Timothy LANEY,26:15:41,40,Royaume-Uni,GB,,45-49,H
77363.david.atkinson,David ATKINSON,26:28:07,41,Royaume-Uni,GB,,50-54,H
3796.topher.gaylord,Topher GAYLORD,26:29:59,42,Etats-Unis,US,,35-39,H
37672.stephane.lestrade,Stephane LESTRADE,26:35:27,43,France,FR,,35-39,H
7832.jeanmarc.zaugg,Jean-Marc ZAUGG,26:41:09,44,France,FR,,35-39,H
77364.jeanclaude.banfi,Jean-Claude BANFI,26:41:10,45,France,FR,,45-49,H
27888.bruno.durand,Bruno DURAND,26:42:35,46,France,FR,,40-44,H
8142.alain.benoitlizon,Alain BENOIT-LIZON,26:50:56,47,France,FR,,40-44,H
2707.jez.bragg,Jez BRAGG,26:50:59,48,Royaume-Uni,GB,,20-34,H
39188.marc.boissonnet,Marc BOISSONNET,26:51:48,49,France,FR,,45-49,H
41486.bruno.poirier,Bruno POIRIER,26:54:29,50,France,FR,,40-44,H
41856.jeanfrancois.hudry,Jean-Francois HUDRY,26:57:49,51,France,FR,,40-44,H
77365.herve.faivre,Herve FAIVRE,26:58:07,52,France,FR,,35-39,H
11658.werner.schweizer,Werner SCHWEIZER,26:58:10,53,Suisse,CH,,65-69,H
28631.joel.merker,Joel MERKER,26:58:42,54,France,FR,,35-39,H
62899.volker.fritsche,Volker FRITSCHE,27:05:12,55,Allemagne,DE,,40-44,H
11760.ulrich.calmbach,Ulrich CALMBACH,27:08:38,56,Allemagne,DE,,40-44,H
42788.pierre.burette,Pierre BURETTE,27:10:49,57,France,FR,,45-49,H
76415.stephan.pitscheider,Stephan PITSCHEIDER,27:17:33,58,Italie,IT,,45-49,H
77366.christian.chapeau,Christian CHAPEAU,27:19:12,59,France,FR,,35-39,H
27367.benoit.depreville,Benoit DE PREVILLE,27:22:20,60,France,FR,,20-34,H
28579.gilles.rubiloni,Gilles RUBILONI,27:35:55,61,France,FR,,40-44,H
77367.carlo.spreafico,Carlo SPREAFICO,27:36:10,62,Italie,IT,,40-44,H
44279.tor.almgren,Tor ALMGREN,27:40:12,63,Suède,SE,,40-44,H
13122.luismaria.ugarteazkarraga,Luis-Maria UGARTE-AZKARRAGA,27:40:27,64,Espagne,ES,,45-49,H
77368.mark.richards,Mark RICHARDS,27:45:06,65,Royaume-Uni,GB,,45-49,H
19889.pierreandre.maillard,Pierre-Andre MAILLARD,27:45:08,66,Suisse,CH,,45-49,H
77369.patricia.signoriobaldacchino,Patricia SIGNORIO-BALDACCHINO,27:45:51,67,France,FR,,40-44,F
41859.denis.bossonney,Denis BOSSONNEY,27:47:16,68,France,FR,,40-44,H
43733.valery.caussarieu,Valery CAUSSARIEU,27:48:08,69,France,FR,,35-39,H
39328.yves.masson,Yves MASSON,27:48:09,70,France,FR,,40-44,H
72561.jeanluc.doignon,Jean-Luc DOIGNON,27:48:09,71,France,FR,,50-54,H
12849.lionel.planes,Lionel PLANES,27:48:09,72,France,FR,,20-34,H
37636.lionel.eveno,Lionel EVENO,27:49:02,73,France,FR,,40-44,H
41393.pascal.vanderveken,Pascal VAN DER VEKEN,27:49:42,74,Belgique,BE,,40-44,H
77370.olivier.baillet,Olivier BAILLET,27:50:33,75,France,FR,,35-39,H
43695.sebastien.lesage,Sebastien LESAGE,28:01:18,76,France,FR,,20-34,H
77371.jeanclaude.canale,Jean-Claude CANALE,28:02:06,77,France,FR,,50-54,H
33310.alberto.motta,Alberto MOTTA,28:06:46,78,Italie,IT,,50-54,H
41379.serge.viassone,Serge VIASSONE,28:09:18,79,France,FR,,45-49,H
77372.reinhard.gallovits,Reinhard GALLOVITS,28:10:37,80,Autriche,AT,,35-39,H
7870.dominique.meynadier,Dominique MEYNADIER,28:12:23,81,France,FR,,40-44,H
19262.alessandro.crippa,Alessandro CRIPPA,28:19:31,82,Italie,IT,,35-39,H
1640593.arnaud.sindou,Arnaud SINDOU,28:23:22,83,France,FR,,35-39,H
41601.simone.musazzi,Simone MUSAZZI,28:32:24,84,Italie,IT,,35-39,H
10732.jeanluc.pigeault,Jean-Luc PIGEAULT,28:32:25,85,France,FR,,45-49,H
20478.daniel.glardon,Daniel GLARDON,28:35:50,86,Suisse,CH,,45-49,H
38676.philippe.gayet,Philippe GAYET,28:36:04,87,France,FR,,45-49,H
77373.cyril.carboni,Cyril CARBONI,28:39:53,88,France,FR,,20-34,H
33300.luc.desplanches,Luc DESPLANCHES,28:40:25,89,France,FR,,35-39,H
25235.laurent.schillinger,Laurent SCHILLINGER,28:40:59,90,France,FR,,40-44,H
76689.erwin.thur,Erwin THUR,28:45:14,91,Suisse,CH,,55-59,H
76936.christophe.roques,Christophe ROQUES,28:50:20,92,France,FR,,35-39,H
77374.laurent.grenet,Laurent GRENET,28:50:35,93,France,FR,,80+,H
77375.yann.fassel,Yann FASSEL,28:51:52,94,France,FR,,20-34,H
77376.ferran.roquefabrege,Ferran ROQUE-FABREGE,28:53:32,95,Espagne,ES,,80+,H
7227.jordi.armengaufernandez,Jordi ARMENGAU-FERNANDEZ,28:53:32,96,Espagne,ES,,80+,H
65300.gilbert.fournier,Gilbert FOURNIER,28:53:42,97,Suisse,CH,,35-39,H
28644.patrick.balizet,Patrick BALIZET,28:54:56,98,France,FR,,45-49,H
77378.julian.brown,Julian BROWN,29:04:33,99,Royaume-Uni,GB,,40-44,H
7843.franck.dechelette,Franck DECHELETTE,29:09:30,100,France,FR,,20-34,H
77379.robin.laurenzio,Robin LAURENZIO,29:13:41,101,France,FR,,40-44,H
7639.dominique.fabregues,Dominique FABREGUES,29:14:18,102,France,FR,,40-44,H
30448.james.linder,James LINDER,29:16:23,103,Suisse,CH,,45-49,H
76685.raymond.rebischung,Raymond REBISCHUNG,29:16:43,104,France,FR,,55-59,H
48540.ulrich.gross,Ulrich GROSS,29:16:51,105,Italie,IT,,20-34,H
4.thomas.saintgirons,Thomas SAINT GIRONS,29:18:20,106,France,FR,,20-34,H
27892.nicolas.drevon,Nicolas DREVON,29:20:26,107,France,FR,,20-34,H
77380.pascal.brasselet,Pascal BRASSELET,29:23:57,108,France,FR,,35-39,H
42859.remi.kuentzmann,Remi KUENTZMANN,29:29:27,109,France,FR,,45-49,H
21278.kartheeban.nagenthiraja,Kartheeban NAGENTHIRAJA,29:29:57,110,Danemark,DK,,20-34,H
40229.philippe.lopez,Philippe LOPEZ,29:38:39,111,France,FR,,40-44,H
11456.jerome.challier,Jerome CHALLIER,29:41:16,112,France,FR,,35-39,H
8681.christophe.dieval,Christophe DIEVAL,29:44:07,113,France,FR,,40-44,H
20005.martin.wagen,Martin WAGEN,29:44:07,114,Suisse,CH,,35-39,H
42274.jeanluc.richeux,Jean-Luc RICHEUX,29:46:14,115,France,FR,,45-49,H
48818.silvio.bertone,Silvio BERTONE,29:46:15,116,Italie,IT,,35-39,H
77381.kristijan.sivak,Kristijan SIVAK,29:46:54,117,Croatie,HR,,35-39,H
77382.machiel.ittmann,Machiel ITTMANN,29:47:03,118,Pays-Bas,NL,,35-39,H
77383.sigi.unterweger,Sigi UNTERWEGER,30:00:17,119,Autriche,AT,,40-44,H
77384.lionel.henneman,Lionel HENNEMAN,30:00:48,120,France,FR,,20-34,H
27084.frederic.simon,Frederic SIMON,30:00:50,121,France,FR,,35-39,H
41867.didier.delemontez,Didier DELEMONTEZ,30:01:45,122,France,FR,,45-49,H
77385.pierre.griscelli,Pierre GRISCELLI,30:02:50,123,France,FR,,50-54,H
41612.etienne.fert,Etienne FERT,30:02:50,124,France,FR,,40-44,H
77386.claramina.jargy,Clara-Mina JARGY,30:03:31,125,France,FR,,50-54,F
43442.eric.fabre,Eric FABRE,30:03:47,126,France,FR,,40-44,H
23932.thierry.chambry,Thierry CHAMBRY,30:08:21,127,France,FR,,35-39,H
21110.stefano.puiati,Stefano PUIATI,30:08:21,128,Italie,IT,,40-44,H
30484.claudio.cheraz,Claudio CHERAZ,30:08:21,129,Italie,IT,,40-44,H
41771.michel.mahe,Michel MAHE,30:09:28,130,France,FR,,50-54,H
8267.christian.demont,Christian DEMONT,30:09:44,131,France,FR,,40-44,H
8266.robert.point,Robert POINT,30:10:21,132,France,FR,,40-44,H
32931.virginie.thevenot,Virginie THEVENOT,30:25:07,133,France,FR,,40-44,F
26511.emmanuel.jezo,Emmanuel JEZO,30:26:59,134,France,FR,,35-39,H
10417.pierremichel.oggier,Pierre-Michel OGGIER,30:28:11,135,Suisse,CH,,40-44,H
24250.emmanuel.breuil,Emmanuel BREUIL,30:30:25,136,France,FR,,35-39,H
126.philippe.treuil,Philippe TREUIL,30:30:41,137,France,FR,,45-49,H
30002.philippe.guillemain,Philippe GUILLEMAIN,30:30:43,138,France,FR,,45-49,H
41597.guy.pinet,Guy PINET,30:31:27,139,France,FR,,45-49,H
8321.laurent.nougier,Laurent NOUGIER,30:31:55,140,France,FR,,35-39,H
76957.daniel.bevillard,Daniel BEVILLARD,30:33:25,141,France,FR,,80+,H
77387.philippe.warembourg,Philippe WAREMBOURG,30:33:25,142,France,FR,,45-49,H
77388.yves.semet,Yves SEMET,30:34:47,143,France,FR,,80+,H
77389.erwan.lucas,Erwan LUCAS,30:36:07,144,France,FR,,35-39,H
6616.jeanphilippe.lanfranchi,Jean-Philippe LANFRANCHI,30:37:35,145,France,FR,,35-39,H
77390.clement.dumont,Clement DUMONT,30:41:37,146,France,FR,,20-34,H
149261.oliver.beasse,Oliver BEASSE,30:43:44,147,France,FR,,20-34,H
77392.bruno.clement,Bruno CLEMENT,30:46:03,148,France,FR,,40-44,H
77393.cyril.chossat,Cyril CHOSSAT,30:49:27,149,France,FR,,40-44,H
7211.alexandre.hayetine,Alexandre HAYETINE,30:50:36,150,France,FR,,20-34,H
77394.ion.aizpeurrutiaalzelai,Ion AIZPEURRUTIA-ALZELAI,30:53:00,151,Espagne,ES,,80+,H
42666.christophe.betschen,Christophe BETSCHEN,30:54:04,152,France,FR,,40-44,H
37949.bran.hery,Bran HERY,30:54:19,153,France,FR,,35-39,H
76949.unai.gineaabasolo,Unai GINEA-ABASOLO,30:58:11,154,Espagne,ES,,80+,H
47581.francois.dauvergne,Francois DAUVERGNE,30:58:46,155,France,FR,,20-34,H
7896.freddy.tremolliere,Freddy TREMOLLIERE,30:59:15,156,France,FR,,45-49,H
77395.francesc.teres,Francesc TERES,31:02:51,157,Espagne,ES,,35-39,H
74758.ramon.comasbaroy,Ramon COMAS-BAROY,31:04:11,158,Espagne,ES,,45-49,H
42787.jeanmarc.dossot,Jean-Marc DOSSOT,31:04:37,159,France,FR,,45-49,H
8170.jeanmarc.pelbois,Jean-Marc PELBOIS,31:12:15,160,France,FR,,35-39,H
11470.aurelien.colin,Aurelien COLIN,31:21:22,161,France,FR,,20-34,H
76449.christophe.mathevet,Christophe MATHEVET,31:22:52,162,France,FR,,40-44,H
77396.philippe.garzon,Philippe GARZON,31:22:53,163,France,FR,,45-49,H
11646.laurent.vercueil,Laurent VERCUEIL,31:25:51,164,France,FR,,40-44,H
26561.demetrio.fernandez,Demetrio FERNANDEZ,31:25:51,165,France,FR,,40-44,H
24576.jeanpierre.mengel,Jean-Pierre MENGEL,31:32:37,166,France,FR,,35-39,H
10643.laurent.poirier,Laurent POIRIER,31:35:32,167,France,FR,,40-44,H
77397.serge.beauduin,Serge BEAUDUIN,31:39:46,168,France,FR,,40-44,H
76427.paul.blanchet,Paul BLANCHET,31:40:49,169,France,FR,,20-34,H
44704.baptiste.payen,Baptiste PAYEN,31:41:01,170,France,FR,,20-34,H
73803.jonathandavid.broome,Jonathan-David BROOME,31:41:12,171,Royaume-Uni,GB,,40-44,H
30039.bruno.mollaret,Bruno MOLLARET,31:41:50,172,France,FR,,45-49,H
77398.jeannoel.joussemet,Jean-Noel JOUSSEMET,31:52:20,173,France,FR,,80+,H
8700.gerard.blanc,Gerard BLANC,31:53:20,174,France,FR,,45-49,H
42521.luc.bouday,Luc BOUDAY,32:13:43,175,France,FR,,50-54,H
7665.jeanmichel.castin,Jean-Michel CASTIN,32:14:19,176,France,FR,,45-49,H
10277.pierre.ceaglio,Pierre CEAGLIO,32:14:19,177,France,FR,,20-34,H
8549.giovanni.baldini,Giovanni BALDINI,32:14:19,178,Italie,IT,,40-44,H
11580.stephane.clerc,Stephane CLERC,32:17:50,179,France,FR,,40-44,H
28133.bernard.evreux,Bernard EVREUX,32:17:50,180,France,FR,,45-49,H
77399.stephane.patalier,Stephane PATALIER,32:17:50,181,France,FR,,35-39,H
39194.stephane.cabot,Stephane CABOT,32:19:20,182,France,FR,,35-39,H
6044.christophe.harson,Christophe HARSON,32:19:20,183,France,FR,,45-49,H
77400.dominique.peretti,Dominique PERETTI,32:21:55,184,France,FR,,50-54,H
26678.pierre.seigneurin,Pierre SEIGNEURIN,32:22:02,185,France,FR,,45-49,H
19616.claudio.pizzagalli,Claudio PIZZAGALLI,32:23:11,186,Italie,IT,,35-39,H
48541.annemarie.gross,Annemarie GROSS,32:24:11,187,Italie,IT,,35-39,F
41430.christian.poisson,Christian POISSON,32:26:03,188,France,FR,,45-49,H
20189.michel.poletti,Michel POLETTI,32:28:15,189,France,FR,,50-54,H
76230.patrick.collomb,Patrick COLLOMB,32:28:15,190,France,FR,,50-54,H
11177.patrick.fellay,Patrick FELLAY,32:29:03,191,Suisse,CH,,40-44,H
7869.christophe.iliou,Christophe ILIOU,32:29:32,192,France,FR,,40-44,H
56664.paul.williere,Paul WILLIERE,32:29:56,193,Luxembourg,LU,,45-49,H
43770.nicolas.buys,Nicolas BUYS,32:33:01,194,France,FR,,20-34,H
24252.cedric.fontaine,Cedric FONTAINE,32:36:51,195,France,FR,,20-34,H
33474.magali.juvenal,Magali JUVENAL,32:36:51,196,France,FR,,35-39,F
76976.murdo.mcewan,Murdo MCEWAN,32:37:49,197,Royaume-Uni,GB,,50-54,H
41509.andre.boucard,Andre BOUCARD,32:41:24,198,France,FR,,50-54,H
8336.arnaud.coudray,Arnaud COUDRAY,32:43:05,199,France,FR,,20-34,H
34739.daniel.delerce,Daniel DELERCE,32:44:11,200,France,FR,,40-44,H
77401.laurent.martinie,Laurent MARTINIE,32:44:39,201,France,FR,,20-34,H
76952.jakobthyregod.rasmussen,Jakob-Thyregod RASMUSSEN,32:50:24,202,Danemark,DK,,80+,H
75953.gerald.gaborieau,Gerald GABORIEAU,32:50:57,203,Belgique,BE,,40-44,H
30006.eric.duforest,Eric DUFOREST,32:51:25,204,France,FR,,35-39,H
41627.pascal.caquet,Pascal CAQUET,32:58:46,205,France,FR,,45-49,H
39546.maurice.renault,Maurice RENAULT,32:59:49,206,France,FR,,45-49,H
76232.pierrick.lecomte,Pierrick LECOMTE,33:01:33,207,France,FR,,35-39,H
42263.jacques.gillaux,Jacques GILLAUX,33:03:26,208,Brésil,BR,,45-49,H
6992.sylvain.morinoros,Sylvain MORINO-ROS,33:06:09,209,France,FR,,45-49,H
41377.jerome.imbert,Jerome IMBERT,33:06:11,210,France,FR,,20-34,H
73666.yvonnick.simon,Yvonnick SIMON,33:06:38,211,France,FR,,35-39,H
12644.ignacio.sune,Ignacio SUNE,33:08:27,212,Espagne,ES,,35-39,H
306.didier.brouazin,Didier BROUAZIN,33:12:39,213,France,FR,,40-44,H
77098.daniel.remond,Daniel REMOND,33:13:41,214,France,FR,,80+,H
40274.pascal.neveux,Pascal NEVEUX,33:13:42,215,France,FR,,45-49,H
19985.daniel.wyrsch,Daniel WYRSCH,33:14:18,216,Suisse,CH,,40-44,H
77402.dominique.prevot,Dominique PREVOT,33:14:55,217,France,FR,,45-49,H
932.denis.bouteille,Denis BOUTEILLE,33:16:32,218,France,FR,,40-44,H
76985.nicolas.wach,Nicolas WACH,33:19:57,219,France,FR,,80+,H
48497.pierre.savary,Pierre SAVARY,33:21:10,220,Suisse,CH,,50-54,H
76938.maxime.dedours,Maxime DEDOURS,33:28:27,221,France,FR,,35-39,H
77157.pierre.gagniere,Pierre GAGNIERE,33:28:29,222,France,FR,,50-54,H
345.daniel.bouvier,Daniel BOUVIER,33:28:41,223,France,FR,,45-49,H
30700.emanuele.beretta,Emanuele BERETTA,33:29:16,224,Italie,IT,,35-39,H
75936.paul.maisonnier,Paul MAISONNIER,33:29:18,225,France,FR,,40-44,H
,Anonymous,33:30:13,226,Italie,IT,,45-49,H
7648.francois.falgayrat,Francois FALGAYRAT,33:30:15,227,France,FR,,35-39,H
77018.pascale.bouly,Pascale BOULY,33:32:42,228,France,FR,,40-44,F
6357.daniel.depaoli,Daniel DE-PAOLI,33:33:06,229,France,FR,,50-54,H
76803.boris.pouilly,Boris POUILLY,33:34:09,230,France,FR,,80+,H
42226.jacky.griebel,Jacky GRIEBEL,33:34:24,231,France,FR,,45-49,H
77403.jeanluc.leroy,Jean-Luc LEROY,33:34:24,232,France,FR,,40-44,H
44188.bruno.hoellard,Bruno HOELLARD,33:36:41,233,France,FR,,45-49,H
77404.olivier.delecourt,Olivier DELECOURT,33:38:50,234,France,FR,,35-39,H
2481813.irina.malejonock,Irina MALEJONOCK,33:39:03,235,France,FR,,20-34,F
41392.dominique.szymanski,Dominique SZYMANSKI,33:39:55,236,France,FR,,40-44,H
42996.patrick.jarret,Patrick JARRET,33:39:55,237,France,FR,,20-34,H
19309.gianluca.maggioni,Gianluca MAGGIONI,33:45:29,238,Italie,IT,,35-39,H
28180.patrick.gunsett,Patrick GUNSETT,33:47:38,239,France,FR,,45-49,H
37843.jean.barillot,Jean BARILLOT,33:47:41,240,France,FR,,35-39,H
77405.nicolas.desharbes,Nicolas DESHARBES,33:48:45,241,France,FR,,35-39,H
8501.armando.deazevedo,Armando DE AZEVEDO,33:49:13,242,France,FR,,20-34,H
77406.anne.brulefert,Anne BRULEFERT,33:49:13,243,France,FR,,35-39,F
48811.matthieu.poittevin,Matthieu POITTEVIN,33:50:29,244,France,FR,,20-34,H
77407.bernard.verondurand,Bernard VERON-DURAND,33:56:00,245,France,FR,,40-44,H
77408.pascal.guichard,Pascal GUICHARD,34:01:20,246,France,FR,,45-49,H
61829.lutzdietrich.schweizer,Lutz-Dietrich SCHWEIZER,34:01:21,247,Allemagne,DE,,45-49,H
27749.didier.guillemet,Didier GUILLEMET,34:01:23,248,France,FR,,35-39,H
6627.thierry.crussy,Thierry CRUSSY,34:02:04,249,France,FR,,40-44,H
33486.claude.cleseur,Claude CLESEUR,34:02:51,250,Belgique,BE,,55-59,H
77409.michel.crettex,Michel CRETTEX,34:06:51,251,Suisse,CH,,45-49,H
77410.emmanuel.rogue,Emmanuel ROGUE,34:06:57,252,France,FR,,35-39,H
20165.olivier.mayer,Olivier MAYER,34:09:58,253,France,FR,,35-39,H
40346.frederic.gendron,Frederic GENDRON,34:15:12,254,France,FR,,20-34,H
77411.stephane.verrecchia,Stephane VERRECCHIA,34:15:42,255,France,FR,,40-44,H
10750.andre.delorme,Andre DELORME,34:15:46,256,France,FR,,55-59,H
77412.erik.tourenne,Erik TOURENNE,34:15:50,257,France,FR,,45-49,H
10824.stephane.pfend,Stephane PFEND,34:20:55,258,France,FR,,20-34,H
77413.richard.ravaux,Richard RAVAUX,34:23:20,259,France,FR,,35-39,H
8414.jeanpaul.otmani,Jean-Paul OTMANI,34:30:14,260,France,FR,,40-44,H
77414.pascal.riviere,Pascal RIVIERE,34:39:34,261,France,FR,,45-49,H
76458.denis.ravier,Denis RAVIER,34:40:37,262,France,FR,,45-49,H
52238.amanda.calvert,Amanda CALVERT,34:41:42,263,Royaume-Uni,GB,,40-44,F
351.robert.charvin,Robert CHARVIN,34:41:43,264,France,FR,,55-59,H
5616815.motteli.hansueli,Mötteli HANSUELI,34:42:15,265,Suisse,CH,,40-44,H
77415.jeancharles.cordier,Jean-Charles CORDIER,34:42:44,266,France,FR,,45-49,H
44766.gerard.tarrajat,Gerard TARRAJAT,34:43:53,267,France,FR,,35-39,H
19917.josep.artigas,Josep ARTIGAS,34:44:34,268,Espagne,ES,,40-44,H
19058.martina.juda,Martina JUDA,34:45:39,269,République tchèque,CZ,,20-34,F
33386.olivier.tribondeau,Olivier TRIBONDEAU,34:51:24,270,France,FR,,40-44,H
77416.ralf.giersch,Ralf GIERSCH,34:52:02,271,Suisse,CH,,40-44,H
6723.christian.ravily,Christian RAVILY,34:57:51,272,France,FR,,45-49,H
77417.shakal.ryan,Shakal RYAN,34:57:52,273,Allemagne,DE,,40-44,H
77418.daniel.clark,Daniel CLARK,34:59:48,274,Royaume-Uni,GB,,45-49,H
77419.marco.zaffaroni,Marco ZAFFARONI,35:05:38,275,Italie,IT,,40-44,H
8526.marco.galletto,Marco GALLETTO,35:05:39,276,Italie,IT,,45-49,H
30463.lara.mustat,Lara MUSTAT,35:05:39,277,Italie,IT,,20-34,F
24601.philippe.bleu,Philippe BLEU,35:06:41,278,France,FR,,45-49,H
76824.sean.clifford,Sean CLIFFORD,35:07:46,279,Irlande,IE,,20-34,H
77420.christian.quintane,Christian QUINTANE,35:07:47,280,France,FR,,45-49,H
30367.marc.desbordes,Marc DESBORDES,35:07:48,281,France,FR,,40-44,H
76423.freddy.serveaux,Freddy SERVEAUX,35:08:30,282,France,FR,,20-34,H
77421.michel.rousseau,Michel ROUSSEAU,35:09:15,283,France,FR,,50-54,H
8561.didier.laridon,Didier LARIDON,35:09:37,284,France,FR,,40-44,H
41637.philippe.casas,Philippe CASAS,35:09:46,285,France,FR,,40-44,H
76967.pelayo.gonzalezalonso,Pelayo GONZALEZ-ALONSO,35:11:09,286,Espagne,ES,,80+,H
32291.paco.roblesadan,Paco ROBLES-ADAN,35:11:10,287,Espagne,ES,,40-44,H
77423.sylvain.collet,Sylvain COLLET,35:11:32,288,France,FR,,40-44,H
32332.jaume.senserrichpasan,Jaume SENSERRICH-PASAN,35:11:58,289,Espagne,ES,,35-39,H
52630.wendy.dodds,Wendy DODDS,35:12:04,290,Royaume-Uni,GB,,55-59,F
41631.jean.zapata,Jean ZAPATA,35:12:26,291,Espagne,ES,,45-49,H
38941.mohsen.jabri,Mohsen JABRI,35:15:53,292,Tunisie,TN,,50-54,H
45363.mike.omes,Mike OMES,35:15:56,293,Luxembourg,LU,,35-39,H
5174763.jeanmaurice.abbet,Jean-Maurice ABBET,35:16:33,294,Suisse,CH,,40-44,H
27052.fredy.rachafka,Fredy RACHAFKA,35:20:13,295,France,FR,,40-44,H
26642.hubert.piel,Hubert PIEL,35:21:03,296,France,FR,,40-44,H
7456.josepmaria.cabanascoma,Josep-Maria CABANAS-COMA,35:21:21,297,Espagne,ES,,20-34,H
13366.ramon.rierolacasadevall,Ramon RIEROLA-CASADEVALL,35:21:21,298,Espagne,ES,,20-34,H
77424.daniel.leroux,Daniel LEROUX,35:22:22,299,France,FR,,80+,H
76717.iban.isastilazkano,Iban ISASTI-LAZKANO,35:24:00,300,Espagne,ES,,20-34,H
77425.jeanmarc.gruffaz,Jean-Marc GRUFFAZ,35:26:37,301,France,FR,,50-54,H
77426.mathieu.benard,Mathieu BENARD,35:26:37,302,France,FR,,20-34,H
7806.maurice.chenais,Maurice CHENAIS,35:27:43,303,France,FR,,55-59,H
77427.pascal.debrie,Pascal DEBRIE,35:30:21,304,France,FR,,40-44,H
10551.florent.maire,Florent MAIRE,35:30:59,305,France,FR,,35-39,H
12073.jaume.terescosta,Jaume TERES-COSTA,35:35:49,306,Espagne,ES,,40-44,H
76224.philippe.laude,Philippe LAUDE,35:36:03,307,France,FR,,35-39,H
77428.pierreemeric.benteyn,Pierre-Emeric BENTEYN,35:36:04,308,France,FR,,20-34,H
41174.nicolas.privat,Nicolas PRIVAT,35:36:06,309,France,FR,,35-39,H
11616.philippe.miquel,Philippe MIQUEL,35:37:12,310,France,FR,,35-39,H
6413.franck.mazeyrat,Franck MAZEYRAT,35:38:08,311,France,FR,,45-49,H
28220.serge.bellenoue,Serge BELLENOUE,35:38:17,312,France,FR,,55-59,H
2590.eric.pineau,Eric PINEAU,35:38:51,313,France,FR,,40-44,H
2597.jeanmarc.jougneau,Jean-Marc JOUGNEAU,35:39:56,314,France,FR,,45-49,H
6905.laurent.martin,Laurent MARTIN,35:40:53,315,France,FR,,35-39,H
27443.jerome.marion,Jerome MARION,35:41:52,316,France,FR,,20-34,H
61937.thomas.wolterroessler,Thomas WOLTER-ROESSLER,35:44:06,317,Allemagne,DE,,20-34,H
19884.michael.misteli,Michael MISTELI,35:45:01,318,Suisse,CH,,40-44,H
76783.thierry.escoffier,Thierry ESCOFFIER,35:45:32,319,France,FR,,50-54,H
77429.christian.martin,Christian MARTIN,35:50:37,320,France,FR,,40-44,H
41645.yves.detry,Yves DETRY,35:52:32,321,France,FR,,55-59,H
10809.jeanchristophe.berrard,Jean Christophe BERRARD,35:52:35,322,France,FR,,40-44,H
6172.dom.faidy,Dom FAIDY,35:54:43,323,France,FR,,45-49,H
26259.pascal.martin,Pascal MARTIN,35:55:24,324,France,FR,,20-34,H
41632.olivier.giovannoni,Olivier GIOVANNONI,35:56:23,325,France,FR,,40-44,H
24081.serge.mercadal,Serge MERCADAL,35:59:58,326,France,FR,,35-39,H
77430.etienne.brasselet,Etienne BRASSELET,36:01:12,327,France,FR,,20-34,H
77431.cedric.decout,Cedric DECOUT,36:04:02,328,France,FR,,80+,H
9307.michel.tempere,Michel TEMPERE,36:12:02,329,France,FR,,65-69,H
7627.jeanpierre.cleva,Jean-Pierre CLEVA,36:12:30,330,France,FR,,40-44,H
76718.xavier.melet,Xavier MELET,36:14:39,331,France,FR,,80+,H
410.pascal.masson,Pascal MASSON,36:16:51,332,France,FR,,45-49,H
77432.matthieu.delachat,Matthieu DELACHAT,36:17:03,333,France,FR,,35-39,H
26266.frederic.doyen,Frederic DOYEN,36:17:58,334,France,FR,,40-44,H
41689.annececile.fontaine,Anne-Cecile FONTAINE,36:18:10,335,France,FR,,35-39,F
77433.jeanluc.buet,Jean-Luc BUET,36:18:53,336,France,FR,,40-44,H
76974.francois.martinez,Francois MARTINEZ,36:19:33,337,France,FR,,35-39,H
77004.fabrice.lebigot,Fabrice LE BIGOT,36:19:36,338,France,FR,,80+,H
9032.philippe.hugault,Philippe HUGAULT,36:20:11,339,France,FR,,40-44,H
77434.claude.fromenteau,Claude FROMENTEAU,36:20:42,340,France,FR,,80+,H
8265.patrice.brun,Patrice BRUN,36:21:10,341,France,FR,,20-34,H
41322.dominique.reynaud,Dominique REYNAUD,36:23:30,342,France,FR,,50-54,H
42673.eliseo.lumignon,Eliseo LUMIGNON,36:23:38,343,Italie,IT,,40-44,H
76303.gerard.finistre,Gerard FINISTRE,36:23:41,344,France,FR,,55-59,H
33374.patrick.barre,Patrick BARRE,36:24:17,345,France,FR,,35-39,H
77435.arnaud.vieillevigne,Arnaud VIEILLEVIGNE,36:24:18,346,France,FR,,40-44,H
26596.christian.guehennec,Christian GUEHENNEC,36:24:48,347,France,FR,,45-49,H
72567.stephane.gonod,Stephane GONOD,36:26:11,348,Suisse,CH,,35-39,H
7235.eric.noirault,Eric NOIRAULT,36:27:43,349,France,FR,,40-44,H
39892.marc.barrier,Marc BARRIER,36:28:43,350,France,FR,,45-49,H
77436.frederic.jonval,Frederic JONVAL,36:33:34,351,France,FR,,35-39,H
10964.gilbert.codet,Gilbert CODET,36:33:51,352,France,FR,,55-59,H
57684.willyantoine.rigaux,Willy-Antoine RIGAUX,36:33:51,353,Belgique,BE,,45-49,H
76066.ignace.matthys,Ignace MATTHYS,36:36:49,354,Belgique,BE,,45-49,H
52207.david.makin,David MAKIN,36:42:31,355,Royaume-Uni,GB,,80+,H
77437.vincent.guilgault,Vincent GUILGAULT,36:43:09,356,France,FR,,40-44,H
20086.andre.arruda,Andre ARRUDA,36:43:24,357,Brésil,BR,,40-44,H
155169.deciojr.ribeirosantos,Decio-Jr RIBEIRO-SANTOS,36:43:24,358,Brésil,BR,,35-39,H
52627.phil.hodgson,Phil HODGSON,36:43:40,359,Royaume-Uni,GB,,50-54,H
77438.magnus.hartmann,Magnus HARTMANN,36:43:55,360,Danemark,DK,,80+,H
77439.ole.nielsen,Ole NIELSEN,36:43:56,361,Danemark,DK,,20-34,H
37962.jean.goreau,Jean GOREAU,36:44:48,362,France,FR,,60-64,H
24969.yves.buan,Yves BUAN,36:44:50,363,France,FR,,40-44,H
76979.thomas.pasgaard,Thomas PASGAARD,36:45:04,364,Danemark,DK,,20-34,H
19160.anke.drescher,Anke DRESCHER,36:46:40,365,Allemagne,DE,,35-39,F
70353.georg.weiss,Georg WEISS,36:46:52,366,Allemagne,DE,,40-44,H
24752.albert.roy,Albert ROY,36:47:29,367,France,FR,,40-44,H
48608.mario.silipo,Mario SILIPO,36:48:41,368,Italie,IT,,45-49,H
57646.aldo.maffucci,Aldo MAFFUCCI,36:49:54,369,Italie,IT,,50-54,H
26671.franck.rachafka,Franck RACHAFKA,36:53:42,370,France,FR,,80+,H
39537.pascal.langlois,Pascal LANGLOIS,36:54:23,371,France,FR,,40-44,H
44231.tristan.guyonlebouffy,Tristan GUYON-LE BOUFFY,36:55:20,372,France,FR,,50-54,H
77440.francois.chapsal,Francois CHAPSAL,36:57:35,373,France,FR,,50-54,H
77441.jeanyves.bobinet,Jean-Yves BOBINET,36:59:22,374,France,FR,,50-54,H
77442.jeanfrancois.fort,Jean-Francois FORT,37:00:31,375,France,FR,,45-49,H
24729.didier.petitjean,Didier PETITJEAN,37:02:36,376,France,FR,,40-44,H
77048.cyril.chevalier,Cyril CHEVALIER,37:03:34,377,France,FR,,20-34,H
110.william.hill,William HILL,37:04:20,378,France,FR,,20-34,H
41517.patrick.germain,Patrick GERMAIN,37:04:29,379,France,FR,,50-54,H
39471.adrien.paul,Adrien PAUL,37:05:47,380,France,FR,,20-34,H
48830.nicola.assi,Nicola ASSI,37:06:23,381,Italie,IT,,20-34,H
77443.herve.pardailhegalabrun,Herve PARDAILHE-GALABRUN,37:06:37,382,France,FR,,20-34,H
60926.roberto.sfardini,Roberto SFARDINI,37:07:29,383,Italie,IT,,35-39,H
27375.jeanluc.stourm,Jean-Luc STOURM,37:08:05,384,France,FR,,45-49,H
10284.frederic.verardi,Frederic VERARDI,37:09:11,385,France,FR,,35-39,H
48016.hilary.sharp,Hilary SHARP,37:09:41,386,Royaume-Uni,GB,,45-49,F
10283.thierry.lecourt,Thierry LECOURT,37:09:44,387,France,FR,,40-44,H
77444.dominique.sikora,Dominique SIKORA,37:09:45,388,France,FR,,40-44,H
25059.bernard.balizet,Bernard BALIZET,37:09:47,389,France,FR,,50-54,H
77445.debbie.smith,Debbie SMITH,37:10:24,390,Royaume-Uni,GB,,45-49,F
74388.alain.dauch,Alain DAUCH,37:11:48,391,France,FR,,55-59,H
77446.reinemay.avriama,Reine-May AVRIAMA,37:15:10,392,France,FR,,50-54,F
6656.alain.fays,Alain FAYS,37:15:51,393,France,FR,,45-49,H
76990.jeanfrancois.anne,Jean-Francois ANNE,37:16:25,394,France,FR,,80+,H
6329.yves.chambon,Yves CHAMBON,37:17:01,395,France,FR,,45-49,H
77447.patrice.gagne,Patrice GAGNE,37:17:01,396,France,FR,,45-49,H
44136.christian.hernandez,Christian HERNANDEZ,37:17:03,397,France,FR,,60-64,H
76955.piotr.klosowicz,Piotr KLOSOWICZ,37:17:04,398,Pologne,PL,,20-34,H
45145.jochen.hoschele,Jochen HÖSCHELE,37:17:30,399,Allemagne,DE,,35-39,H
61488.elke.streicher,Elke STREICHER,37:17:30,400,Allemagne,DE,,35-39,F
40515.denis.renou,Denis RENOU,37:17:33,401,France,FR,,40-44,H
77448.didier.jubault,Didier JUBAULT,37:18:05,402,France,FR,,35-39,H
77449.jerome.lepaumier,Jerome LEPAUMIER,37:19:00,403,France,FR,,20-34,H
40637.gilbert.sermetmagdelain,Gilbert SERMET-MAGDELAIN,37:19:23,404,France,FR,,55-59,H
28323.laurent.sitbon,Laurent SITBON,37:22:59,405,France,FR,,20-34,H
41656.jeanclaude.signor,Jean-Claude SIGNOR,37:22:59,406,France,FR,,55-59,H
10585.benoit.delachat,Benoit DELACHAT,37:23:33,407,France,FR,,40-44,H
76834.jeanpierre.foucault,Jean-Pierre FOUCAULT,37:23:33,408,France,FR,,35-39,H
11595.michel.davoine,Michel DAVOINE,37:26:12,409,France,FR,,45-49,H
77450.hugues.lefer,Hugues LEFER,37:26:12,410,France,FR,,80+,H
48689.silvia.vesco,Silvia VESCO,37:26:58,411,France,FR,,45-49,F
77451.mark.rogers,Mark ROGERS,37:29:07,412,Etats-Unis,US,,35-39,H
24635.patrice.couespel,Patrice COUESPEL,37:29:54,413,France,FR,,40-44,H
4942267.pererik.larsson,Per Erik LARSSON,37:29:56,414,Suède,SE,,40-44,H
10675.christophe.legland,Christophe LE GLAND,37:31:37,415,France,FR,,35-39,H
41532.jeanyves.ruchon,Jean-Yves RUCHON,37:32:20,416,France,FR,,45-49,H
25213.michel.garnier,Michel GARNIER,37:32:59,417,France,FR,,35-39,H
77037.laurent.gasdon,Laurent GASDON,37:33:00,418,France,FR,,80+,H
77059.richard.rosser,Richard ROSSER,37:33:24,419,Royaume-Uni,GB,,45-49,H
39668.emmanuel.jondeau,Emmanuel JONDEAU,37:34:16,420,France,FR,,35-39,H
6762.bernard.audigier,Bernard AUDIGIER,37:35:42,421,France,FR,,50-54,H
2684.bernard.veirun,Bernard VEIRUN,37:35:42,422,France,FR,,50-54,H
42690.jeanlouis.coutarel,Jean-Louis COUTAREL,37:36:32,423,France,FR,,45-49,H
77452.christian.mauduit,Christian MAUDUIT,37:40:56,424,France,FR,,20-34,H
41928.jeanclaude.gaidet,Jean-Claude GAIDET,37:41:27,425,France,FR,,55-59,H
77453.niall.oconnor,Niall O CONNOR,37:41:36,426,Irlande,IE,,20-34,H
73061.jeanluc.eschlimann,Jean-Luc ESCHLIMANN,37:41:48,427,France,FR,,45-49,H
77178.guillaume.calais,Guillaume CALAIS,37:44:52,428,France,FR,,35-39,H
4498479.jeanmarc.bonino,Jean-Marc BONINO,37:45:11,429,France,FR,,45-49,H
28652.gilles.cormier,Gilles CORMIER,37:46:14,430,France,FR,,45-49,H
48373.laurent.niclass,Laurent NICLASS,37:47:18,431,Suisse,CH,,40-44,H
339.jeanbaptiste.pivert,Jean-Baptiste PIVERT,37:47:28,432,France,FR,,40-44,H
77454.nicolas.mirjolet,Nicolas MIRJOLET,37:47:29,433,Suisse,CH,,20-34,H
10758.david.darrioulat,David DARRIOULAT,37:48:32,434,France,FR,,35-39,H
41655.maurice.fauvel,Maurice FAUVEL,37:48:43,435,France,FR,,50-54,H
76801.thomas.labrunye,Thomas LABRUNYE,37:49:32,436,France,FR,,35-39,H
76034.frederic.labrunye,Frederic LABRUNYE,37:49:32,437,France,FR,,20-34,H
76511.franck.recasens,Franck RECASENS,37:50:57,438,France,FR,,40-44,H
76301.jeanphilippe.christoph,Jean-Philippe CHRISTOPH,37:51:11,439,France,FR,,35-39,H
76087.frederic.weinmann,Frederic WEINMANN,37:52:37,440,France,FR,,60-64,H
33301.jeanluc.piovan,Jean-Luc PIOVAN,37:53:29,441,France,FR,,40-44,H
77455.eoin.phelan,Eoin PHELAN,37:53:46,442,Irlande,IE,,20-34,H
77456.louise.cooper,Louise COOPER,37:54:24,443,Etats-Unis,US,,50-54,F
43987.philippe.thierry,Philippe THIERRY,37:56:33,444,France,FR,,20-34,H
77457.stephane.rongere,Stephane RONGERE,37:56:33,445,France,FR,,35-39,H
48677.pietro.trabucchi,Pietro TRABUCCHI,37:58:41,446,Italie,IT,,40-44,H
41421.thierry.bon,Thierry BON,37:59:26,447,France,FR,,40-44,H
77458.frederic.lagreze,Frederic LAGREZE,37:59:49,448,France,FR,,80+,H
77053.gilles.didier,Gilles DIDIER,38:00:35,449,France,FR,,80+,H
19903.jacques.schaller,Jacques SCHALLER,38:00:50,450,Suisse,CH,,45-49,H
77034.rob.lammers,Rob LAMMERS,38:00:52,451,Pays-Bas,NL,,80+,H
24653.michel.duboz,Michel DUBOZ,38:00:52,452,France,FR,,50-54,H
76840.jeanyves.vogel,Jean-Yves VOGEL,38:01:20,453,France,FR,,80+,H
77459.herve.gomes,Herve GOMES,38:01:22,454,France,FR,,50-54,H
76253.christophe.leclercq,Christophe LECLERCQ,38:02:19,455,Belgique,BE,,20-34,H
7166.patrick.tirello,Patrick TIRELLO,38:02:36,456,France,FR,,35-39,H
43802.nicolas.leray,Nicolas LERAY,38:03:21,457,France,FR,,20-34,H
32940.eric.germain,Eric GERMAIN,38:03:54,458,France,FR,,35-39,H
10532.laurent.antoniucci,Laurent ANTONIUCCI,38:04:45,459,France,FR,,35-39,H
77460.stephane.ledu,Stephane LE DU,38:05:13,460,France,FR,,35-39,H
8860.pascal.laurent,Pascal LAURENT,38:05:13,461,France,FR,,40-44,H
77461.benoit.thebault,Benoit THEBAULT,38:05:45,462,France,FR,,20-34,H
7035.marc.bourdonneau,Marc BOURDONNEAU,38:07:03,463,France,FR,,35-39,H
65393.jeanlouis.techer,Jean-Louis TECHER,38:07:17,464,Afghanistan,AF,,40-44,H
19301.fabrizio.pistoni,Fabrizio PISTONI,38:07:17,465,Italie,IT,,40-44,H
8730.jeanclaude.porte,Jean-Claude PORTE,38:07:43,466,France,FR,,45-49,H
77031.jean.tardif,Jean TARDIF,38:09:28,467,France,FR,,55-59,H
77087.thomas.renuart,Thomas RENUART,38:10:20,468,Belgique,BE,,20-34,H
77462.jeanlouis.jouvenod,Jean-Louis JOUVENOD,38:11:15,469,France,FR,,40-44,H
1359693.jaume.garrosset,Jaume GARROSSET,38:13:32,470,Espagne,ES,,45-49,H
31714.enric.aguilaranfrons,Enric AGUILAR-ANFRONS,38:13:32,471,Espagne,ES,,35-39,H
7835.francois.lachaux,Francois LACHAUX,38:13:52,472,France,FR,,20-34,H
77463.arnaud.pradel,Arnaud PRADEL,38:14:23,473,France,FR,,20-34,H
77464.charo.zeamontero,Charo ZEA-MONTERO,38:15:07,474,Espagne,ES,,35-39,F
32278.pedro.gamezmellado,Pedro GAMEZ-MELLADO,38:15:08,475,Espagne,ES,,35-39,H
77465.christine.lopez,Christine LOPEZ,38:16:08,476,France,FR,,40-44,F
65147.marie.serge,Marie SERGÉ,38:16:09,477,Suisse,CH,,55-59,F
41534.patrick.ancrenaz,Patrick ANCRENAZ,38:16:10,478,France,FR,,40-44,H
24571.bruno.simon,Bruno SIMON,38:18:57,479,France,FR,,20-34,H
77466.patrice.lafourcade,Patrice LAFOURCADE,38:19:02,480,France,FR,,40-44,H
77467.jeanmarie.bahougne,Jean-Marie BAHOUGNE,38:19:13,481,France,FR,,45-49,H
77468.philippe.gabalda,Philippe GABALDA,38:19:47,482,Italie,IT,,35-39,H
6726.bernard.gross,Bernard GROSS,38:21:22,483,France,FR,,50-54,H
76667.eric.zechmann,Eric ZECHMANN,38:21:49,484,France,FR,,40-44,H
76853.rene.gorecki,Rene GORECKI,38:21:50,485,France,FR,,45-49,H
76757.patrick.barbier,Patrick BARBIER,38:22:37,486,France,FR,,45-49,H
77469.jeanpaul.ribeaucourt,Jean-Paul RIBEAUCOURT,38:22:38,487,France,FR,,40-44,H
76788.ernest.avila,Ernest AVILA,38:22:38,488,France,FR,,45-49,H
28718.laurent.hamel,Laurent HAMEL,38:23:10,489,France,FR,,45-49,H
32496.patrick.cassisa,Patrick CASSISA,38:23:38,490,France,FR,,40-44,H
77153.peter.dirr,Peter DIRR,38:23:38,491,Allemagne,DE,,50-54,H
24572.etienne.roth,Etienne ROTH,38:23:39,492,France,FR,,35-39,H
77470.alain.bourguignon,Alain BOURGUIGNON,38:23:46,493,France,FR,,35-39,H
77471.frederic.maglica,Frederic MAGLICA,38:24:28,494,France,FR,,80+,H
77472.xavier.hubaud,Xavier HUBAUD,38:24:28,495,France,FR,,80+,H
72458.angelika.dirr,Angelika DIRR,38:24:46,496,Allemagne,DE,,45-49,F
2656.eric.lagneau,Eric LAGNEAU,38:25:36,497,France,FR,,45-49,H
77473.jeanfrancois.clouzet,Jean-Francois CLOUZET,38:25:40,498,France,FR,,80+,H
41271.yves.legrand,Yves LEGRAND,38:29:34,499,France,FR,,55-59,H
40250.bernard.buisan,Bernard BUISAN,38:29:53,500,France,FR,,45-49,H
41194.philippe.clemaron,Philippe CLEMARON,38:29:54,501,France,FR,,45-49,H
77474.michel.bruel,Michel BRUEL,38:30:00,502,France,FR,,50-54,H
134.xavier.gourmelon,Xavier GOURMELON,38:31:19,503,France,FR,,35-39,H
21046.luciano.micheletti,Luciano MICHELETTI,38:32:29,504,Italie,IT,,50-54,H
77475.regis.gauthier,Regis GAUTHIER,38:32:34,505,France,FR,,55-59,H
72448.philippe.peyron,Philippe PEYRON,38:33:50,506,France,FR,,45-49,H
674.francois.moussel,Francois MOUSSEL,38:35:00,507,France,FR,,45-49,H
41694.william.cazaly,William CAZALY,38:37:15,508,France,FR,,60-64,H
77476.thijs.roest,Thijs ROEST,38:38:03,509,Pays-Bas,NL,,40-44,H
24596.gabriel.abbey,Gabriel ABBEY,38:38:06,510,France,FR,,20-34,H
8343.alice.garnier,Alice GARNIER,38:38:10,511,France,FR,,20-34,F
74366.eric.bossonney,Eric BOSSONNEY,38:39:09,512,France,FR,,20-34,H
28221.joseph.rol,Joseph ROL,38:39:14,513,France,FR,,60-64,H
77477.marc.membrado,Marc MEMBRADO,38:39:39,514,France,FR,,40-44,H
44397.laurent.boutier,Laurent BOUTIER,38:39:39,515,France,FR,,40-44,H
10591.marc.sebban,Marc SEBBAN,38:40:33,516,France,FR,,45-49,H
10577.roxane.affre,Roxane AFFRE,38:40:35,517,France,FR,,40-44,F
24305.philippe.perez,Philippe PEREZ,38:40:56,518,France,FR,,40-44,H
41543.gilles.allegret,Gilles ALLEGRET,38:40:57,519,France,FR,,60-64,H
72615.joel.roux,Joel ROUX,38:41:22,520,France,FR,,50-54,H
40639.thierry.leonard,Thierry LEONARD,38:42:45,521,France,FR,,35-39,H
77478.jean.carpentier,Jean CARPENTIER,38:44:31,522,France,FR,,50-54,H
77479.philippe.henwood,Philippe HENWOOD,38:44:32,523,France,FR,,45-49,H
76530.josette.mathieu,Josette MATHIEU,38:45:11,524,France,FR,,60-64,F
1048795.helder.ferreira,Helder FERREIRA,38:46:37,525,Portugal,PT,,40-44,H
76584.pascal.barbery,Pascal BARBERY,38:46:48,526,France,FR,,80+,H
77480.amandaj.heading,Amanda-J HEADING,38:47:13,527,Royaume-Uni,GB,,35-39,F
73887.vincent.picot,Vincent PICOT,38:48:03,528,France,FR,,40-44,H
105282.nicolas.abdallah,Nicolas ABDALLAH,38:52:27,529,France,FR,,35-39,H
74028.felipe.mandin,Felipe MANDIN,38:53:38,530,France,FR,,35-39,H
74601.didier.lemoine,Didier LEMOINE,38:54:16,531,France,FR,,45-49,H
77481.philippedidier.launay,Philippe-Didier LAUNAY,38:54:27,532,France,FR,,80+,H
41451.gerard.simonin,Gerard SIMONIN,38:54:35,533,France,FR,,55-59,H
7622.stephane.etienne,Stephane ETIENNE,38:55:57,534,France,FR,,20-34,H
41681.didier.bouton,Didier BOUTON,38:56:12,535,France,FR,,40-44,H
7015.jeanyves.even,Jean-Yves EVEN,38:56:49,536,France,FR,,45-49,H
8313.gerard.arnaud,Gerard ARNAUD,38:58:06,537,France,FR,,45-49,H
77482.frederic.dejardin,Frederic DEJARDIN,38:58:13,538,France,FR,,80+,H
77122.jeanpierre.ample,Jean-Pierre AMPLE,38:58:59,539,France,FR,,45-49,H
76493.marc.fritz,Marc FRITZ,39:02:03,540,France,FR,,40-44,H
41295.jeanmarie.foubert,Jean-Marie FOUBERT,39:02:04,541,France,FR,,45-49,H
77483.fernando.gonzalezfernandez,Fernando GONZALEZ-FERNANDEZ,39:04:11,542,Espagne,ES,,40-44,H
11586.eric.monier,Eric MONIER,39:04:15,543,France,FR,,50-54,H
77484.manuel.dominguezluzon,Manuel DOMINGUEZ-LUZON,39:04:50,544,Espagne,ES,,40-44,H
77032.herve.debatty,Herve DEBATTY,39:05:22,545,Belgique,BE,,20-34,H
23481.flavio.dalbosco,Flavio DALBOSCO,39:05:33,546,Italie,IT,,40-44,H
41678.thierry.verhaege,Thierry VERHAEGE,39:05:45,547,France,FR,,50-54,H
41476.christophe.brebant,Christophe BREBANT,39:06:37,548,France,FR,,45-49,H
76600.jeanpascal.balmoze,Jean-Pascal BALMOZE,39:07:36,549,France,FR,,20-34,H
77062.alain.monsieur,Alain MONSIEUR,39:08:11,550,France,FR,,45-49,H
43788.mathias.gery,Mathias GERY,39:08:12,551,France,FR,,20-34,H
77485.philippe.forel,Philippe FOREL,39:09:11,552,France,FR,,35-39,H
71413.enrico.parodi,Enrico PARODI,39:09:21,553,Italie,IT,,50-54,H
74659.dominique.boivin,Dominique BOIVIN,39:09:52,554,France,FR,,50-54,H
42685.jeannoel.veltz,Jean-Noel VELTZ,39:09:52,555,France,FR,,55-59,H
42882.frederic.moussac,Frederic MOUSSAC,39:12:12,556,France,FR,,35-39,H
77345.fabrice.barjolin,Fabrice BARJOLIN,39:12:14,557,France,FR,,40-44,H
26436.christian.collet,Christian COLLET,39:14:59,558,France,FR,,50-54,H
77486.pierrealexis.dumont,Pierre-Alexis DUMONT,39:15:58,559,France,FR,,35-39,H
28090.alexandre.faibis,Alexandre FAIBIS,39:18:20,560,France,FR,,35-39,H
6978.jacky.clement,Jacky CLEMENT,39:19:41,561,France,FR,,40-44,H
41648.jeanmichel.linxe,Jean-Michel LINXE,39:19:55,562,France,FR,,40-44,H
77353.eric.plassard,Eric PLASSARD,39:20:11,563,France,FR,,80+,H
41651.roger.vinai,Roger VINAI,39:23:36,564,France,FR,,50-54,H
42535.christophe.paris,Christophe PARIS,39:23:42,565,France,FR,,20-34,H
77487.magali.messina,Magali MESSINA,39:24:11,566,France,FR,,20-34,F
77488.patrice.kergosien,Patrice KERGOSIEN,39:25:22,567,France,FR,,20-34,H
10618.thierry.belart,Thierry BELART,39:26:38,568,France,FR,,40-44,H
6670.philippe.duvalet,Philippe DUVALET,39:26:41,569,France,FR,,50-54,H
77489.philippe.diaz,Philippe DIAZ,39:28:46,570,France,FR,,20-34,H
77490.alain.fernandez,Alain FERNANDEZ,39:28:47,571,France,FR,,35-39,H
77491.dominique.vie,Dominique VIE,39:29:17,572,France,FR,,20-34,H
77492.jeanfrancois.boussadi,Jean-Francois BOUSSADI,39:29:18,573,France,FR,,80+,H
8405.antoine.terray,Antoine TERRAY,39:30:12,574,France,FR,,45-49,H
48758.fred.baechelen,Fred BAECHELEN,39:30:15,575,France,FR,,35-39,H
7054.denis.brousse,Denis BROUSSE,39:30:32,576,France,FR,,50-54,H
24605.philippe.graf,Philippe GRAF,39:30:47,577,France,FR,,35-39,H
10951.vincent.rullier,Vincent RULLIER,39:31:54,578,France,FR,,45-49,H
76769.jeanmichel.jouin,Jean-Michel JOUIN,39:31:54,579,France,FR,,80+,H
10729.stephane.perez,Stephane PEREZ,39:35:24,580,France,FR,,35-39,H
77493.gerard.iribarren,Gerard IRIBARREN,39:35:29,581,France,FR,,40-44,H
38229.philippe.lepichon,Philippe LE PICHON,39:35:39,582,France,FR,,35-39,H
33387.eric.jardin,Eric JARDIN,39:36:33,583,France,FR,,40-44,H
27060.eric.fombeur,Eric FOMBEUR,39:36:50,584,France,FR,,40-44,H
9203.marc.evrard,Marc EVRARD,39:38:20,585,Belgique,BE,,35-39,H
76858.luc.maes,Luc MAES,39:38:22,586,Belgique,BE,,50-54,H
77494.patrice.henne,Patrice HENNE,39:38:22,587,Belgique,BE,,45-49,H
8966.jeff.mathot,Jeff MATHOT,39:39:06,588,France,FR,,40-44,H
77495.jacques.ygrie,Jacques YGRIE,39:39:10,589,France,FR,,80+,H
77061.jeremy.white,Jeremy WHITE,39:39:19,590,Royaume-Uni,GB,,20-34,H
77496.alain.aerts,Alain AERTS,39:39:38,591,Belgique,BE,,40-44,H
41388.thierry.cheynel,Thierry CHEYNEL,39:40:33,592,France,FR,,50-54,H
41619.jeanpierre.couzin,Jean-Pierre COUZIN,39:41:38,593,France,FR,,45-49,H
27399.stephane.durand,Stephane DURAND,39:43:04,594,France,FR,,45-49,H
77149.katell.corne,Katell CORNE,39:43:22,595,France,FR,,35-39,F
28265.daniel.bossant,Daniel BOSSANT,39:43:22,596,France,FR,,40-44,H
41868.eric.pasteur,Eric PASTEUR,39:43:23,597,France,FR,,45-49,H
8003.eric.galea,Eric GALEA,39:43:23,598,France,FR,,35-39,H
41512.alain.tran,Alain TRAN,39:44:58,599,France,FR,,50-54,H
77497.didier.hamon,Didier HAMON,39:46:39,600,France,FR,,35-39,H
11645.loic.giorgi,Loic GIORGI,39:47:04,601,France,FR,,55-59,H
77498.franck.pezeron,Franck PEZERON,39:47:04,602,France,FR,,80+,H
72358.andre.blanchet,Andre BLANCHET,39:47:08,603,Italie,IT,,20-34,H
19964.harald.daporta,Harald DAPORTA,39:47:16,604,Italie,IT,,35-39,H
41171.franck.herbron,Franck HERBRON,39:47:47,605,France,FR,,20-34,H
76603.patrick.langlois,Patrick LANGLOIS,39:48:31,606,France,FR,,45-49,H
28122.yann.gaumont,Yann GAUMONT,39:48:57,607,France,FR,,20-34,H
77499.michel.courtet,Michel COURTET,39:49:06,608,France,FR,,80+,H
77500.christian.masnada,Christian MASNADA,39:49:42,609,France,FR,,45-49,H
11232.giovanni.pretti,Giovanni PRETTI,39:50:34,610,Italie,IT,,35-39,H
20335.christophe.moulin,Christophe MOULIN,39:50:42,611,Suisse,CH,,45-49,H
41687.philippe.pressacco,Philippe PRESSACCO,39:51:09,612,France,FR,,50-54,H
411.pascal.auroy,Pascal AUROY,39:51:57,613,France,FR,,45-49,H
7402.alain.roudil,Alain ROUDIL,39:52:34,614,France,FR,,45-49,H
77501.stephane.piganiol,Stephane PIGANIOL,39:52:54,615,France,FR,,20-34,H
77502.jeanfrancois.legoff,Jean-Francois LE GOFF,39:53:46,616,France,FR,,35-39,H
12797.alison.brind,Alison BRIND,39:54:03,617,Royaume-Uni,GB,,45-49,F
11037.bertrand.marcq,Bertrand MARCQ,39:54:22,618,France,FR,,45-49,H
77503.jeanmichel.lavoine,Jean-Michel LAVOINE,39:55:08,619,France,FR,,45-49,H
64058.roger.savart,Roger SAVART,39:57:19,620,France,FR,,45-49,H
30619.nicola.alfieri,Nicola ALFIERI,39:57:21,621,Italie,IT,,35-39,H
39860.gilles.montambaux,Gilles MONTAMBAUX,39:57:39,622,France,FR,,50-54,H
77177.bertrand.peluso,Bertrand PELUSO,39:58:48,623,France,FR,,40-44,H
19393.sandro.zaramella,Sandro ZARAMELLA,39:58:54,624,Italie,IT,,40-44,H
62919.akos.hegedus,Akos HEGEDUS,39:58:59,625,Hongrie,HU,,20-34,H
76806.gabor.szabo,Gabor SZABO,39:58:59,626,Hongrie,HU,,20-34,H
8702.valentin.castano,Valentin CASTANO,39:59:17,627,France,FR,,35-39,H
77504.dominique.richard,Dominique RICHARD,40:00:01,628,France,FR,,50-54,F
40965.bruno.douet,Bruno DOUET,40:00:03,629,France,FR,,45-49,H
73885.christian.leitner,Christian LEITNER,40:00:41,630,Italie,IT,,80+,H
27711.bruno.herubel,Bruno HERUBEL,40:01:08,631,France,FR,,40-44,H
44274.pascale.pham,Pascale PHAM,40:01:47,632,France,FR,,40-44,F
8575.charles.bonin,Charles BONIN,40:02:16,633,France,FR,,45-49,H
77505.jacky.boutet,Jacky BOUTET,40:03:18,634,Royaume-Uni,GB,,45-49,H
40601.dominique.gianini,Dominique GIANINI,40:04:28,635,France,FR,,40-44,H
40467.eric.cairoli,Eric CAIROLI,40:05:52,636,France,FR,,40-44,H
10561.jeanluc.gillet,Jean-Luc GILLET,40:06:20,637,France,FR,,45-49,H
77506.jeanyves.danjon,Jean-Yves DANJON,40:07:09,638,France,FR,,80+,H
30256.alain.conscience,Alain CONSCIENCE,40:07:32,639,France,FR,,40-44,H
77507.thierry.mazzalovo,Thierry MAZZALOVO,40:08:36,640,France,FR,,80+,H
41469.jacques.grave,Jacques GRAVE,40:09:22,641,France,FR,,50-54,H
24974.fabien.brusson,Fabien BRUSSON,40:09:45,642,France,FR,,35-39,H
41626.florian.tolle,Florian TOLLE,40:10:18,643,France,FR,,20-34,H
41668.stefano.tonchi,Stefano TONCHI,40:11:32,644,Italie,IT,,40-44,H
77067.leo.brookelittle,Leo BROOKE-LITTLE,40:13:07,645,Royaume-Uni,GB,,80+,H
33078.didier.goury,Didier GOURY,40:13:36,646,France,FR,,45-49,H
77508.stephane.lardenois,Stephane LARDENOIS,40:13:50,647,France,FR,,35-39,H
30266.jeanluc.moudoud,Jean-Luc MOUDOUD,40:14:07,648,France,FR,,45-49,H
72616.joel.guilberteau,Joel GUILBERTEAU,40:15:11,649,France,FR,,35-39,H
44200.jeanluc.rayssac,Jean-Luc RAYSSAC,40:15:45,650,France,FR,,40-44,H
76823.jeanpierre.lelong,Jean-Pierre LELONG,40:15:46,651,France,FR,,50-54,H
77509.corinne.arbez,Corinne ARBEZ,40:15:46,652,France,FR,,35-39,F
20293.daniel.rey,Daniel REY,40:16:22,653,France,FR,,40-44,H
24782.cedric.larche,Cedric LARCHE,40:17:47,654,France,FR,,20-34,H
42016.stephane.gaglio,Stephane GAGLIO,40:17:53,655,France,FR,,35-39,H
20738.fabio.bernasconi,Fabio BERNASCONI,40:18:59,656,Suisse,CH,,20-34,H
20543.stephane.galeazzi,Stephane GALEAZZI,40:19:00,657,France,FR,,40-44,H
77109.axel.depenanros,Axel DE PENANROS,40:19:00,658,France,FR,,45-49,H
43590.stephen.joy,Stephen JOY,40:19:04,659,Etats-Unis,US,,35-39,H
77035.christophe.renaud,Christophe RENAUD,40:20:00,660,France,FR,,40-44,H
43813.olivier.rouviere,Olivier ROUVIERE,40:20:01,661,France,FR,,40-44,H
77510.serge.macaux,Serge MACAUX,40:20:01,662,France,FR,,45-49,H
27836.bernard.preteseille,Bernard PRETESEILLE,40:20:22,663,France,FR,,55-59,H
38511.stephane.bouchaud,Stephane BOUCHAUD,40:20:43,664,France,FR,,35-39,H
39174.marcel.blin,Marcel BLIN,40:22:52,665,France,FR,,50-54,H
77511.said.kahla,Said KAHLA,40:22:59,666,Algérie,DZ,,55-59,H
34715.luciano.orlassino,Luciano ORLASSINO,40:23:29,667,Italie,IT,,35-39,H
77512.jeanpierre.soller,Jean-Pierre SOLLER,40:23:31,668,France,FR,,50-54,H
24836.laurent.rundstadler,Laurent RUNDSTADLER,40:24:00,669,France,FR,,35-39,H
77057.olivier.liberge,Olivier LIBERGE,40:24:28,670,France,FR,,45-49,H
77058.luc.lanoe,Luc LANOE,40:24:29,671,France,FR,,45-49,H
42737.gerard.verguet,Gerard VERGUET,40:24:42,672,France,FR,,55-59,H
77033.rhys.watkins,Rhys WATKINS,40:24:52,673,Royaume-Uni,GB,,40-44,H
77513.jane.collyer,Jane COLLYER,40:24:52,674,Royaume-Uni,GB,,35-39,F
76846.willie.freriks,Willie FRERIKS,40:26:28,675,Pays-Bas,NL,,45-49,H
77514.jeanmichel.mathis,Jean-Michel MATHIS,40:26:37,676,France,FR,,45-49,H
77515.marc.nouvel,Marc NOUVEL,40:28:52,677,France,FR,,50-54,H
7028.andre.rossye,Andre ROSSYE,40:29:32,678,France,FR,,45-49,H
77516.jeanmarc.herbinet,Jean-Marc HERBINET,40:30:44,679,France,FR,,55-59,H
77517.stephane.prigent,Stephane PRIGENT,40:30:45,680,France,FR,,40-44,H
40738.jeanyves.pinguet,Jean-Yves PINGUET,40:30:45,681,France,FR,,45-49,H
9978.pierre.veyrat,Pierre VEYRAT,40:30:57,682,France,FR,,35-39,H
76336.thomas.ludwig,Thomas LUDWIG,40:31:57,683,Allemagne,DE,,40-44,H
25638.jeanluc.vuillaume,Jean-Luc VUILLAUME,40:32:25,684,France,FR,,50-54,H
74482.eric.micault,Eric MICAULT,40:33:05,685,France,FR,,40-44,H
77518.christian.lemeur,Christian LE MEUR,40:33:40,686,France,FR,,55-59,H
77519.christian.rohr,Christian ROHR,40:34:05,687,France,FR,,35-39,H
24595.thierry.hen,Thierry HEN,40:34:06,688,France,FR,,35-39,H
41239.stephane.desusclade,Stephane DESUSCLADE,40:36:06,689,France,FR,,20-34,H
41314.philippe.moiroux,Philippe MOIROUX,40:36:07,690,France,FR,,35-39,H
8693.alain.esquis,Alain ESQUIS,40:36:18,691,France,FR,,50-54,H
8694.christophe.vedry,Christophe VEDRY,40:37:16,692,France,FR,,40-44,H
20140.felix.staub,Felix STAUB,40:37:41,693,Suisse,CH,,55-59,H
48025.mathis.marugg,Mathis MARUGG,40:38:02,694,Suisse,CH,,35-39,H
77212.rose.dubourjeal,Rose DUBOURJEAL,40:38:10,695,France,FR,,80+,F
77520.chantal.waltzer,Chantal WALTZER,40:39:12,696,France,FR,,50-54,F
77521.bernard.berche,Bernard BERCHE,40:39:12,697,France,FR,,55-59,H
77522.emilviktor.arseniu,Emil-Viktor ARSENIU,40:39:56,698,Roumanie,RO,,60-64,H
30203.lionel.grange,Lionel GRANGE,40:41:20,699,France,FR,,35-39,H
72706.jean.vercambre,Jean VERCAMBRE,40:42:15,700,France,FR,,45-49,H
43157.emmanuel.constant,Emmanuel CONSTANT,40:42:19,701,France,FR,,35-39,H
38969.yohann.metay,Yohann METAY,40:42:27,702,France,FR,,20-34,H
42106.dominique.simoncini,Dominique SIMONCINI,40:43:17,703,France,FR,,40-44,H
7125.thierry.didoli,Thierry DIDOLI,40:43:27,704,France,FR,,40-44,H
77523.arnaud.gutierrezmougin,Arnaud GUTIERREZ-MOUGIN,40:43:50,705,France,FR,,35-39,H
77524.andre.lindekens,Andre LINDEKENS,40:43:57,706,Belgique,BE,,35-39,H
42980.olivier.cochet,Olivier COCHET,40:44:38,707,France,FR,,40-44,H
77525.didier.david,Didier DAVID,40:45:00,708,France,FR,,50-54,H
77526.will.lawrie,Will LAWRIE,40:45:51,709,Royaume-Uni,GB,,80+,H
7960.antoine.carlino,Antoine CARLINO,40:46:17,710,France,FR,,45-49,H
77527.henry.fry,Henry FRY,40:47:13,711,Royaume-Uni,GB,,80+,H
77217.romuald.renaudin,Romuald RENAUDIN,40:47:51,712,France,FR,,80+,H
57606.jerome.parent,Jerome PARENT,40:48:05,713,France,FR,,20-34,H
41675.cedric.cheval,Cedric CHEVAL,40:48:27,714,France,FR,,20-34,H
77528.nicolas.marseille,Nicolas MARSEILLE,40:48:29,715,France,FR,,20-34,H
20031.regis.delasalle,Regis DE LA SALLE,40:48:56,716,France,FR,,55-59,H
27999.marc.vienot,Marc VIENOT,40:49:16,717,France,FR,,45-49,H
77529.emmanuel.kapps,Emmanuel KAPPS,40:51:15,718,France,FR,,35-39,H
77530.pierre.pardo,Pierre PARDO,40:51:36,719,France,FR,,35-39,H
21295.massimiliano.fancoli,Massimiliano FANCOLI,40:51:37,720,Italie,IT,,20-34,H
26509.patrick.poivet,Patrick POIVET,40:52:32,721,France,FR,,45-49,H
77531.franck.peltier,Franck PELTIER,40:53:17,722,France,FR,,80+,H
77532.jeanclaude.normand,Jean-Claude NORMAND,40:53:20,723,France,FR,,80+,H
77113.alain.marcotte,Alain MARCOTTE,40:53:42,724,France,FR,,45-49,H
13071.brian.linton,Brian LINTON,40:53:43,725,Royaume-Uni,GB,,20-34,H
12949.stephen.caldwell,Stephen CALDWELL,40:53:43,726,Royaume-Uni,GB,,35-39,H
77533.luc.castellvi,Luc CASTELLVI,40:54:06,727,France,FR,,50-54,H
77534.vincent.richeuxcarmichael,Vincent RICHEUX-CARMICHAEL,40:54:42,728,France,FR,,80+,H
10985.jerome.adam,Jerome ADAM,40:57:37,729,France,FR,,20-34,H
77535.evelyne.muller,Evelyne MULLER,40:58:11,730,France,FR,,40-44,F
,Anonymous,40:59:32,731,France,FR,,20-34,H
52183.mark.barnes,Mark BARNES,40:59:58,732,Royaume-Uni,GB,,50-54,H
40691.max.savio,Max SAVIO,41:01:07,733,France,FR,,60-64,H
507061.patrick.moret,Patrick MORET,41:01:08,734,France,FR,,35-39,H
77536.alain.trani,Alain TRANI,41:01:36,735,France,FR,,55-59,H
76684.julien.jalabert,Julien JALABERT,41:01:37,736,France,FR,,80+,H
1591.thierry.carte,Thierry CARTE,41:01:43,737,France,FR,,40-44,H
76830.jeanmarc.picanon,Jean-Marc PICANON,41:01:54,738,France,FR,,55-59,H
77537.xavier.roseren,Xavier ROSEREN,41:02:47,739,France,FR,,35-39,H
76297.alain.pozzobon,Alain POZZOBON,41:04:14,740,France,FR,,80+,H
13195.patrick.boudenot,Patrick BOUDENOT,41:04:20,741,France,FR,,50-54,H
7478.sonia.semmad,Sonia SEMMAD,41:05:02,742,France,FR,,40-44,F
44412.alain.minault,Alain MINAULT,41:05:16,743,France,FR,,45-49,H
77538.robert.hoffmann,Robert HOFFMANN,41:05:54,744,France,FR,,60-64,H
77539.matthias.hartmann,Matthias HARTMANN,41:06:03,745,Suisse,CH,,35-39,H
77540.alen.stefanac,Alen STEFANAC,41:06:20,746,Croatie,HR,,40-44,H
2811.marco.melchiorri,Marco MELCHIORRI,41:06:44,747,Italie,IT,,40-44,H
76335.leon.kouider,Leon KOUIDER,41:07:14,748,France,FR,,55-59,H
77541.jeanclaude.mourgues,Jean-Claude MOURGUES,41:07:44,749,France,FR,,80+,H
26393.bruno.charbonnier,Bruno CHARBONNIER,41:10:42,750,France,FR,,45-49,H
77542.philippe.gaulon,Philippe GAULON,41:10:42,751,France,FR,,55-59,H
77543.alberto.zorrillanebot,Alberto ZORRILLA-NEBOT,41:11:35,752,Espagne,ES,,35-39,H
77544.josep.sicartmartinez,Josep SICART-MARTINEZ,41:11:36,753,Espagne,ES,,80+,H
77545.roger.sicartmartinez,Roger SICART-MARTINEZ,41:11:38,754,Espagne,ES,,80+,H
13152.francesco.boschguirao,Francesco BOSCH-GUIRAO,41:11:40,755,Espagne,ES,,80+,H
77546.marta.oliveroserrat,Marta OLIVERO-SERRAT,41:12:49,756,Espagne,ES,,40-44,F
77547.ramon.anglada,Ramon ANGLADA,41:12:50,757,Espagne,ES,,40-44,H
42989.jeannot.gastrin,Jeannot GASTRIN,41:12:51,758,France,FR,,45-49,H
9370.regis.vanhasbrouck,Regis VANHASBROUCK,41:12:53,759,France,FR,,50-54,H
10256.herve.decrombecque,Herve DECROMBECQUE,41:13:05,760,France,FR,,35-39,H
77548.michel.rubio,Michel RUBIO,41:13:16,761,Espagne,ES,,40-44,H
77549.napoleon.pinto,Napoleon PINTO,41:13:19,762,Luxembourg,LU,,80+,H
40187.bernard.michet,Bernard MICHET,41:13:30,763,France,FR,,65-69,H
21014.marco.negro,Marco NEGRO,41:13:34,764,Italie,IT,,40-44,H
77117.yohan.mosny,Yohan MOSNY,41:13:41,765,France,FR,,80+,H
20246.christian.loye,Christian LOYE,41:13:55,766,Suisse,CH,,45-49,H
77090.eric.troffiguer,Eric TROFFIGUER,41:14:28,767,France,FR,,40-44,H
76983.joanjosep.barriachgaya,Joan-Josep BARRIACH-GAYA,41:14:56,768,Espagne,ES,,20-34,H
7759.jaume.barriachgaya,Jaume BARRIACH-GAYA,41:14:56,769,Espagne,ES,,20-34,H
77550.jeanmarie.lebouhellec,Jean-Marie LEBOUHELLEC,41:15:45,770,France,FR,,55-59,H
77551.eric.chamard,Eric CHAMARD,41:17:15,771,France,FR,,80+,H
35003.joe.mitchell,Joe MITCHELL,41:17:58,772,Etats-Unis,US,,45-49,H
33061.jeanclaude.breffort,Jean-Claude BREFFORT,41:18:08,773,France,FR,,45-49,H
42598.patrick.hoschtettler,Patrick HOSCHTETTLER,41:18:08,774,France,FR,,40-44,H
77552.thierry.bresson,Thierry BRESSON,41:18:30,775,France,FR,,45-49,H
77553.michel.gauthey,Michel GAUTHEY,41:18:32,776,France,FR,,45-49,H
77233.lionel.nade,Lionel NADE,41:19:30,777,France,FR,,35-39,H
41654.pierre.bernard,Pierre BERNARD,41:19:30,778,France,FR,,45-49,H
24493.patrick.leclerc,Patrick LECLERC,41:19:32,779,France,FR,,50-54,H
41845.philippe.minard,Philippe MINARD,41:20:44,780,France,FR,,45-49,H
74740.philippe.stiefbold,Philippe STIEFBOLD,41:20:48,781,France,FR,,40-44,H
77554.didier.berthuit,Didier BERTHUIT,41:21:06,782,France,FR,,80+,H
20027.john.cunnane,John CUNNANE,41:21:17,783,Royaume-Uni,GB,,55-59,H
77555.chris.phillips,Chris PHILLIPS,41:21:19,784,Royaume-Uni,GB,,40-44,H
28218.edmond.ouvrierneyret,Edmond OUVRIER-NEYRET,41:22:02,785,France,FR,,40-44,H
72513.christophe.nimeskern,Christophe NIMESKERN,41:22:21,786,France,FR,,35-39,H
77086.bernard.doumont,Bernard DOUMONT,41:22:27,787,Belgique,BE,,35-39,H
19802.marco.civardi,Marco CIVARDI,41:22:30,788,Italie,IT,,45-49,H
26557.dominique.cojean,Dominique COJEAN,41:22:41,789,France,FR,,40-44,H
40848.philippe.liege,Philippe LIEGE,41:22:46,790,France,FR,,50-54,H
77556.luc.guenard,Luc GUENARD,41:23:02,791,France,FR,,80+,H
26741.eric.godart,Eric GODART,41:23:52,792,France,FR,,20-34,H
73482.mark.woolley,Mark WOOLLEY,41:23:58,793,Royaume-Uni,GB,,40-44,H
20016.laurent.marcais,Laurent MARCAIS,41:24:50,794,France,FR,,35-39,H
77173.philippe.gangneux,Philippe GANGNEUX,41:24:51,795,France,FR,,40-44,H
21227.marco.cattaneo,Marco CATTANEO,41:27:00,796,Italie,IT,,40-44,H
48070.jurgen.kollner,Jürgen KÖLLNER,41:27:00,797,Allemagne,DE,,55-59,H
6456.julien.rizzotto,Julien RIZZOTTO,41:27:52,798,France,FR,,20-34,H
77557.ian.dalton,Ian DALTON,41:29:46,799,Royaume-Uni,GB,,45-49,H
75948.christophe.carminati,Christophe CARMINATI,41:30:03,800,France,FR,,35-39,H
72459.philippe.colin,Philippe COLIN,41:30:03,801,France,FR,,40-44,H
77558.philippe.bodere,Philippe BODERE,41:30:07,802,France,FR,,80+,H
77559.lilian.eymeric,Lilian EYMERIC,41:31:50,803,France,FR,,35-39,H
11409.olivier.leroy,Olivier LEROY,41:32:52,804,France,FR,,40-44,H
11573.laurent.culine,Laurent CULINE,41:33:08,805,France,FR,,35-39,H
13223.simone.olivero,Simone OLIVERO,41:33:38,806,Italie,IT,,20-34,H
77560.jannick.malaquin,Jannick MALAQUIN,41:34:24,807,France,FR,,55-59,H
73665.micheline.merrien,Micheline MERRIEN,41:34:54,808,France,FR,,55-59,F
19141.andreas.joachimsthaler,Andreas JOACHIMSTHALER,41:35:18,809,Autriche,AT,,40-44,H
20038.patrick.reymond,Patrick REYMOND,41:36:06,810,Suisse,CH,,55-59,H
30375.gilles.dolz,Gilles DOLZ,41:36:35,811,France,FR,,50-54,H
43526.pierre.letanoux,Pierre LETANOUX,41:36:35,812,France,FR,,50-54,H
38455.christiane.foster,Christiane FOSTER,41:36:35,813,Belgique,BE,,40-44,F
34636.massimo.guidobaldi,Massimo GUIDOBALDI,41:38:04,814,Italie,IT,,45-49,H
77195.thierry.braun,Thierry BRAUN,41:42:03,815,France,FR,,35-39,H
76515.vincent.lambert,Vincent LAMBERT,41:42:58,816,France,FR,,40-44,H
77025.christophe.germain,Christophe GERMAIN,41:45:40,817,France,FR,,20-34,H
30123.daniel.collet,Daniel COLLET,41:45:40,818,France,FR,,45-49,H
7120.zouhair.elmohli,Zouhair EL MOHLI,41:49:38,819,Tunisie,TN,,45-49,H
2566.thierry.selle,Thierry SELLE,41:49:41,820,France,FR,,20-34,H
76893.jeanetienne.delaspre,Jean-Etienne DELASPRE,41:50:04,821,France,FR,,45-49,H
77253.thierry.sellem,Thierry SELLEM,41:50:59,822,France,FR,,40-44,H
77561.jeanluc.convers,Jean-Luc CONVERS,41:52:42,823,France,FR,,45-49,H
77562.andrzej.okreglicki,Andrzej OKREGLICKI,41:52:45,824,Afrique du Sud,ZA,,45-49,H
42137.didier.curdy,Didier CURDY,41:53:11,825,France,FR,,45-49,H
76242.laurent.salle,Laurent SALLE,41:53:21,826,France,FR,,35-39,H
77563.lionel.morel,Lionel MOREL,41:53:24,827,France,FR,,20-34,H
9161.christophe.ollivier,Christophe OLLIVIER,41:54:36,828,France,FR,,45-49,H
77564.pascal.baltus,Pascal BALTUS,41:55:49,829,Belgique,BE,,40-44,H
77565.olivier.libois,Olivier LIBOIS,41:55:49,830,Belgique,BE,,35-39,H
42760.richard.rochefort,Richard ROCHEFORT,41:57:20,831,France,FR,,40-44,H
77566.alain.portal,Alain PORTAL,41:58:18,832,France,FR,,35-39,H
42759.severine.rochefort,Severine ROCHEFORT,41:58:33,833,France,FR,,20-34,F
77567.benoit.schrameckodet,Benoit SCHRAMECK ODET,41:58:49,834,France,FR,,20-34,H
57689.alessandro.casiraghi,Alessandro CASIRAGHI,41:59:32,835,Italie,IT,,45-49,H
10761.francois.briere,Francois BRIERE,41:59:40,836,France,FR,,40-44,H
32570.laurent.beauchesne,Laurent BEAUCHESNE,41:59:47,837,France,FR,,40-44,H
32716.alain.bonnouvrier,Alain BONNOUVRIER,41:59:47,838,France,FR,,50-54,H
77568.louis.maynard,Louis MAYNARD,42:00:23,839,France,FR,,50-54,H
77569.herve.nowaczeck,Herve NOWACZECK,42:00:41,840,France,FR,,35-39,H
10587.laurent.amiot,Laurent AMIOT,42:00:49,841,France,FR,,40-44,H
73422.jeanpierre.dufour,Jean-Pierre DUFOUR,42:00:53,842,France,FR,,45-49,H
1125.stephane.wagemans,Stéphane WAGEMANS,42:01:10,843,France,FR,,40-44,H
27712.jeanyves.lebloas,Jean-Yves LE BLOAS,42:01:10,844,France,FR,,45-49,H
44590.karim.boudieb,Karim BOUDIEB,42:02:13,845,France,FR,,20-34,H
77570.sebastien.casu,Sebastien CASU,42:02:16,846,France,FR,,20-34,H
33491.chantal.peters,Chantal PETERS,42:02:41,847,Belgique,BE,,40-44,F
33343.gilles.laurent,Gilles LAURENT,42:04:12,848,France,FR,,40-44,H
33344.frederic.vivier,Frederic VIVIER,42:04:12,849,France,FR,,20-34,H
7667.marc.olaso,Marc OLASO,42:04:20,850,France,FR,,20-34,H
77571.cathy.belhaouane,Cathy BELHAOUANE,42:05:32,851,France,FR,,40-44,F
11718.michele.flage,Michele FLAGE,42:05:44,852,France,FR,,50-54,F
24658.denis.cretin,Denis CRETIN,42:06:00,853,France,FR,,45-49,H
9886.jeanfrancois.coeurjolly,Jean-François COEURJOLLY,42:06:57,854,France,FR,,20-34,H
77572.andrew.addis,Andrew ADDIS,42:07:06,855,Royaume-Uni,GB,,50-54,H
8328.philippe.duclairoir,Philippe DUCLAIROIR,42:07:24,856,France,FR,,45-49,H
7134.jeanpierre.pinguet,Jean-Pierre PINGUET,42:07:38,857,France,FR,,50-54,H
77573.pere.flaque,Pere FLAQUE,42:07:58,858,Espagne,ES,,80+,H
10212.philippe.daubignard,Philippe DAUBIGNARD,42:07:59,859,France,FR,,50-54,H
52068.david.hall,David HALL,42:08:19,860,Royaume-Uni,GB,,40-44,H
24555.thierry.bravard,Thierry BRAVARD,42:09:14,861,France,FR,,40-44,H
41703.francois.bertaux,Francois BERTAUX,42:12:14,862,France,FR,,55-59,H
41679.riad.oudjit,Riad OUDJIT,42:14:57,863,France,FR,,35-39,H
57686.dominique.aru,Dominique ARU,42:14:57,864,France,FR,,45-49,H
77235.alejandro.hernandez,Alejandro HERNANDEZ,42:15:15,865,Espagne,ES,,35-39,H
27204.christophe.leroux,Christophe LE ROUX,42:16:01,866,France,FR,,40-44,H
77574.herve.michel,Herve MICHEL,42:16:17,867,France,FR,,40-44,H
24021.renaud.michel,Renaud MICHEL,42:16:17,868,France,FR,,20-34,H
77575.jean.thiebault,Jean THIEBAULT,42:16:52,869,France,FR,,65-69,H
76613.ludovic.erard,Ludovic ERARD,42:18:03,870,France,FR,,20-34,H
77576.pascale.molla,Pascale MOLLA,42:20:42,871,France,FR,,45-49,F
72553.bruno.debrueres,Bruno DEBRUERES,42:21:36,872,France,FR,,45-49,H
40333.philippe.locci,Philippe LOCCI,42:22:22,873,France,FR,,35-39,H
77131.gianluigi.trivellato,Gianluigi TRIVELLATO,42:22:26,874,Italie,IT,,40-44,H
77577.guy.ecochard,Guy ECOCHARD,42:22:36,875,France,FR,,55-59,H
77578.josette.casteil,Josette CASTEIL,42:22:40,876,France,FR,,50-54,F
11551.philippe.plantie,Philippe PLANTIE,42:22:42,877,France,FR,,40-44,H
6853.jeanmarc.benoit,Jean-Marc BENOIT,42:23:59,878,France,FR,,45-49,H
77579.laurent.arich,Laurent ARICH,42:24:03,879,France,FR,,40-44,H
6789.hubert.vigot,Hubert VIGOT,42:24:15,880,France,FR,,50-54,H
76008.yan.vintrou,Yan VINTROU,42:24:22,881,France,FR,,20-34,H
77580.patrick.aragon,Patrick ARAGON,42:26:07,882,France,FR,,50-54,H
77581.yves.delahaye,Yves DELAHAYE,42:26:17,883,Belgique,BE,,45-49,H
77582.jeanpatrice.roland,Jean-Patrice ROLAND,42:26:18,884,Belgique,BE,,80+,H
9067.luc.lallemand,Luc LALLEMAND,42:26:18,885,Belgique,BE,,45-49,H
74766.marc.natus,Marc NATUS,42:26:19,886,Belgique,BE,,45-49,H
77583.frederic.socquetclerc,Frederic SOCQUET-CLERC,42:26:20,887,France,FR,,20-34,H
19835.giancarlo.beolchi,Giancarlo BEOLCHI,42:27:43,888,Italie,IT,,50-54,H
40067.gilles.mazet,Gilles MAZET,42:29:05,889,France,FR,,60-64,H
77584.damien.fournier,Damien FOURNIER,42:29:14,890,France,FR,,40-44,H
77585.christophe.brunet,Christophe BRUNET,42:29:18,891,France,FR,,35-39,H
77586.erwann.lemercier,Erwann LEMERCIER,42:29:19,892,France,FR,,20-34,H
19935.dieter.baumgart,Dieter BAUMGART,42:29:22,893,Allemagne,DE,,65-69,H
77587.jeancharles.laugt,Jean-Charles LAUGT,42:29:22,894,France,FR,,80+,H
47667.martin.sturzl,Martin STÜRZL,42:29:24,895,Allemagne,DE,,45-49,H
44708.philippe.fleury,Philippe FLEURY,42:31:53,896,France,FR,,40-44,H
77588.christian.moschenross,Christian MOSCHENROSS,42:33:20,897,France,FR,,80+,H
11346.olivier.chalot,Olivier CHALOT,42:35:10,898,France,FR,,35-39,H
44229.philippe.daube,Philippe DAUBE,42:35:16,899,France,FR,,55-59,H
76618.janmaarten.vandenhoek,Jan-Maarten VAN DEN HOEK,42:35:17,900,Pays-Bas,NL,,35-39,H
26533.armand.dede,Armand DEDE,42:35:22,901,France,FR,,45-49,H
28189.charles.grapy,Charles GRAPY,42:35:28,902,France,FR,,45-49,H
76558.kaled.bouamama,Kaled BOUAMAMA,42:35:28,903,France,FR,,80+,H
10990.guillaume.huron,Guillaume HURON,42:36:40,904,France,FR,,45-49,H
72533.michel.lermat,Michel LERMAT,42:37:06,905,France,FR,,20-34,H
77589.laurent.lescaut,Laurent LESCAUT,42:37:09,906,France,FR,,20-34,H
77590.laura.corti,Laura CORTI,42:37:12,907,Italie,IT,,35-39,F
19769.tomas.sanzsanchez,Tomás SANZ SANCHEZ,42:37:18,908,Espagne,ES,,40-44,H
19409.luca.cappuzzo,Luca CAPPUZZO,42:37:35,909,Italie,IT,,20-34,H
28267.andre.balthazard,Andre BALTHAZARD,42:37:57,910,France,FR,,60-64,H
28222.brigitte.pottin,Brigitte POTTIN,42:37:58,911,France,FR,,45-49,F
19177.rainer.wachsmann,Rainer WACHSMANN,42:38:04,912,Allemagne,DE,,40-44,H
77591.kym.mcconnell,Kym MCCONNELL,42:38:12,913,Nouvelle-Zélande,NZ,,35-39,H
77592.gilbert.hugot,Gilbert HUGOT,42:38:19,914,France,FR,,35-39,H
30272.claude.moge,Claude MOGE,42:38:20,915,France,FR,,35-39,H
77593.carlos.garciaprieto,Carlos GARCIA-PRIETO,42:38:25,916,Espagne,ES,,40-44,H
77594.pierre.schrameck,Pierre SCHRAMECK,42:40:57,917,France,FR,,20-34,H
77595.jeanmarc.sauloupnicaise,Jean-Marc SAULOUP-NICAISE,42:41:58,918,France,FR,,20-34,H
77596.arnaud.demoulin,Arnaud DE MOULIN,42:43:31,919,France,FR,,80+,H
877703.maria.munoz,Maria MUNOZ,42:44:33,920,Equateur,EC,,U20,F
42105.marc.millet,Marc MILLET,42:44:56,921,France,FR,,35-39,H
77598.wolfgang.heimann,Wolfgang HEIMANN,42:45:11,922,Allemagne,DE,,45-49,H
77599.jeanmichel.pierron,Jean-Michel PIERRON,42:45:16,923,France,FR,,35-39,H
25827.thierry.lafosse,Thierry LAFOSSE,42:45:19,924,France,FR,,35-39,H
77600.peplluis.molinetmunar,Pep-Lluis MOLINET-MUNAR,42:45:48,925,Espagne,ES,,45-49,H
77601.yves.evain,Yves EVAIN,42:47:20,926,France,FR,,45-49,H
20936.jeancharles.perrin,Jean-Charles PERRIN,42:48:11,927,France,FR,,40-44,H
42911.josette.brochet,Josette BROCHET,42:48:17,928,France,FR,,55-59,F
77602.isabelle.huber,Isabelle HUBER,42:48:38,929,France,FR,,45-49,F
6514.brice.barret,Brice BARRET,42:48:49,930,France,FR,,40-44,H
41589.pierre.lacombe,Pierre LACOMBE,42:48:55,931,France,FR,,45-49,H
996.pierrealain.michel,Pierre-Alain MICHEL,42:49:03,932,France,FR,,55-59,H
74171.jacques.poleni,Jacques POLENI,42:49:29,933,France,FR,,50-54,H
77603.michel.dawirs,Michel DAWIRS,42:49:39,934,Belgique,BE,,45-49,H
77604.stephan.montulet,Stephan MONTULET,42:49:39,935,Belgique,BE,,45-49,H
41047.alain.hue,Alain HUE,42:49:59,936,France,FR,,55-59,H
77605.juanmiguel.molinaangulo,Juan-Miguel MOLINA-ANGULO,42:50:09,937,Espagne,ES,,40-44,H
144761.maik.guenther,Maik GUENTHER,42:51:24,938,Allemagne,DE,,40-44,H
77606.eric.bligny,Eric BLIGNY,42:52:03,939,France,FR,,40-44,H
40735.patrick.janody,Patrick JANODY,42:52:03,940,France,FR,,55-59,H
11004.jean.carron,Jean CARRON,42:52:06,941,France,FR,,50-54,H
44198.michel.thomachot,Michel THOMACHOT,42:53:30,942,France,FR,,55-59,H
72325.dominique.segond,Dominique SEGOND,42:53:51,943,France,FR,,40-44,H
77607.jeandenis.bourrely,Jean-Denis BOURRELY,42:53:51,944,France,FR,,50-54,H
76686.fabien.richard,Fabien RICHARD,42:53:53,945,France,FR,,20-34,H
41429.louis.flohic,Louis FLOHIC,42:55:08,946,France,FR,,50-54,H
24864.herve.dumas,Herve DUMAS,42:56:16,947,France,FR,,20-34,H
77608.philippe.charmette,Philippe CHARMETTE,42:56:20,948,France,FR,,45-49,H
77609.philippe.peccate,Philippe PECCATE,42:58:01,949,France,FR,,50-54,H
77610.yan.chapelaindesereville,Yan CHAPELAIN-DE SEREVILLE,42:58:52,950,France,FR,,80+,H
30400.christian.molin,Christian MOLIN,42:59:19,951,France,FR,,50-54,H
77611.gerard.masclet,Gerard MASCLET,42:59:26,952,France,FR,,50-54,H
42578.jeanmarc.aviolat,Jean-Marc AVIOLAT,43:00:22,953,France,FR,,50-54,H
41261.michel.lenouy,Michel LE NOUY,43:00:56,954,France,FR,,40-44,H
1728205.jose.santos,Jose SANTOS,43:01:34,955,Portugal,PT,,45-49,H
77614.jorge.duarte,Jorge DUARTE,43:01:35,956,Portugal,PT,,20-34,H
39981.serge.ivanova,Serge IVANOVA,43:01:41,957,France,FR,,50-54,H
77315.emmanuel.garnier,Emmanuel GARNIER,43:02:03,958,France,FR,,35-39,H
77615.alain.pithon,Alain PITHON,43:02:08,959,France,FR,,55-59,H
8121.pierre.gonzalez,Pierre GONZALEZ,43:02:35,960,France,FR,,45-49,H
77616.patrice.defiole,Patrice DEFIOLE,43:02:53,961,France,FR,,35-39,H
72667.bertrand.largeron,Bertrand LARGERON,43:03:48,962,France,FR,,40-44,H
77617.tobias.granath,Tobias GRANATH,43:03:56,963,Suède,SE,,20-34,H
77618.louismarie.legeai,Louis-Marie LEGEAI,43:04:45,964,France,FR,,35-39,H
43018.franck.leloup,Franck LELOUP,43:04:48,965,France,FR,,35-39,H
30634.marcoluca.mariani,Marco-Luca MARIANI,43:04:52,966,Italie,IT,,20-34,H
58958.gianluca.bario,Gianluca BARIO,43:04:52,967,Italie,IT,,40-44,H
77619.richard.aubert,Richard AUBERT,43:05:21,968,France,FR,,45-49,H
28068.daniel.vergnes,Daniel VERGNES,43:05:21,969,France,FR,,40-44,H
77620.marc.douarre,Marc DOUARRE,43:05:21,970,France,FR,,45-49,H
77621.jeanmarie.hansen,Jean-Marie HANSEN,43:06:12,971,Belgique,BE,,45-49,H
77622.bruno.piesset,Bruno PIESSET,43:07:33,972,France,FR,,40-44,H
77623.andrew.barnes,Andrew BARNES,43:08:23,973,Royaume-Uni,GB,,20-34,H
77624.joel.berthe,Joel BERTHE,43:09:59,974,France,FR,,50-54,H
28797.corinne.laubert,Corinne LAUBERT,43:10:24,975,France,FR,,40-44,F
41547.alain.bigard,Alain BIGARD,43:10:39,976,France,FR,,35-39,H
77625.philippe.gronier,Philippe GRONIER,43:10:41,977,France,FR,,50-54,H
42381.christian.evain,Christian EVAIN,43:10:45,978,Suisse,CH,,50-54,H
44980.jurgen.fais,Jürgen FAIS,43:10:54,979,Allemagne,DE,,40-44,H
77626.jeanpierre.papin,Jean-Pierre PAPIN,43:11:49,980,France,FR,,50-54,H
77265.juanramon.guerrerocheca,Juan-Ramon GUERRERO-CHECA,43:11:59,981,Espagne,ES,,40-44,H
77627.eric.dubois,Eric DUBOIS,43:12:49,982,France,FR,,35-39,H
77628.stephane.aymard,Stephane AYMARD,43:12:50,983,France,FR,,35-39,H
76819.mickael.marchandise,Mickael MARCHANDISE,43:12:58,984,France,FR,,80+,H
42067.olivia.marchandise,Olivia MARCHANDISE,43:12:58,985,France,FR,,35-39,F
77629.frederic.banik,Frederic BANIK,43:13:59,986,France,FR,,40-44,H
73226.jeanpaul.legendre,Jean-Paul LEGENDRE,43:16:41,987,France,FR,,50-54,H
77630.jurg.schneider,Jürg SCHNEIDER,43:17:21,988,Suisse,CH,,50-54,H
39955.laurent.sturtz,Laurent STURTZ,43:17:40,989,France,FR,,20-34,H
10806.ghislain.dallemagne,Ghislain DALLEMAGNE,43:18:01,990,France,FR,,50-54,H
30350.paulo.deoliveira,Paulo DE OLIVEIRA,43:18:11,991,France,FR,,20-34,H
77631.patrice.mayet,Patrice MAYET,43:19:12,992,France,FR,,80+,H
26761.jeanfrancois.bruzac,Jean-Francois BRUZAC,43:19:37,993,France,FR,,45-49,H
77141.arash.rafii,Arash RAFII,43:20:25,994,France,FR,,20-34,H
19397.ornella.gabrielli,Ornella GABRIELLI,43:20:43,995,Italie,IT,,35-39,F
77632.regis.polosse,Regis POLOSSE,43:24:59,996,France,FR,,50-54,H
48842.franco.soldi,Franco SOLDI,43:25:04,997,Italie,IT,,60-64,H
77633.philippe.tonnelier,Philippe TONNELIER,43:25:16,998,France,FR,,45-49,H
77226.stephane.dumon,Stephane DUMON,43:25:43,999,France,FR,,40-44,H
10368.emilio.carbone,Emilio CARBONE,43:25:45,1000,Italie,IT,,50-54,H
74451.teddy.bosmorin,Teddy BOSMORIN,43:25:48,1001,France,FR,,20-34,H
77634.armel.vrac,Armel VRAC,43:26:35,1002,France,FR,,20-34,H
77202.michel.waldschmidt,Michel WALDSCHMIDT,43:28:15,1003,France,FR,,60-64,H
77635.josepmaria.barnes,Josep-Maria BARNES,43:28:42,1004,Espagne,ES,,80+,H
30561.silviomaria.arzenton,Silvio-Maria ARZENTON,43:28:47,1005,Italie,IT,,40-44,H
74861.francis.beauvallet,Francis BEAUVALLET,43:28:54,1006,France,FR,,50-54,H
77636.louise.bell,Louise BELL,43:29:19,1007,Royaume-Uni,GB,,35-39,F
74309.kathleen.turner,Kathleen TURNER,43:29:19,1008,Royaume-Uni,GB,,50-54,F
72623.david.anglister,David ANGLISTER,43:29:52,1009,France,FR,,35-39,H
72651.stanislas.marchand,Stanislas MARCHAND,43:29:52,1010,France,FR,,80+,H
72627.philippe.noel,Philippe NOEL,43:29:52,1011,France,FR,,40-44,H
179205.edouard.nousbaum,Edouard NOUSBAUM,43:29:53,1012,France,FR,,20-34,H
77637.aisling.coppinger,Aisling COPPINGER,43:30:04,1013,Irlande,IE,,35-39,F
77638.nicole.banse,Nicole BANSE,43:30:48,1014,France,FR,,45-49,F
58090.tony.kiernan,Tony KIERNAN,43:31:19,1015,Irlande,IE,,35-39,H
26238.daniel.berthaud,Daniel BERTHAUD,43:31:54,1016,France,FR,,40-44,H
26363.yann.cheve,Yann CHEVE,43:31:55,1017,France,FR,,35-39,H
76647.francois.castell,Francois CASTELL,43:32:20,1018,France,FR,,40-44,H
77639.christophe.lozano,Christophe LOZANO,43:32:57,1019,France,FR,,20-34,H
9887.jeanmarc.duthoit,Jean Marc DUTHOIT,43:33:38,1020,France,FR,,45-49,H
77640.thierry.geffard,Thierry GEFFARD,43:34:21,1021,France,FR,,45-49,H
24672.thierry.barth,Thierry BARTH,43:35:38,1022,France,FR,,20-34,H
26280.jeanyves.lebris,Jean-Yves LE BRIS,43:35:47,1023,France,FR,,50-54,H
77302.alexandre.gentot,Alexandre GENTOT,43:36:10,1024,France,FR,,40-44,H
6952.francis.destefani,Francis DE STEFANI,43:36:13,1025,France,FR,,60-64,H
263.alexandre.forestieri,Alexandre FORESTIERI,43:36:14,1026,France,FR,,20-34,H
8687.yves.truchet,Yves TRUCHET,43:36:16,1027,France,FR,,20-34,H
71436.gerard.ligeois,Gérard LIGEOIS,43:37:09,1028,France,FR,,50-54,H
77642.joseph.bonnet,Joseph BONNET,43:37:10,1029,France,FR,,60-64,H
77643.antoine.cado,Antoine CADO,43:37:11,1030,France,FR,,55-59,H
31992.carles.conillcortes,Carles CONILL-CORTES,43:37:20,1031,Espagne,ES,,20-34,H
77147.philippe.billard,Philippe BILLARD,43:37:53,1032,France,FR,,35-39,H
40776.stephane.large,Stephane LARGE,43:37:58,1033,France,FR,,20-34,H
6919.fidaa.chaar,Fidaa CHAAR,43:37:58,1034,France,FR,,35-39,H
77644.astrid.bazaille,Astrid BAZAILLE,43:37:58,1035,France,FR,,20-34,F
77023.alexandre.bazaille,Alexandre BAZAILLE,43:38:00,1036,France,FR,,20-34,H
40525.philippe.herisson,Philippe HERISSON,43:38:00,1037,France,FR,,40-44,H
26534.sebastien.delamarre,Sebastien DELAMARRE,43:38:29,1038,France,FR,,20-34,H
77645.edward.gallen,Edward GALLEN,43:38:30,1039,Irlande,IE,,40-44,H
12951.luisalberto.nunezrodriguez,Luis-Alberto NUNEZ-RODRIGUEZ,43:38:31,1040,Espagne,ES,,40-44,H
10870.benoit.daniel,Benoit DANIEL,43:38:57,1041,France,FR,,35-39,H
40307.nicolas.vrolant,Nicolas VROLANT,43:39:19,1042,France,FR,,20-34,H
12782.hansguenter.sadowski,Hans-Guenter SADOWSKI,43:39:27,1043,Allemagne,DE,,45-49,H
20036.alain.plattet,Alain PLATTET,43:43:03,1044,Suisse,CH,,45-49,H
76350.jeanpierre.dulac,Jean-Pierre DULAC,43:43:13,1045,France,FR,,55-59,H
77646.0.n-n,0 N.N,43:43:16,1046,Suède,SE,,80+,H
57740.philippe.pelletier,Philippe PELLETIER,43:43:35,1047,France,FR,,40-44,H
41906.claude.panisset,Claude PANISSET,43:45:13,1048,France,FR,,45-49,H
19121.gerhard.borner,Gerhard BÖRNER,43:46:36,1049,Allemagne,DE,,50-54,H
72690.thomas.herget,Thomas HERGET,43:46:36,1050,Allemagne,DE,,45-49,H
28246.herve.deschamps,Herve DESCHAMPS,43:47:36,1051,France,FR,,35-39,H
77647.jeanpierre.augen,Jean-Pierre AUGEN,43:50:04,1052,France,FR,,45-49,H
77648.francoise.thevenin,Francoise THEVENIN,43:50:22,1053,France,FR,,80+,F
6663.jeanfelix.chevassu,Jean-Félix CHEVASSU,43:50:23,1054,France,FR,,20-34,H
77283.daniel.caudroy,Daniel CAUDROY,43:50:36,1055,France,FR,,60-64,H
77649.dominique.boulle,Dominique BOULLE,43:51:33,1056,France,FR,,80+,H
19239.dietrich.klaassen,Dietrich KLAASSEN,43:51:33,1057,Allemagne,DE,,35-39,H
77650.pierre.desjardins,Pierre DESJARDINS,43:51:33,1058,France,FR,,U18,H
77651.samuel.chapelet,Samuel CHAPELET,43:51:38,1059,France,FR,,20-34,H
40020.jeanmarc.morschel,Jean-Marc MORSCHEL,43:52:04,1060,France,FR,,45-49,H
13973.nicolas.margarot,Nicolas MARGAROT,43:54:11,1061,France,FR,,20-34,H
30426.eric.asser,Eric ASSER,43:54:11,1062,France,FR,,45-49,H
77160.irving.cousin,Irving COUSIN,43:54:39,1063,France,FR,,80+,H
77652.pierrelouis.besson,Pierre-Louis BESSON,43:55:43,1064,France,FR,,50-54,H
20554.thierry.seignol,Thierry SEIGNOL,43:56:01,1065,France,FR,,40-44,H
77168.carlos.atienzaceballos,Carlos ATIENZA-CEBALLOS,43:57:13,1066,Espagne,ES,,35-39,H
13035.carlos.diazcarlus,Carlos DIAZ-CARLUS,43:57:13,1067,Espagne,ES,,40-44,H
30285.luc.serviant,Luc SERVIANT,43:57:17,1068,France,FR,,40-44,H
76826.guy.maujean,Guy MAUJEAN,43:57:42,1069,France,FR,,35-39,H
42558.gilles.thareau,Gilles THAREAU,43:57:44,1070,France,FR,,55-59,H
45306.richard.warpelin,Richard WARPELIN,43:57:51,1071,Suisse,CH,,45-49,H
40739.christine.dadoun,Christine DADOUN,43:57:54,1072,France,FR,,50-54,F
77653.isabelle.leben,Isabelle LEBEN,43:59:07,1073,France,FR,,35-39,F
26429.philippe.ehouarne,Philippe EHOUARNE,43:59:23,1074,France,FR,,35-39,H
77654.herve.mace,Herve MACE,43:59:39,1075,France,FR,,45-49,H
77655.jeanluc.germes,Jean-Luc GERMES,43:59:44,1076,France,FR,,80+,H
9198.regis.astier,Regis ASTIER,43:59:51,1077,France,FR,,35-39,H
77656.mario.outalong,Mario OUTALONG,44:00:57,1078,France,FR,,50-54,H
77225.daniel.mazeau,Daniel MAZEAU,44:01:56,1079,France,FR,,45-49,H
77657.sylvain.dessailly,Sylvain DESSAILLY,44:02:04,1080,France,FR,,20-34,H
28500.serge.marzocchini,Serge MARZOCCHINI,44:03:11,1081,France,FR,,45-49,H
19755.paolo.zecchin,Paolo ZECCHIN,44:03:18,1082,Italie,IT,,35-39,H
76576.richard.leonard,Richard LEONARD,44:03:52,1083,Royaume-Uni,GB,,80+,H
74244.bernard.ferrer,Bernard FERRER,44:04:16,1084,France,FR,,20-34,H
8269.patrick.mathurin,Patrick MATHURIN,44:04:17,1085,France,FR,,35-39,H
77658.jeanbernard.chauvin,Jean-Bernard CHAUVIN,44:04:20,1086,France,FR,,45-49,H
76299.fabio.pertile,Fabio PERTILE,44:04:34,1087,Italie,IT,,35-39,H
38286.jeanlouis.laloyaux,Jean-Louis LALOYAUX,44:04:54,1088,France,FR,,35-39,H
77659.damien.baron,Damien BARON,44:04:54,1089,France,FR,,45-49,H
77660.sylvette.milinkovitch,Sylvette MILINKOVITCH,44:04:55,1090,France,FR,,80+,F
77661.jeanpaul.prudence,Jean-Paul PRUDENCE,44:06:06,1091,France,FR,,55-59,H
77662.bertrand.bonnet,Bertrand BONNET,44:07:02,1092,France,FR,,20-34,H
28268.cedric.georgel,Cedric GEORGEL,44:07:09,1093,France,FR,,20-34,H
41480.jacques.cinquin,Jacques CINQUIN,44:08:26,1094,France,FR,,50-54,H
42775.christophe.buffler,Christophe BUFFLER,44:09:59,1095,France,FR,,40-44,H
25433.yves.gross,Yves GROSS,44:09:59,1096,France,FR,,40-44,H
6209.ludovic.demarez,Ludovic DE MAREZ,44:11:22,1097,France,FR,,35-39,H
77663.wesley.vandijck,Wesley VANDIJCK,44:13:57,1098,Belgique,BE,,20-34,H
26394.philippe.grenon,Philippe GRENON,44:15:01,1099,France,FR,,45-49,H
39127.francois.cabaret,Francois CABARET,44:16:07,1100,France,FR,,45-49,H
77664.agnes.barille,Agnes BARILLE,44:16:14,1101,France,FR,,45-49,F
40381.francisco.castano,Francisco CASTANO,44:17:41,1102,France,FR,,45-49,H
58356.christophe.descateaux,Christophe DESCATEAUX,44:17:51,1103,France,FR,,20-34,H
76874.francois.michel,Francois MICHEL,44:18:09,1104,France,FR,,55-59,H
42901.joel.jacquemain,Joel JACQUEMAIN,44:18:56,1105,France,FR,,50-54,H
77322.bruno.laloue,Bruno LALOUE,44:19:08,1106,France,FR,,55-59,H
41298.thierry.berrube,Thierry BERRUBE,44:19:08,1107,France,FR,,35-39,H
77321.alain.ferchaud,Alain FERCHAUD,44:19:11,1108,France,FR,,45-49,H
76597.italo.orru,Italo ORRU,44:20:46,1109,Italie,IT,,40-44,H
74463.karen.rustenholtz,Karen RUSTENHOLTZ,44:21:28,1110,France,FR,,20-34,F
23378.tony.gilmour,Tony GILMOUR,44:22:10,1111,Nouvelle-Zélande,NZ,,80+,H
77665.jeanlouis.foissy,Jean-Louis FOISSY,44:22:37,1112,France,FR,,45-49,H
6290.david.challange,David CHALLANGE,44:23:32,1113,France,FR,,35-39,H
77666.yves.boutsen,Yves BOUTSEN,44:24:47,1114,Belgique,BE,,45-49,H
77667.tanguy.dethier,Tanguy DE THIER,44:24:48,1115,Belgique,BE,,40-44,H
6464.emmanuel.maillet,Emmanuel MAILLET,44:24:48,1116,France,FR,,20-34,H
77668.giovanni.piovesana,Giovanni PIOVESANA,44:26:10,1117,Italie,IT,,80+,H
42404.thierry.ducrot,Thierry DUCROT,44:26:20,1118,France,FR,,45-49,H
77272.jeanmarc.villeminot,Jean-Marc VILLEMINOT,44:28:06,1119,France,FR,,45-49,H
77297.christophe.bouville,Christophe BOUVILLE,44:28:23,1120,France,FR,,35-39,H
77669.teddy.lavallee,Teddy LAVALLEE,44:28:23,1121,France,FR,,20-34,H
77296.cedric.dubois,Cedric DUBOIS,44:28:24,1122,France,FR,,20-34,H
77670.hubert.dubouloz,Hubert DUBOULOZ,44:28:53,1123,France,FR,,55-59,H
77671.martine.dubouloz,Martine DUBOULOZ,44:28:54,1124,France,FR,,50-54,F
77672.vincent.lelannic,Vincent LE LANNIC,44:29:22,1125,France,FR,,20-34,H
77673.sasa.sujica,Sasa SUJICA,44:31:38,1126,Croatie,HR,,80+,H
40746.benoit.mazin,Benoit MAZIN,44:32:21,1127,France,FR,,20-34,H
77674.yohan.journe,Yohan JOURNE,44:32:21,1128,France,FR,,20-34,H
33340.virginie.duterme,Virginie DUTERME,44:32:21,1129,France,FR,,20-34,F
77675.gilles.frezier,Gilles FREZIER,44:32:35,1130,France,FR,,35-39,H
77676.alain.claude,Alain CLAUDE,44:33:23,1131,France,FR,,45-49,H
41449.jeremy.baron,Jeremy BARON,44:36:22,1132,France,FR,,20-34,H
77677.raphael.froger,Raphael FROGER,44:37:30,1133,France,FR,,20-34,H
42625.herve.vidal,Herve VIDAL,44:37:32,1134,France,FR,,45-49,H
10974.bruno.battist,Bruno BATTIST,44:40:28,1135,France,FR,,50-54,H
40610.philippe.benoist,Philippe BENOIST,44:41:43,1136,France,FR,,40-44,H
1290.jeanfrancois.boissonneau,Jean-François BOISSONNEAU,44:42:34,1137,France,FR,,60-64,H
74303.josehugues.malbec,Jose-Hugues MALBEC,44:42:34,1138,France,FR,,80+,H
19950.hansulrich.wehrli,Hans-Ulrich WEHRLI,44:43:10,1139,Suisse,CH,,45-49,H
77678.stephane.lemaire,Stephane LEMAIRE,44:46:19,1140,France,FR,,35-39,H
20599.jeanmichel.louvet,Jean-Michel LOUVET,44:46:34,1141,France,FR,,50-54,H
77679.wilfried.dupont,Wilfried DUPONT,44:49:44,1142,France,FR,,20-34,H
77680.julien.deloison,Julien DELOISON,44:49:44,1143,France,FR,,20-34,H
48509.jeanlouis.rochat,Jean-Louis ROCHAT,44:50:40,1144,Suisse,CH,,50-54,H
71055.francisco.garcia,Francisco GARCIA,44:52:33,1145,Espagne,ES,,35-39,H
74394.pierre.demeerler,Pierre DE MEERLER,44:53:15,1146,France,FR,,55-59,H
55738.evangelos.valtakis,Evangelos VALTAKIS,44:54:12,1147,Grèce,GR,,35-39,H
10185.jeansebastien.hamel,Jean Sebastien HAMEL,44:54:55,1148,France,FR,,20-34,H
41707.claude.torres,Claude TORRES,44:59:24,1149,France,FR,,50-54,F
76977.pedromanuel.maldonadogonzalez,Pedro-Manuel MALDONADO-GONZALEZ,45:40:41,1150,Espagne,ES,,20-34,H
72727.francois.nousbaum,Francois NOUSBAUM,46:23:06,1151,France,FR,,80+,H
77683.elias.ortigosayanez,Elias ORTIGOSA-YANEZ,46:23:07,1152,Espagne,ES,,20-34,H
