runnerUri,fullname,time,rank,nationality,nationalityCode,index,ageGroup,gender
2704.kilian.jornetburgada,Kilian JORNET BURGADA,21:33:18,1,Espagne,ES,,20-34,H
12616.sebastien.chaigneau,Sebastien CHAIGNEAU,22:36:45,2,France,FR,,35-39,H
2708.tsuyoshi.kaburaki,Tsuyoshi KABURAKI,22:48:36,3,Japon,JP,,40-44,H
11760.ulrich.calmbach,Ulrich CALMBACH,23:10:49,4,Allemagne,DE,,45-49,H
27887.lionel.trivel,Lionel TRIVEL,23:34:28,5,France,FR,,35-39,H
4911197.minehiro.yokoyama,Minehiro YOKOYAMA,23:36:14,6,Japon,JP,,40-44,H
17.csaba.nemeth,Csaba NEMETH,23:45:56,7,Hongrie,HU,,40-44,H
36428.kenichi.yamamoto,Kenichi YAMAMOTO,24:17:49,8,Japon,JP,,20-34,H
6602.herve.giraudsauveur,Herve GIRAUD-SAUVEUR,24:43:26,9,France,FR,,40-44,H
11804.armin.hohenadler,Armin HOHENADLER,24:50:39,10,Allemagne,DE,,35-39,H
14509.krissy.moehl,Krissy MOEHL,24:56:01,11,Etats-Unis,US,,20-34,F
9852.patrick.rey,Patrick REY,25:19:18,12,France,FR,,40-44,H
21555.jim.villiers,Jim VILLIERS,25:25:29,13,Australie,AU,,35-39,H
76402.jordi.martinezdemarsay,Jordi MARTINEZ-DE MARSAY,25:31:43,14,Espagne,ES,,35-39,H
7838.ryan.baumann,Ryan BAUMANN,25:42:20,15,Suisse,CH,,35-39,H
6953.antoine.guillon,Antoine GUILLON,25:45:40,16,France,FR,,35-39,H
32032.francisco.robresmonforte,Francisco ROBRES-MONFORTE,25:53:48,17,Espagne,ES,,35-39,H
12828.elizabeth.hawker,Elizabeth HAWKER,26:04:42,18,Royaume-Uni,GB,,20-34,F
3800.scott.jurek,Scott JUREK,26:07:15,19,Etats-Unis,US,,35-39,H
23491.joe.grant,Joe GRANT,26:07:16,20,Etats-Unis,US,,20-34,H
33407.patrice.baud,Patrice BAUD,26:20:42,21,France,FR,,40-44,H
51169.stuart.mills,Stuart MILLS,26:29:13,22,Royaume-Uni,GB,,45-49,H
40205.michel.cercueil,Michel CERCUEIL,26:31:13,23,France,FR,,35-39,H
3796.topher.gaylord,Topher GAYLORD,26:47:28,24,Etats-Unis,US,,40-44,H
8679.guillaume.nalin,Guillaume NALIN,26:51:33,25,France,FR,,20-34,H
25460.christian.schneider,Christian SCHNEIDER,27:02:48,26,Suisse,CH,,20-34,H
20156.juleshenri.gabioud,Jules-Henri GABIOUD,27:06:21,27,Suisse,CH,,20-34,H
20056.pillonel.etienne,Etienne PILLONEL (Pillonel ETIENNE),27:16:33,28,Suisse,CH,,35-39,H
76187.igor.bucek,Igor BUCEK,27:23:50,29,Slovaquie,SK,,45-49,H
8776.sebastien.farano,Sebastien FARANO,27:26:10,30,France,FR,,35-39,H
10529.bruno.bottollier,Bruno BOTTOLLIER,27:31:02,31,France,FR,,40-44,H
20957.silvano.fedel,Silvano FEDEL,27:44:37,32,Italie,IT,,40-44,H
41915.marc.paturel,Marc PATUREL,27:46:10,33,France,FR,,20-34,H
19957.yan.balduchelli,Yan BALDUCHELLI,27:46:31,34,Suisse,CH,,20-34,H
63467.jens.lukas,Jens LUKAS,27:52:08,35,Allemagne,DE,,40-44,H
60001.arnau.juliabonmati,Arnau JULIA-BONMATI,27:53:52,36,Espagne,ES,,35-39,H
28572.laurent.gueraud,Laurent GUERAUD,27:57:41,37,France,FR,,40-44,H
19263.tamas.karlowitsjuhasz,Tamas KARLOWITS-JUHASZ,28:00:14,38,Hongrie,HU,,20-34,H
21221.danilo.braghini,Danilo BRAGHINI,28:00:47,39,Italie,IT,,45-49,H
20167.yvan.sand,Yvan SAND,28:03:47,40,France,FR,,20-34,H
76404.david.montparlermartinez,David MONTPARLER-MARTINEZ,28:04:57,41,Espagne,ES,,80+,H
7062.michel.verhaeghe,Michel VERHAEGHE,28:08:08,42,France,FR,,20-34,H
9851.frederic.cantin,Frederic CANTIN,28:11:01,43,France,FR,,35-39,H
76405.gilles.icart,Gilles ICART,28:17:21,44,France,FR,,45-49,H
70530.alois.leitner,Alois LEITNER,28:25:08,45,Autriche,AT,,45-49,H
11755.jesusagelvis.zerpaguillen,Jesus-Agelvis ZERPA-GUILLEN,28:35:07,46,Venezuela,VE,,45-49,H
10652.marcel.collet,Marcel COLLET,28:39:40,47,France,FR,,50-54,H
19272.christophe.magliano,Christophe MAGLIANO,28:48:27,48,France,FR,,45-49,H
7456.josepmaria.cabanascoma,Josep-Maria CABANAS-COMA,28:50:00,49,Espagne,ES,,35-39,H
76406.agustinangel.merchantealfaro,Agustin-Angel MERCHANTE-ALFARO,28:57:59,50,Espagne,ES,,80+,H
28120.maxime.ramstein,Maxime RAMSTEIN,29:12:34,51,Suisse,CH,,20-34,H
2396491.yann.richard,Yann RICHARD,29:12:34,52,France,FR,,35-39,H
7075.eric.bertrand,Eric BERTRAND,29:16:55,53,France,FR,,40-44,H
51947.iain.ridgway,Iain RIDGWAY,29:16:55,54,Royaume-Uni,GB,,20-34,H
12304.monica.aguileraviladomiu,Monica AGUILERA-VILADOMIU,29:17:31,55,Espagne,ES,,35-39,F
27377.eric.berruer,Eric BERRUER,29:18:24,56,France,FR,,20-34,H
44279.tor.almgren,Tor ALMGREN,29:18:46,57,Suède,SE,,45-49,H
76407.rafael.derwinabbott,Rafael DERWIN-ABBOTT,29:26:47,58,Royaume-Uni,GB,,20-34,H
76408.philippe.ciapa,Philippe CIAPA,29:27:55,59,France,FR,,45-49,H
51176.george.cairns,George CAIRNS,29:33:37,60,Royaume-Uni,GB,,40-44,H
30042.frederic.bare,Frederic BARE,29:40:24,61,France,FR,,35-39,H
73854.santiago.vallejorodriguez,Santiago VALLEJO-RODRIGUEZ,29:41:19,62,Espagne,ES,,80+,H
42642.christophe.meier,Christophe MEIER,29:45:00,63,Suisse,CH,,35-39,H
55908.loukas.konstas,Loukas KONSTAS,29:47:06,64,Grèce,GR,,40-44,H
55348.nikolaos.petropoulos,Nikolaos PETROPOULOS,29:47:06,65,Grèce,GR,,40-44,H
13096.pablo.criadotoca,Pablo CRIADO TOCA,29:51:33,66,Espagne,ES,,20-34,H
42701.loic.blondeau,Loic BLONDEAU,29:52:12,67,France,FR,,20-34,H
73838.rafael.martingarcia,Rafael MARTIN-GARCIA,29:52:14,68,Espagne,ES,,40-44,H
6642.jerome.bereziat,Jerome BEREZIAT,29:54:59,69,France,FR,,35-39,H
42497.jeanpierre.perret,Jean-Pierre PERRET,29:59:13,70,France,FR,,20-34,H
40206.guillaume.millet,Guillaume MILLET,29:59:14,71,France,FR,,40-44,H
24014.avelino.alveslima,Avelino ALVES-LIMA,30:05:54,72,France,FR,,45-49,H
24567.serge.locatelli,Serge LOCATELLI,30:14:55,73,France,FR,,40-44,H
41769.patrick.boinon,Patrick BOINON,30:14:55,74,France,FR,,45-49,H
20180.pascal.lauber,Pascal LAUBER,30:15:19,75,Suisse,CH,,35-39,H
76410.raul.angulorovira,Raul ANGULO-ROVIRA,30:16:12,76,Espagne,ES,,20-34,H
28118.jerome.ballu,Jerome BALLU,30:16:13,77,France,FR,,35-39,H
16.christophe.lesaux,Christophe LE SAUX,30:20:51,78,France,FR,,35-39,H
10732.jeanluc.pigeault,Jean-Luc PIGEAULT,30:23:27,79,France,FR,,50-54,H
74975.daniel.rigaud,Daniel RIGAUD,30:24:51,80,France,FR,,35-39,H
24024.lionel.bonnefous,Lionel BONNEFOUS,30:24:54,81,France,FR,,35-39,H
20065.daniel.biollaz,Daniel BIOLLAZ,30:25:08,82,France,FR,,35-39,H
33439.didier.roult,Didier ROULT,30:25:16,83,France,FR,,50-54,H
19960.pascal.pittet,Pascal PITTET,30:31:11,84,Suisse,CH,,40-44,H
6661.olivier.fabre,Olivier FABRE,30:31:14,85,France,FR,,20-34,H
53188.timothy.englund,Timothy ENGLUND,30:31:29,86,Etats-Unis,US,,40-44,H
75936.paul.maisonnier,Paul MAISONNIER,30:37:20,87,France,FR,,40-44,H
28579.gilles.rubiloni,Gilles RUBILONI,30:40:46,88,France,FR,,45-49,H
44891.carluccio.bordoni,Carluccio BORDONI,30:42:28,89,Italie,IT,,55-59,H
60006.matthew.davis,Matthew DAVIS,30:43:08,90,Royaume-Uni,GB,,35-39,H
21210.matteo.bertoli,Matteo BERTOLI,30:43:48,91,Italie,IT,,40-44,H
76411.pascal.bessin,Pascal BESSIN,30:46:26,92,France,FR,,40-44,H
24576.jeanpierre.mengel,Jean-Pierre MENGEL,30:46:26,93,France,FR,,40-44,H
60003.ross.litherland,Ross LITHERLAND,30:55:48,94,Royaume-Uni,GB,,20-34,H
57830.andrew.coulthurst,Andrew COULTHURST,30:56:08,95,Royaume-Uni,GB,,20-34,H
10434.david.benech,David BENECH,30:57:34,96,France,FR,,35-39,H
41961.gabriel.savary,Gabriel SAVARY,30:57:50,97,Suisse,CH,,20-34,H
32039.vicente.roigrosell,Vicente ROIG-ROSELL,30:58:28,98,Espagne,ES,,20-34,H
52622.mark.palmer,Mark PALMER,30:59:19,99,Royaume-Uni,GB,,45-49,H
76413.valentinantonio.pedregalprados,Valentin-Antonio PEDREGAL-PRADOS,31:03:56,100,Espagne,ES,,40-44,H
25964.thierry.mercereau,Thierry MERCEREAU,31:07:21,101,France,FR,,40-44,H
42787.jeanmarc.dossot,Jean-Marc DOSSOT,31:07:21,102,France,FR,,50-54,H
1334879.pierre.prostapetit,Pierre PROST-A-PETIT,31:11:09,103,Suisse,CH,,40-44,H
10178.eric.haumann,Eric HAUMANN,31:12:18,104,France,FR,,45-49,H
7641.jeancyrille.totma,Jean-Cyrille TOTMA,31:13:18,105,France,FR,,40-44,H
6303.philippe.palous,Philippe PALOUS,31:16:37,106,France,FR,,40-44,H
12641.denise.zimmermann,Denise ZIMMERMANN,31:16:38,107,Suisse,CH,,20-34,F
72315.runar.gilberg,Runar GILBERG,31:19:22,108,Norvège,NO,,40-44,H
11507.laurent.doussot,Laurent DOUSSOT,31:23:29,109,France,FR,,40-44,H
75982.brian.melia,Brian MELIA,31:24:34,110,Royaume-Uni,GB,,45-49,H
19892.nicolas.dostriche,Nicolas DOSTRICHE,31:25:18,111,Belgique,BE,,20-34,H
76414.renaud.vanwetter,Renaud VAN WETTER,31:25:18,112,Belgique,BE,,35-39,H
42717.frederic.duboux,Frederic DUBOUX,31:28:17,113,Suisse,CH,,40-44,H
41171.franck.herbron,Franck HERBRON,31:28:51,114,France,FR,,35-39,H
8777.antoine.nabonnand,Antoine NABONNAND,31:32:10,115,France,FR,,20-34,H
42991.gilles.errotabereaesain,Gilles ERROTABEREA-ESAIN,31:32:10,116,France,FR,,40-44,H
21070.gianluca.belardini,Gianluca BELARDINI,31:37:27,117,Italie,IT,,35-39,H
41856.jeanfrancois.hudry,Jean-Francois HUDRY,31:37:33,118,France,FR,,45-49,H
76415.stephan.pitscheider,Stephan PITSCHEIDER,31:38:09,119,Italie,IT,,50-54,H
8306.benoit.catala,Benoit CATALA,31:40:34,120,France,FR,,35-39,H
21280.gustavo.sangiorgi,Gustavo SANGIORGI,31:41:09,121,Italie,IT,,45-49,H
76416.bart.vandewater,Bart VAN DE WATER,31:42:24,122,Belgique,BE,,40-44,H
32247.jose.mestrealemany,Jose MESTRE-ALEMANY,31:42:49,123,Espagne,ES,,35-39,H
19884.michael.misteli,Michael MISTELI,31:44:05,124,Suisse,CH,,45-49,H
12283.mohamad.ahansal,Mohamad AHANSAL,31:47:37,125,Maroc,MA,,35-39,H
42494.yann.exertier,Yann EXERTIER,31:48:37,126,France,FR,,20-34,H
1242809.fredrik.olmqvist,Fredrik OLMQVIST,31:48:59,127,Suède,SE,,40-44,H
24609.thierry.kuhn,Thierry KUHN,31:49:19,128,France,FR,,50-54,H
24611.christophe.marchand,Christophe MARCHAND,31:49:19,129,France,FR,,35-39,H
41971.thomas.colleter,Thomas COLLETER,31:49:36,130,France,FR,,35-39,H
581194.emmanuel.remy,Emmanuel REMY,31:52:34,131,France,FR,,40-44,H
26503.eric.boucher,Eric BOUCHER,31:56:34,132,France,FR,,40-44,H
11532.roland.poly,Roland POLY,31:56:48,133,France,FR,,55-59,H
13366.ramon.rierolacasadevall,Ramon RIEROLA-CASADEVALL,31:57:19,134,Espagne,ES,,35-39,H
76418.christophe.wislet,Christophe WISLET,32:00:52,135,Belgique,BE,,40-44,H
76419.joaquin.dosantoscalvo,Joaquin DOSANTOS-CALVO,32:02:50,136,Espagne,ES,,20-34,H
10709.bruno.croset,Bruno CROSET,32:03:03,137,France,FR,,50-54,H
42725.yannick.gagneret,Yannick GAGNERET,32:03:15,138,France,FR,,35-39,H
40218.marc.lauze,Marc LAUZE,32:03:20,139,France,FR,,40-44,H
,Anonymous,32:04:52,140,Espagne,ES,,20-34,H
11809.angel.morenogalvez,Angel MORENO-GALVEZ,32:05:34,141,Espagne,ES,,55-59,H
13587.inaki.perezmedina,Iñaki PEREZ-MEDINA,32:05:34,142,Espagne,ES,,35-39,H
7674.jerome.gouffrant,Jerome GOUFFRANT,32:08:01,143,France,FR,,40-44,H
10407.laurent.valette,Laurent VALETTE,32:08:54,144,France,FR,,40-44,H
13355.francisco.pazotorres,Francisco PAZO TORRES,32:12:46,145,Espagne,ES,,20-34,H
19048.ernesto.sicurelli,Ernesto SICURELLI,32:12:54,146,Suisse,CH,,60-64,H
7226.salvador.vilalta,Salvador VILALTA,32:15:49,147,Espagne,ES,,20-34,H
18982.friedrich.schmidthaler,Friedrich SCHMIDTHALER,32:18:10,148,Autriche,AT,,45-49,H
72407.james.archbold,James ARCHBOLD,32:20:27,149,Royaume-Uni,GB,,45-49,H
41867.didier.delemontez,Didier DELEMONTEZ,32:21:09,150,France,FR,,50-54,H
41492.nicolas.charretier,Nicolas CHARRETIER,32:23:25,151,France,FR,,45-49,H
8131.emmanuel.denis,Emmanuel DENIS,32:23:26,152,France,FR,,20-34,H
18976.thomas.wagner,Thomas WAGNER,32:24:31,153,Autriche,AT,,20-34,H
10722.alain.favre,Alain FAVRE,32:25:04,154,France,FR,,40-44,H
20066.adrien.schluchter,Adrien SCHLUCHTER,32:26:33,155,Suisse,CH,,55-59,H
13501.joseantonio.carmenesbenitez,Jose-Antonio CARMENES-BENITEZ,32:27:00,156,Espagne,ES,,35-39,H
76423.freddy.serveaux,Freddy SERVEAUX,32:28:47,157,France,FR,,35-39,H
7156.pierre.aubery,Pierre AUBERY,32:29:26,158,France,FR,,35-39,H
2340.arturs.veics,Arturs VEICS,32:30:47,159,Lettonie,LV,,20-34,H
583206.mark.gilligan,Mark GILLIGAN,32:34:34,160,Etats-Unis,US,,35-39,H
334198.javier.sahuquillofalco,Javier SAHUQUILLO FALCO,32:36:24,161,Espagne,ES,,35-39,H
70353.georg.weiss,Georg WEISS,32:37:34,162,Allemagne,DE,,45-49,H
6626.thierry.tescari,Thierry TESCARI,32:40:09,163,France,FR,,40-44,H
76425.jesus.orovionaranjo,Jesus OROVIO-NARANJO,32:40:13,164,Espagne,ES,,40-44,H
8163.gilles.bertrand,Gilles BERTRAND,32:41:33,165,France,FR,,50-54,H
6644.georges.goutagny,Georges GOUTAGNY,32:42:50,166,France,FR,,45-49,H
6456.julien.rizzotto,Julien RIZZOTTO,32:49:11,167,France,FR,,20-34,H
51239.alan.lucker,Alan LUCKER,32:52:18,168,Royaume-Uni,GB,,35-39,H
10551.florent.maire,Florent MAIRE,32:53:12,169,France,FR,,40-44,H
8687.yves.truchet,Yves TRUCHET,32:55:52,170,France,FR,,35-39,H
32932.stephane.tabuteau,Stephane TABUTEAU,32:56:34,171,France,FR,,40-44,H
43834.xavier.peziere,Xavier PEZIERE,32:57:55,172,France,FR,,50-54,H
2478.frederic.jouband,Frederic JOUBAND,32:58:56,173,France,FR,,35-39,H
11468.herve.assadi,Herve ASSADI,33:00:30,174,France,FR,,40-44,H
7066.helian.soulier,Helian SOULIER,33:03:04,175,France,FR,,50-54,H
7461.denis.stricot,Denis STRICOT,33:03:28,176,France,FR,,45-49,H
76426.sebastien.desserey,Sebastien DESSEREY,33:05:21,177,France,FR,,20-34,H
76427.paul.blanchet,Paul BLANCHET,33:06:47,178,France,FR,,35-39,H
100.jeanphilippe.lefief,Jean-Philippe LEFIEF,33:07:50,179,France,FR,,40-44,H
48764.vincent.derivaz,Vincent DERIVAZ,33:09:22,180,Suisse,CH,,35-39,H
73844.herve.monnier,Herve MONNIER,33:10:39,181,France,FR,,35-39,H
76428.giles.gamble,Giles GAMBLE,33:13:57,182,Royaume-Uni,GB,,40-44,H
44477.lionel.ayme,Lionel AYME,33:13:57,183,France,FR,,35-39,H
6617.walter.jeannin,Walter JEANNIN,33:14:05,184,France,FR,,40-44,H
7872.vincent.chautard,Vincent CHAUTARD,33:14:46,185,France,FR,,20-34,H
30023.audrey.ehanno,Audrey EHANNO,33:17:53,186,France,FR,,20-34,F
43591.julia.roussetsouque,Julia ROUSSET-SOUQUE,33:17:53,187,France,FR,,20-34,F
48811.matthieu.poittevin,Matthieu POITTEVIN,33:18:04,188,France,FR,,35-39,H
76429.atis.plakans,Atis PLAKANS,33:18:16,189,Lettonie,LV,,40-44,H
6311.emmanuel.bonnard,Emmanuel BONNARD,33:18:51,190,France,FR,,40-44,H
30076.hugues.ibos,Hugues IBOS,33:18:52,191,France,FR,,40-44,H
24203.pierre.mialocq,Pierre MIALOCQ,33:18:52,192,France,FR,,50-54,H
6631.gerard.rotge,Gerard ROTGE,33:20:37,193,France,FR,,55-59,H
29779.cristina.carvalho,Cristina CARVALHO,33:23:13,194,Brésil,BR,,20-34,F
34743.pierre.geriniere,Pierre GERINIERE,33:23:31,195,France,FR,,45-49,H
20755.jeanmarc.perret,Jean-Marc PERRET,33:23:31,196,France,FR,,55-59,H
76430.pascal.bret,Pascal BRET,33:25:19,197,France,FR,,20-34,H
19900.laurent.giuliani,Laurent GIULIANI,33:26:07,198,Suisse,CH,,40-44,H
11505.eric.henry,Eric HENRY,33:28:39,199,France,FR,,40-44,H
19955.matthias.lehmann,Matthias LEHMANN,33:30:42,200,Suisse,CH,,20-34,H
76431.christophe.dedouche,Christophe DEDOUCHE,33:30:43,201,France,FR,,80+,H
6701.bernard.ginetti,Bernard GINETTI,33:32:00,202,Belgique,BE,,45-49,H
19035.karl.ziegelmeier,Karl ZIEGELMEIER,33:32:07,203,Allemagne,DE,,50-54,H
31640.toni.banoscastillo,Toni BANOS-CASTILLO,33:33:43,204,Espagne,ES,,35-39,H
30039.bruno.mollaret,Bruno MOLLARET,33:35:37,205,France,FR,,45-49,H
47860.volker.schillings,Volker SCHILLINGS,33:36:07,206,Allemagne,DE,,20-34,H
18968.christian.zimmer,Christian ZIMMER,33:36:08,207,Allemagne,DE,,20-34,H
76432.antonio.luqueaguilar,Antonio LUQUE-AGUILAR,33:37:47,208,Espagne,ES,,35-39,H
76433.nadal.serravicens,Nadal SERRA-VICENS,33:37:47,209,Espagne,ES,,40-44,H
26842.claude.salmon,Claude SALMON,33:39:19,210,France,FR,,45-49,H
76434.peter.summers,Peter SUMMERS,33:39:21,211,Royaume-Uni,GB,,40-44,H
29992.mathieu.gobaille,Mathieu GOBAILLE,33:40:25,212,France,FR,,20-34,H
42859.remi.kuentzmann,Remi KUENTZMANN,33:44:09,213,France,FR,,50-54,H
30355.jeanlouis.falquy,Jean-Louis FALQUY,33:44:54,214,France,FR,,40-44,H
29988.jeanclaude.letellier,Jean-Claude LETELLIER,33:44:55,215,France,FR,,35-39,H
29995.giorgio.festa,Giorgio FESTA,33:46:18,216,Italie,IT,,35-39,H
3756.ludovic.frattini,Ludovic FRATTINI,33:46:43,217,France,FR,,20-34,H
7667.marc.olaso,Marc OLASO,33:48:50,218,France,FR,,35-39,H
25246.francis.baudet,Francis BAUDET,33:51:47,219,France,FR,,55-59,H
76435.josep.serramateu,Josep SERRA-MATEU,33:53:44,220,Espagne,ES,,40-44,H
12721.nuno.goncalves,Nuno GONCALVES,33:58:24,221,Portugal,PT,,40-44,H
11841.gotzon.ansoleagaurrutia,Gotzon ANSOLEAGA-URRUTIA,34:00:56,222,Espagne,ES,,35-39,H
76436.nathalie.olasagasti,Nathalie OLASAGASTI,34:03:13,223,France,FR,,35-39,F
460.eric.vervier,Eric VERVIER,34:03:16,224,Belgique,BE,,40-44,H
194561.bernard.lejeune,Bernard LEJEUNE,34:03:16,225,Belgique,BE,,35-39,H
21295.massimiliano.fancoli,Massimiliano FANCOLI,34:04:01,226,Italie,IT,,20-34,H
11658.werner.schweizer,Werner SCHWEIZER,34:07:29,227,Suisse,CH,,70-74,H
41614.eric.feminier,Eric FEMINIER,34:08:04,228,France,FR,,45-49,H
474474.dai.yagishita,Dai YAGISHITA,34:09:36,229,Japon,JP,,35-39,H
70649.johann.holzinger,Johann HOLZINGER,34:17:37,230,Autriche,AT,,45-49,H
8500.gideon.zadoks,Gideon ZADOKS,34:17:49,231,Pays-Bas,NL,,40-44,H
19031.stefan.mair,Stefan MAIR,34:19:36,232,Autriche,AT,,40-44,H
37637.david.paillette,David PAILLETTE,34:21:03,233,France,FR,,35-39,H
28122.yann.gaumont,Yann GAUMONT,34:21:03,234,France,FR,,20-34,H
32935.sully.esther,Sully ESTHER,34:21:43,235,France,FR,,50-54,H
76438.bernard.fouillat,Bernard FOUILLAT,34:25:38,236,France,FR,,40-44,H
48431.ralf.knodel,Ralf KNODEL,34:27:40,237,Allemagne,DE,,45-49,H
986097.nicolas.desplanches,Nicolas DESPLANCHES,34:29:19,238,France,FR,,40-44,H
1586087.chigaya.mase,Chigaya MASE,34:30:02,239,Japon,JP,,40-44,F
76439.herve.mallet,Herve MALLET,34:30:32,240,France,FR,,40-44,H
2557.bruno.xavier,Bruno XAVIER,34:32:03,241,France,FR,,35-39,H
9031.farid.baha,Farid BAHA,34:34:49,242,France,FR,,50-54,H
11127.franck.dorne,Franck DORNE,34:36:14,243,France,FR,,45-49,H
11200.christophe.arlot,Christophe ARLOT,34:36:24,244,France,FR,,40-44,H
76440.daniel.egli,Daniel EGLI,34:36:39,245,Suisse,CH,,40-44,H
65300.gilbert.fournier,Gilbert FOURNIER,34:38:59,246,Suisse,CH,,40-44,H
25986.vincent.bassard,Vincent BASSARD,34:40:12,247,France,FR,,40-44,H
73968.vincent.voisin,Vincent VOISIN,34:41:30,248,France,FR,,20-34,H
24080.bernard.donzel,Bernard DONZEL,34:47:21,249,France,FR,,55-59,H
48818.silvio.bertone,Silvio BERTONE,34:49:30,250,Italie,IT,,40-44,H
13893.luis.leite,Luis LEITE,34:51:11,251,Portugal,PT,,20-34,H
76010.erwin.thuer,Erwin THUER,34:51:55,252,Suisse,CH,,55-59,H
26606.claude.vilquin,Claude VILQUIN,34:52:38,253,France,FR,,55-59,H
24675.olivier.longue,Olivier LONGUE,34:54:43,254,France,FR,,40-44,H
40310.mongi.hamri,Mongi HAMRI,34:55:07,255,France,FR,,40-44,H
76442.txema.colomerlopez,Txema COLOMER-LOPEZ,34:55:55,256,Espagne,ES,,40-44,H
76443.dan.booth,Dan BOOTH,34:56:43,257,Royaume-Uni,GB,,20-34,H
24596.gabriel.abbey,Gabriel ABBEY,34:57:54,258,France,FR,,35-39,H
37843.jean.barillot,Jean BARILLOT,35:00:43,259,France,FR,,35-39,H
42003.ludovic.ducerf,Ludovic DUCERF,35:01:27,260,France,FR,,40-44,H
11616.philippe.miquel,Philippe MIQUEL,35:01:44,261,France,FR,,40-44,H
72325.dominique.segond,Dominique SEGOND,35:05:40,262,France,FR,,45-49,H
76444.xavier.renault,Xavier RENAULT,35:07:31,263,France,FR,,40-44,H
76186.joseramon.ortizgonzalezcarballo,Jose-Ramon ORTIZ-GONZALEZ-CARBALLO,35:12:05,264,Espagne,ES,,20-34,H
76445.ismael.molina,Ismael MOLINA,35:12:26,265,Espagne,ES,,20-34,H
32072.santiago.estellerarin,Santiago ESTELLER-ARIN,35:14:15,266,Espagne,ES,,50-54,H
30296.christian.chevalier,Christian CHEVALIER,35:14:28,267,France,FR,,45-49,H
2583.pierre.kaftandjian,Pierre KAFTANDJIAN,35:14:57,268,France,FR,,35-39,H
1191.olivier.gruffaz,Olivier GRUFFAZ,35:18:46,269,France,FR,,40-44,H
210.corinne.gruffaz,Corinne GRUFFAZ,35:18:47,270,France,FR,,35-39,F
568.francois.combeau,François COMBEAU,35:27:38,271,France,FR,,35-39,H
27405.lionel.thomas,Lionel THOMAS,35:31:27,272,France,FR,,35-39,H
39429.erwan.rouxel,Erwan ROUXEL,35:31:28,273,France,FR,,35-39,H
14106.franck.heuze,Franck HEUZE,35:33:42,274,France,FR,,40-44,H
76446.paul.hainsworth,Paul HAINSWORTH,35:38:15,275,Royaume-Uni,GB,,50-54,H
19619.mariagiovanna.cerutti,Maria-Giovanna CERUTTI,35:41:16,276,Italie,IT,,50-54,F
59016.josef.mussi,Josef MUSSI,35:41:16,277,Italie,IT,,35-39,H
29998.benedicte.paturel,Benedicte PATUREL,35:41:16,278,France,FR,,35-39,F
76447.manuel.munozadell,Manuel MUNOZ-ADELL,35:42:07,279,Espagne,ES,,80+,H
41593.patrick.dechet,Patrick DECHET,35:43:26,280,France,FR,,45-49,H
26678.pierre.seigneurin,Pierre SEIGNEURIN,35:47:16,281,France,FR,,50-54,H
1819325.xavi.marina,Xavi MARINA,35:49:34,282,Espagne,ES,,20-34,H
8686.cedric.fraval,Cedric FRAVAL,35:50:01,283,France,FR,,20-34,H
33420.thierry.guittet,Thierry GUITTET,35:50:42,284,France,FR,,45-49,H
74358.emilio.vizcainohungria,Emilio VIZCAINO-HUNGRIA,35:54:07,285,Espagne,ES,,40-44,H
76449.christophe.mathevet,Christophe MATHEVET,35:54:44,286,France,FR,,45-49,H
8688.alexandre.vanausloos,Alexandre VAN AUSLOOS,35:55:13,287,France,FR,,35-39,H
76450.thierry.morel,Thierry MOREL,35:55:26,288,France,FR,,40-44,H
23476.philip.murphy,Philip MURPHY,35:55:49,289,Australie,AU,,40-44,H
24610.stephane.doutreleau,Stephane DOUTRELEAU,35:59:43,290,France,FR,,40-44,H
27965.julien.champigny,Julien CHAMPIGNY,36:01:27,291,France,FR,,20-34,H
130.laszlo.fridrich,Laszlo FRIDRICH,36:01:38,292,Hongrie,HU,,20-34,H
76451.joan.adroverforteza,Joan ADROVER-FORTEZA,36:05:08,293,Espagne,ES,,80+,H
21277.alessandro.montani,Alessandro MONTANI,36:05:30,294,Italie,IT,,35-39,H
9935.nicolas.rosset,Nicolas ROSSET,36:06:55,295,France,FR,,40-44,H
41738.eric.cachan,Eric CACHAN,36:08:28,296,France,FR,,45-49,H
8591.laurent.coussy,Laurent COUSSY,36:08:43,297,France,FR,,40-44,H
51290.mark.brooks,Mark BROOKS,36:08:45,298,Royaume-Uni,GB,,40-44,H
2034441.benoit.phalippou,Benoit PHALIPPOU,36:09:34,299,France,FR,,20-34,H
20202.pierreandre.magnin,Pierre-Andre MAGNIN,36:10:04,300,Suisse,CH,,45-49,H
28128.florence.golaygeymond,Florence GOLAY-GEYMOND,36:10:52,301,Suisse,CH,,35-39,F
28144.yves.golay,Yves GOLAY,36:10:52,302,Suisse,CH,,35-39,H
22670.hiroko.suzuki,Hiroko SUZUKI,36:11:07,303,Japon,JP,,20-34,F
24058.philippe.raynaud,Philippe RAYNAUD,36:18:06,304,France,FR,,40-44,H
380167.philippe.moinard,Philippe MOINARD,36:18:09,305,France,FR,,40-44,H
76452.mariogiovanni.moratto,Mario-Giovanni MORATTO,36:18:32,306,France,FR,,50-54,H
12656.matt.neale,Matt NEALE,36:18:44,307,Royaume-Uni,GB,,35-39,H
26515.christophe.fournier,Christophe FOURNIER,36:21:00,308,France,FR,,40-44,H
6663.jeanfelix.chevassu,Jean-Félix CHEVASSU,36:21:00,309,France,FR,,35-39,H
41277.patrice.petiau,Patrice PETIAU,36:21:01,310,France,FR,,45-49,H
41670.gabriele.bortolotto,Gabriele BORTOLOTTO,36:22:25,311,Italie,IT,,35-39,H
,Anonymous,36:22:25,312,Italie,IT,,35-39,H
75957.jesusemiliano.martinpozas,Jesus Emiliano MARTIN POZAS,36:23:18,313,Espagne,ES,,45-49,H
76453.vincent.denise,Vincent DENISE,36:24:11,314,France,FR,,20-34,H
33426.franck.horentguerra,Franck HORENT-GUERRA,36:24:23,315,France,FR,,35-39,H
76454.moises.viera,Moises VIERA,36:26:08,316,Espagne,ES,,20-34,H
76455.fernando.gonzalezdiaz,Fernando GONZALEZ-DIAZ,36:26:08,317,Espagne,ES,,35-39,H
12987.alberto.rodriguezcastro,Alberto RODRIGUEZ-CASTRO,36:26:09,318,Espagne,ES,,35-39,H
62353.walter.modinger,Walter MÖDINGER,36:26:20,319,Allemagne,DE,,50-54,H
39446.jacky.peche,Jacky PECHE,36:29:26,320,France,FR,,55-59,H
76456.xavier.chau,Xavier CHAU,36:32:59,321,France,FR,,45-49,H
9901.christophe.querry,Christophe QUERRY,36:33:00,322,France,FR,,35-39,H
21290.luca.quagini,Luca QUAGINI,36:35:04,323,Italie,IT,,80+,H
30493.paolo.vettori,Paolo VETTORI,36:35:04,324,Italie,IT,,50-54,H
26642.hubert.piel,Hubert PIEL,36:37:02,325,France,FR,,45-49,H
28218.edmond.ouvrierneyret,Edmond OUVRIER-NEYRET,36:38:17,326,France,FR,,45-49,H
8546.chiara.colonnello,Chiara COLONNELLO,36:39:54,327,Italie,IT,,40-44,F
20206.denis.formaz,Denis FORMAZ,36:40:05,328,Suisse,CH,,35-39,H
73867.thierry.vuagnoux,Thierry VUAGNOUX,36:41:06,329,France,FR,,40-44,H
36464.junichi.seki,Junichi SEKI,36:41:12,330,Japon,JP,,35-39,H
75955.bruno.doridant,Bruno DORIDANT,36:44:13,331,France,FR,,45-49,H
76457.lionel.auberix,Lionel AUBERIX,36:45:38,332,France,FR,,35-39,H
8835.roland.crenn,Roland CRENN,36:45:39,333,France,FR,,50-54,H
76458.denis.ravier,Denis RAVIER,36:45:39,334,France,FR,,50-54,H
74377.eric.leroux,Eric LE ROUX,36:45:59,335,France,FR,,20-34,H
19611.cesare.ornati,Cesare ORNATI,36:45:59,336,Italie,IT,,50-54,H
242.jeanmarie.lecot,Jean-Marie LECOT,36:46:42,337,France,FR,,55-59,H
38105.nicolas.chevallier,Nicolas CHEVALLIER,36:48:10,338,France,FR,,45-49,H
31721.francescxavier.illamolavilalta,Francesc-Xavier ILLAMOLA-VILALTA,36:49:03,339,Espagne,ES,,20-34,H
76459.albert.munozmunoz,Albert MUNOZ-MUNOZ,36:49:03,340,Espagne,ES,,35-39,H
41535.robin.meyer,Robin MEYER,36:52:06,341,France,FR,,45-49,H
39375.philippe.dauriac,Philippe DAURIAC,36:52:06,342,France,FR,,35-39,H
41393.pascal.vanderveken,Pascal VAN DER VEKEN,36:53:04,343,Belgique,BE,,40-44,H
24910.eric.brossard,Eric BROSSARD,36:53:04,344,Belgique,BE,,35-39,H
47493.maria.brassel,Maria BRASSEL,36:53:38,345,Suisse,CH,,50-54,F
27381.stephane.floury,Stephane FLOURY,36:53:44,346,France,FR,,35-39,H
33432.olivier.legron,Olivier LEGRON,36:54:52,347,France,FR,,40-44,H
30491.paolo.zanoni,Paolo ZANONI,36:54:57,348,Italie,IT,,45-49,H
41410.franck.gillet,Franck GILLET,36:55:01,349,France,FR,,40-44,H
42.stephane.delmas,Stéphane DELMAS,36:55:01,350,France,FR,,35-39,H
43728.thomas.domergue,Thomas DOMERGUE,36:55:53,351,France,FR,,45-49,H
10772.paolo.visigalli,Paolo VISIGALLI,36:58:02,352,Italie,IT,,35-39,H
33340.virginie.duterme,Virginie DUTERME,36:59:11,353,France,FR,,35-39,F
42978.olivier.dourte,Olivier DOURTE,37:05:49,354,Belgique,BE,,35-39,H
11831.ramon.garciacatalan,Ramon GARCIA-CATALAN,37:06:18,355,Espagne,ES,,80+,H
74416.laurent.gergele,Laurent GERGELE,37:06:52,356,France,FR,,20-34,H
2367109.takayuki.matsumoto,Takayuki MATSUMOTO,37:07:02,357,Japon,JP,,35-39,H
10242.loic.vandenhelsken,Loic VANDENHELSKEN,37:07:25,358,France,FR,,40-44,H
76461.christophe.quinton,Christophe QUINTON,37:08:11,359,France,FR,,35-39,H
76462.bernard.pucheuplante,Bernard PUCHEU-PLANTE,37:10:14,360,France,FR,,45-49,H
75953.gerald.gaborieau,Gerald GABORIEAU,37:10:36,361,Belgique,BE,,40-44,H
76463.geraldine.guyotmalaquin,Geraldine GUYOT-MALAQUIN,37:10:45,362,France,FR,,40-44,F
44950.jeff.grant,Jeff GRANT,37:10:47,363,Etats-Unis,US,,35-39,H
76464.tani.oreggia,Tani OREGGIA,37:11:09,364,Brésil,BR,,35-39,H
1235.luigi.mazzocchi,Luigi MAZZOCCHI,37:13:48,365,Italie,IT,,50-54,H
45971.theophile.leroy,Theophile LEROY,37:14:57,366,Belgique,BE,,50-54,H
32951.damien.marolleau,Damien MAROLLEAU,37:18:05,367,France,FR,,20-34,H
40428.jeanfrancois.tilhetprat,Jean-Francois TILHET-PRAT,37:18:06,368,France,FR,,45-49,H
76465.clement.latour,Clement LATOUR,37:19:35,369,France,FR,,80+,H
76466.patrick.henrion,Patrick HENRION,37:19:37,370,France,FR,,50-54,H
26635.franck.legoff,Franck LE GOFF,37:21:52,371,France,FR,,80+,H
2811.marco.melchiorri,Marco MELCHIORRI,37:24:04,372,Italie,IT,,45-49,H
10598.fernando.mazzola,Fernando MAZZOLA,37:26:11,373,Italie,IT,,40-44,H
26431.stephane.lemoine,Stephane LEMOINE,37:26:38,374,France,FR,,50-54,H
12648.antoine.pottin,Antoine POTTIN,37:27:26,375,France,FR,,20-34,H
76214.herve.demirdjian,Herve DEMIRDJIAN,37:28:21,376,France,FR,,40-44,H
315.martin.guignot,Martin GUIGNOT,37:29:04,377,France,FR,,35-39,H
24252.cedric.fontaine,Cedric FONTAINE,37:29:19,378,France,FR,,20-34,H
76467.christophe.lefleche,Christophe LE FLECHE,37:31:57,379,France,FR,,40-44,H
709157.rob.sinclair,Rob SINCLAIR,37:35:01,380,Royaume-Uni,GB,,20-34,H
76468.bernard.liegeois,Bernard LIEGEOIS,37:35:24,381,France,FR,,55-59,H
40440.xavier.quehen,Xavier QUEHEN,37:35:27,382,France,FR,,20-34,H
11971.daniel.rojotrujillo,Daniel ROJO-TRUJILLO,37:36:06,383,Espagne,ES,,20-34,H
28688.jeanpierre.falcy,Jean-Pierre FALCY,37:38:30,384,Suisse,CH,,40-44,H
10440.thierry.camelin,Thierry CAMELIN,37:38:32,385,France,FR,,40-44,H
76470.patrick.granat,Patrick GRANAT,37:38:35,386,France,FR,,45-49,H
76471.xavier.arimongirones,Xavier ARIMON-GIRONES,37:38:50,387,Espagne,ES,,40-44,H
75979.eric.achard,Eric ACHARD,37:39:10,388,France,FR,,45-49,H
6025.frederic.gil,Frederic GIL,37:40:28,389,France,FR,,40-44,H
40386.hugues.levis,Hugues LEVIS,37:40:29,390,France,FR,,20-34,H
76207.jorge.serrazina,Jorge SERRAZINA,37:40:34,391,Portugal,PT,,50-54,H
31552.denise.rispolie,Denise RISPOLIE,37:40:40,392,Canada,CA,,35-39,F
31263.audrey.kelly,Audrey KELLY,37:40:40,393,Canada,CA,,35-39,F
41987.marc.verilhac,Marc VERILHAC,37:40:45,394,France,FR,,50-54,H
9693.eric.hernandez,Eric HERNANDEZ,37:40:56,395,France,FR,,40-44,H
8751.christophe.ardouin,Christophe ARDOUIN,37:41:03,396,France,FR,,40-44,H
41166.alain.nogaret,Alain NOGARET,37:41:09,397,France,FR,,35-39,H
76473.remy.bloch,Rémy BLOC'H,37:41:12,398,France,FR,,40-44,H
19298.mario.piazzo,Mario PIAZZO,37:42:50,399,Italie,IT,,20-34,H
76474.yves.teynie,Yves TEYNIE,37:43:34,400,France,FR,,40-44,H
26541.philippe.blanchard,Philippe BLANCHARD,37:44:04,401,France,FR,,20-34,H
258.martial.roy,Martial ROY,37:44:07,402,France,FR,,40-44,H
10926.ruggiero.isernia,Ruggiero ISERNIA,37:44:45,403,Italie,IT,,40-44,H
26124.jeanfrancois.poiraud,Jean-Francois POIRAUD,37:45:37,404,France,FR,,40-44,H
24658.denis.cretin,Denis CRETIN,37:46:56,405,France,FR,,50-54,H
47591.alberto.battaglia,Alberto BATTAGLIA,37:47:43,406,Italie,IT,,45-49,H
75952.richard.brown,Richard BROWN,37:47:54,407,Royaume-Uni,GB,,40-44,H
76475.jon.moulding,Jon MOULDING,37:47:54,408,Royaume-Uni,GB,,20-34,H
28123.olivier.bayle,Olivier BAYLE,37:50:03,409,France,FR,,40-44,H
41312.christophe.platier,Christophe PLATIER,37:50:32,410,France,FR,,40-44,H
7017.christophe.smets,Christophe SMETS,37:51:17,411,France,FR,,45-49,H
11337.pierre.flori,Pierre FLORI,37:53:33,412,France,FR,,40-44,H
30689.emanuele.gallo,Emanuele GALLO,37:54:00,413,Italie,IT,,35-39,H
7095.patrick.perchat,Patrick PERCHAT,37:54:28,414,France,FR,,50-54,H
52207.david.makin,David MAKIN,37:54:35,415,Royaume-Uni,GB,,80+,H
8320.cedric.moscatelli,Cedric MOSCATELLI,37:55:21,416,France,FR,,35-39,H
180.jeanyves.creignou,Jean-Yves CREIGNOU,37:56:21,417,France,FR,,45-49,H
31147.yoann.briant,Yoann BRIANT,37:56:23,418,France,FR,,20-34,H
7868.denis.gremeaux,Denis GREMEAUX,37:56:24,419,France,FR,,40-44,H
71.jerome.haguenin,Jerome HAGUENIN,37:56:26,420,France,FR,,40-44,H
24714.jeanmarc.baietto,Jean-Marc BAIETTO,37:56:36,421,France,FR,,50-54,H
76476.laurent.provost,Laurent PROVOST,37:58:23,422,France,FR,,20-34,H
26053.frederic.gas,Frederic GAS,38:00:28,423,France,FR,,35-39,H
76477.simon.riley,Simon RILEY,38:03:01,424,Royaume-Uni,GB,,20-34,H
76276.simon.goddard,Simon GODDARD,38:03:01,425,Royaume-Uni,GB,,80+,H
28141.stephane.girault,Stephane GIRAULT,38:04:39,426,France,FR,,35-39,H
34758.michel.beaudouin,Michel BEAUDOUIN,38:05:45,427,France,FR,,45-49,H
74415.yannick.germanaz,Yannick GERMANAZ,38:06:00,428,France,FR,,35-39,H
7540.yvan.masson,Yvan MASSON,38:06:38,429,France,FR,,35-39,H
8295.laurent.tissot,Laurent TISSOT,38:06:42,430,France,FR,,40-44,H
19903.jacques.schaller,Jacques SCHALLER,38:09:22,431,Suisse,CH,,50-54,H
48448.jonas.biland,Jonas BILAND,38:09:45,432,Suisse,CH,,20-34,H
75947.joel.saulay,Joel SAULAY,38:11:46,433,France,FR,,45-49,H
76478.maximo.sirgorodriguez,Maximo SIRGO-RODRIGUEZ,38:11:59,434,Espagne,ES,,35-39,H
76479.philippe.rosset,Philippe ROSSET,38:13:39,435,Suisse,CH,,55-59,H
12382.mariano.fernandezruiz,Mariano FERNANDEZ-RUIZ,38:15:00,436,Espagne,ES,,55-59,H
10540.pascal.cadet,Pascal CADET,38:16:20,437,France,FR,,45-49,H
6100.pascal.mareau,Pascal MAREAU,38:16:21,438,France,FR,,45-49,H
48366.christophe.raboud,Christophe RABOUD,38:17:08,439,Suisse,CH,,40-44,H
21003.renzo.paschetto,Renzo PASCHETTO,38:17:37,440,Italie,IT,,40-44,H
40613.francoise.bersans,Francoise BERSANS,38:18:47,441,France,FR,,50-54,F
76480.dominique.convert,Dominique CONVERT,38:18:47,442,France,FR,,80+,H
19428.roberto.rovelli,Roberto ROVELLI,38:19:10,443,Italie,IT,,45-49,H
24605.philippe.graf,Philippe GRAF,38:20:39,444,France,FR,,40-44,H
61048.francisco.ramirezperez,Francisco RAMIREZ-PEREZ,38:20:58,445,Espagne,ES,,40-44,H
12856.pedro.denizholtmann,Pedro DENIZ-HOLTMANN,38:21:30,446,Espagne,ES,,40-44,H
12317.miguelangel.valderasgomez,Miguel-Angel VALDERAS-GOMEZ,38:21:30,447,Espagne,ES,,35-39,H
34730.christian.farthing,Christian FARTHING,38:22:40,448,Allemagne,DE,,40-44,H
48729.marco.kanobelj,Marco KANOBELJ,38:24:26,449,Italie,IT,,35-39,H
41876.denis.anthoine,Denis ANTHOINE,38:24:44,450,France,FR,,40-44,H
74610.jeanmichel.corvi,Jean-Michel CORVI,38:24:56,451,France,FR,,45-49,H
11843.marta.pratllorens,Marta PRAT-LLORENS,38:25:18,452,Espagne,ES,,20-34,F
1820885.fcojavier.rodriguez,Fco Javier RODRIGUEZ,38:25:18,453,Espagne,ES,,35-39,H
30618.riccardo.ghislanzoni,Riccardo GHISLANZONI,38:25:21,454,Italie,IT,,20-34,H
13136.gerald.baudek,Gerald BAUDEK,38:25:39,455,Allemagne,DE,,40-44,H
45730.thomas.ecke,Thomas ECKE,38:26:31,456,Allemagne,DE,,40-44,H
30414.hubert.jeanson,Hubert JEANSON,38:29:47,457,France,FR,,45-49,H
7716.joel.rimailho,Joel RIMAILHO,38:30:13,458,France,FR,,40-44,H
20239.raphael.grenno,Raphael GRENNO,38:34:42,459,Suisse,CH,,35-39,H
25462.thierry.seiller,Thierry SEILLER,38:37:32,460,France,FR,,20-34,H
47495.harald.fischer,Harald FISCHER,38:38:17,461,Allemagne,DE,,45-49,H
76482.josejuan.bolanossuarez,Jose-Juan BOLANOS-SUAREZ,38:39:24,462,Espagne,ES,,80+,H
6389.thierry.escudero,Thierry ESCUDERO,38:39:30,463,France,FR,,45-49,H
38750.laurent.soulie,Laurent SOULIE,38:42:38,464,France,FR,,40-44,H
41618.monique.veyrunes,Monique VEYRUNES,38:42:38,465,France,FR,,55-59,F
7077.eric.bossut,Eric BOSSUT,38:43:11,466,France,FR,,40-44,H
76483.michel.vanlaar,Michel VANLAAR,38:44:29,467,Belgique,BE,,80+,H
76484.olivier.beaumont,Olivier BEAUMONT,38:44:31,468,France,FR,,40-44,H
76485.xavier.capdevila,Xavier CAPDEVILA,38:45:15,469,Espagne,ES,,50-54,H
76229.martin.zavodnik,Martin ZAVODNIK,38:45:23,470,République tchèque,CZ,,20-34,H
410.pascal.masson,Pascal MASSON,38:46:21,471,France,FR,,45-49,H
76486.denis.pelmont,Denis PELMONT,38:47:13,472,France,FR,,40-44,H
19163.thomas.schroder,Thomas SCHRÖDER,38:48:14,473,Allemagne,DE,,40-44,H
73967.thierry.latxague,Thierry LATXAGUE,38:48:32,474,France,FR,,35-39,H
30053.denis.heine,Denis HEINE,38:48:39,475,Belgique,BE,,40-44,H
46933.bernd.schweinberger,Bernd SCHWEINBERGER,38:49:52,476,Allemagne,DE,,40-44,H
30335.loic.chambriard,Loic CHAMBRIARD,38:50:23,477,France,FR,,35-39,H
156439.eric.stapelle,Eric STAPELLE,38:51:19,478,Belgique,BE,,45-49,H
20005.martin.wagen,Martin WAGEN,38:52:14,479,Suisse,CH,,40-44,H
12356.guillermo.corralesgutierrez,Guillermo CORRALES-GUTIERREZ,38:52:30,480,Espagne,ES,,20-34,H
76487.josemanuel.peulagarcia,Jose-Manuel PEULA-GARCIA,38:52:48,481,Espagne,ES,,40-44,H
73849.christophe.carre,Christophe CARRE,38:54:37,482,France,FR,,35-39,H
55510.dimitrios.bezas,Dimitrios BEZAS,38:55:41,483,Grèce,GR,,35-39,H
56466.leonidas.athanasopoulos,Leonidas ATHANASOPOULOS,38:55:42,484,Grèce,GR,,35-39,H
20189.michel.poletti,Michel POLETTI,38:56:24,485,France,FR,,50-54,H
74022.daniel.fleurence,Daniel FLEURENCE,38:57:57,486,France,FR,,45-49,H
76488.john.thompson,John THOMPSON,38:58:35,487,Royaume-Uni,GB,,40-44,H
72363.davidanthony.ralphs,David-Anthony RALPHS,38:58:36,488,Royaume-Uni,GB,,45-49,H
76489.fredy.lehmann,Fredy LEHMANN,38:58:47,489,France,FR,,50-54,H
3491419.laurent.garnier,Laurent GARNIER,38:59:41,490,France,FR,,35-39,H
39392.vincent.grossemy,Vincent GROSSEMY,39:04:19,491,France,FR,,35-39,H
863.vincent.narbaud,Vincent NARBAUD,39:04:39,492,France,FR,,40-44,H
76490.pascal.martin,Pascal MARTIN,39:04:53,493,France,FR,,40-44,H
74009.guy.caulier,Guy CAULIER,39:06:47,494,France,FR,,20-34,H
43590.stephen.joy,Stephen JOY,39:07:49,495,Etats-Unis,US,,40-44,H
45075.michael.brehe,Michael BREHE,39:08:27,496,Allemagne,DE,,45-49,H
149039.drew.sheffield,Drew SHEFFIELD,39:12:39,497,Royaume-Uni,GB,,20-34,H
76491.byeungsik.ahn,Byeung Sik AHN,39:13:29,498,Corée du Sud,KR,,35-39,H
48689.silvia.vesco,Silvia VESCO,39:13:37,499,France,FR,,50-54,F
76492.jerome.boudaud,Jerome BOUDAUD,39:14:07,500,France,FR,,40-44,H
76493.marc.fritz,Marc FRITZ,39:14:08,501,France,FR,,40-44,H
42873.kevin.brisset,Kevin BRISSET,39:15:22,502,France,FR,,20-34,H
26753.jerome.flandrin,Jerome FLANDRIN,39:16:05,503,France,FR,,35-39,H
28584.damien.petitjean,Damien PETITJEAN,39:17:21,504,France,FR,,20-34,H
28652.gilles.cormier,Gilles CORMIER,39:17:21,505,France,FR,,45-49,H
41398.laurent.theze,Laurent THEZE,39:17:21,506,France,FR,,50-54,H
48679.keith.byrne,Keith BYRNE,39:18:14,507,Royaume-Uni,GB,,20-34,H
25410.gilbert.meyer,Gilbert MEYER,39:20:10,508,France,FR,,50-54,H
19988.patrick.leuenberger,Patrick LEUENBERGER,39:20:43,509,Suisse,CH,,40-44,H
7842.jeanfrancois.bisogno,Jean-Francois BISOGNO,39:20:45,510,France,FR,,40-44,H
7289.jeanmarc.lavie,Jean-Marc LAVIE,39:21:33,511,France,FR,,50-54,H
27905.stephane.launay,Stephane LAUNAY,39:21:59,512,France,FR,,40-44,H
42052.yohan.servais,Yohan SERVAIS,39:24:12,513,France,FR,,20-34,H
74026.christophe.lerefait,Christophe LEREFAIT,39:25:27,514,France,FR,,80+,H
76494.benoit.duflos,Benoit DUFLOS,39:25:38,515,France,FR,,50-54,H
19917.josep.artigas,Josep ARTIGAS,39:26:22,516,Espagne,ES,,45-49,H
10421.hugues.clauser,Hugues CLAUSER,39:27:06,517,France,FR,,45-49,H
25016.dominique.jaeg,Dominique JAEG,39:27:06,518,France,FR,,35-39,H
10933.bernard.vinson,Bernard VINSON,39:27:19,519,France,FR,,45-49,H
70021.doris.hallama,Doris HALLAMA,39:27:51,520,Autriche,AT,,20-34,F
70200.hansjorg.gogl,Hansjorg GOGL,39:27:51,521,Autriche,AT,,50-54,H
76495.christopher.ross,Christopher ROSS,39:28:44,522,Royaume-Uni,GB,,35-39,H
9027.jeanmarc.dauge,Jean-Marc DAUGE,39:28:58,523,France,FR,,50-54,H
19345.cristiano.moschini,Cristiano MOSCHINI,39:29:07,524,Italie,IT,,45-49,H
76496.josepantoni.gardenescliville,Josep-Antoni GARDENES-CLIVILLE,39:29:50,525,Espagne,ES,,55-59,H
76497.serafi.luna,Serafi LUNA,39:29:51,526,Espagne,ES,,80+,H
76498.colin.brooke,Colin BROOKE,39:29:55,527,Royaume-Uni,GB,,60-64,H
48408.thierry.vacheron,Thierry VACHERON,39:30:08,528,Suisse,CH,,40-44,H
38253.philippe.vaillant,Philippe VAILLANT,39:31:44,529,France,FR,,45-49,H
37710.joan.bleas,Joan BLEAS,39:31:44,530,France,FR,,20-34,H
76499.michel.arrossa,Michel ARROSSA,39:32:09,531,France,FR,,55-59,H
76500.christian.barnetche,Christian BARNETCHE,39:32:10,532,France,FR,,40-44,H
26059.pierre.jestin,Pierre JESTIN,39:32:17,533,France,FR,,45-49,H
217743.carles.canals,Carles CANALS,39:32:30,534,Espagne,ES,,45-49,H
29381.scott.guild,Scott GUILD,39:35:08,535,Etats-Unis,US,,35-39,H
75951.stephane.pillaud,Stephane PILLAUD,39:35:10,536,France,FR,,35-39,H
42070.vera.gillaux,Vera GILLAUX,39:35:52,537,Brésil,BR,,45-49,F
48541.annemarie.gross,Annemarie GROSS,39:35:53,538,Italie,IT,,40-44,F
19737.enrico.pollini,Enrico POLLINI,39:35:55,539,Italie,IT,,40-44,H
1556.mark.wilson,Mark WILSON,39:37:17,540,Royaume-Uni,GB,,40-44,H
6109.fabrice.azzi,Fabrice AZZI,39:37:44,541,France,FR,,20-34,H
76501.jeanfrancois.wygas,Jean-Francois WYGAS,39:38:19,542,France,FR,,45-49,H
28220.serge.bellenoue,Serge BELLENOUE,39:38:20,543,France,FR,,60-64,H
6656.alain.fays,Alain FAYS,39:38:24,544,France,FR,,50-54,H
30309.arnaud.bihannic,Arnaud BIHANNIC,39:38:47,545,Maroc,MA,,20-34,H
37962.jean.goreau,Jean GOREAU,39:39:37,546,France,FR,,65-69,H
42964.michelle.leservoisier,Michelle LESERVOISIER,39:39:46,547,France,FR,,40-44,F
11496.patrick.leservoisier,Patrick LESERVOISIER,39:39:47,548,France,FR,,45-49,H
41324.luc.steens,Luc STEENS,39:40:38,549,Belgique,BE,,40-44,H
6514.brice.barret,Brice BARRET,39:41:25,550,France,FR,,40-44,H
44751.pascal.suivre,Pascal SUIVRE,39:41:37,551,France,FR,,45-49,H
1247.jean.bouillet,Jean BOUILLET,39:41:42,552,France,FR,,45-49,H
6723.christian.ravily,Christian RAVILY,39:41:42,553,France,FR,,45-49,H
21046.luciano.micheletti,Luciano MICHELETTI,39:42:06,554,Italie,IT,,50-54,H
21227.marco.cattaneo,Marco CATTANEO,39:42:06,555,Italie,IT,,45-49,H
20999.elio.foiadelli,Elio FOIADELLI,39:42:06,556,Italie,IT,,45-49,H
34728.fabio.menni,Fabio MENNI,39:42:18,557,Italie,IT,,40-44,H
19443.silvio.frattini,Silvio FRATTINI,39:42:19,558,Italie,IT,,40-44,H
19160.anke.drescher,Anke DRESCHER,39:44:09,559,Allemagne,DE,,40-44,F
6520.frederic.chamaillard,Frederic CHAMAILLARD,39:45:44,560,France,FR,,45-49,H
7673.gabriel.haristoy,Gabriel HARISTOY,39:47:01,561,France,FR,,45-49,H
7778.jeanclaude.cuiburu,Jean-Claude CUIBURU,39:47:01,562,France,FR,,50-54,H
40036.pascal.leroy,Pascal LEROY,39:47:03,563,France,FR,,50-54,H
73881.mathieu.naulin,Mathieu NAULIN,39:48:00,564,France,FR,,20-34,H
19151.wolfgang.uttendorfer,Wolfgang UTTENDORFER,39:48:23,565,Allemagne,DE,,45-49,H
575.sharon.broadwell,Sharon BROADWELL,39:49:39,566,Norvège,NO,,45-49,F
2479.philippe.zotos,Philippe ZOTOS,39:50:09,567,France,FR,,35-39,H
40343.sophie.boissont,Sophie BOISSONT,39:50:40,568,France,FR,,35-39,F
7462.erwan.mathieu,Erwan MATHIEU,39:51:56,569,France,FR,,20-34,H
10837.marielle.chabaud,Marielle CHABAUD,39:52:05,570,France,FR,,40-44,F
43035.cecile.daquin,Cecile DAQUIN,39:52:05,571,France,FR,,40-44,F
76502.john.stamstad,John STAMSTAD,39:52:14,572,Etats-Unis,US,,40-44,H
8154.pierre.horeau,Pierre HOREAU,39:52:15,573,France,FR,,35-39,H
636071.rui.melo,Rui MELO,39:52:28,574,Portugal,PT,,20-34,H
43787.antoine.volland,Antoine VOLLAND,39:52:29,575,France,FR,,20-34,H
2098019.philippe.boyer,Philippe BOYER,39:52:29,576,France,FR,,20-34,H
17357.daniel.benhammou,Daniel BENHAMMOU,39:52:33,577,Etats-Unis,US,,20-34,H
32941.michel.romero,Michel ROMERO,39:52:43,578,France,FR,,50-54,H
48826.maurizio.angella,Maurizio ANGELLA,39:53:59,579,Italie,IT,,45-49,H
19328.ernesto.deviardi,Ernesto DEVIARDI,39:53:59,580,Italie,IT,,55-59,H
48675.claudio.piazza,Claudio PIAZZA,39:55:55,581,Italie,IT,,50-54,H
33343.gilles.laurent,Gilles LAURENT,39:56:04,582,France,FR,,45-49,H
10878.eric.sutter,Eric SUTTER,39:56:06,583,France,FR,,35-39,H
42843.sylvain.desbois,Sylvain DESBOIS,39:56:08,584,France,FR,,35-39,H
30495.giorgio.vergnano,Giorgio VERGNANO,39:56:34,585,Italie,IT,,45-49,H
11232.giovanni.pretti,Giovanni PRETTI,39:56:34,586,Italie,IT,,35-39,H
8003.eric.galea,Eric GALEA,39:57:16,587,France,FR,,40-44,H
61004.blancamaria.serrano,Blanca-Maria SERRANO,39:57:16,588,Espagne,ES,,20-34,F
26552.yannick.guillou,Yannick GUILLOU,39:57:35,589,France,FR,,45-49,H
12397.carlosantonio.alvareziglesias,Carlos-Antonio ALVAREZ-IGLESIAS,39:58:30,590,Espagne,ES,,40-44,H
24548.eric.faiteau,Eric FAITEAU,39:58:44,591,France,FR,,45-49,H
21257.francesco.mangiavini,Francesco MANGIAVINI,39:59:22,592,Italie,IT,,45-49,H
10580.guy.peyrieux,Guy PEYRIEUX,40:00:57,593,France,FR,,50-54,H
41637.philippe.casas,Philippe CASAS,40:04:30,594,France,FR,,40-44,H
76504.didier.rapilly,Didier RAPILLY,40:04:43,595,France,FR,,55-59,H
43901.edouard.thezenas,Edouard THEZENAS,40:05:49,596,France,FR,,45-49,H
26208.patrice.nedelec,Patrice NEDELEC,40:07:57,597,France,FR,,40-44,H
10817.mariechristine.pasero,Marie-Christine PASERO,40:07:59,598,France,FR,,45-49,F
31838.bruno.pastorcliment,Bruno PASTOR-CLIMENT,40:08:00,599,Espagne,ES,,45-49,H
10755.michel.pasero,Michel PASERO,40:08:00,600,France,FR,,50-54,H
32167.pepe.fabregatsegarra,Pepe FABREGAT-SEGARRA,40:08:01,601,Espagne,ES,,80+,H
71103.christian.blanc,Christian BLANC,40:08:09,602,Suisse,CH,,40-44,H
7358.maurice.picard,Maurice PICARD,40:08:11,603,France,FR,,55-59,H
7357.yvelise.picard,Yvelise PICARD,40:08:11,604,France,FR,,50-54,F
25285.jean.lafargue,Jean LAFARGUE,40:09:34,605,France,FR,,55-59,H
10969.serge.douvier,Serge DOUVIER,40:09:35,606,France,FR,,55-59,H
39025.bernard.blanco,Bernard BLANCO,40:10:14,607,France,FR,,40-44,H
42061.dominique.vouliot,Dominique VOULIOT,40:11:05,608,France,FR,,45-49,H
76506.brian.mcintosh,Brian MCINTOSH,40:11:13,609,Royaume-Uni,GB,,35-39,H
76507.tommy.hepburn,Tommy HEPBURN,40:11:14,610,Royaume-Uni,GB,,50-54,H
21297.corradogiuseppe.alberti,Corrado-Giuseppe ALBERTI,40:11:31,611,Italie,IT,,40-44,H
21099.angelo.chiarello,Angelo CHIARELLO,40:11:32,612,Italie,IT,,40-44,H
20083.pascal.bourquin,Pascal BOURQUIN,40:12:05,613,Suisse,CH,,40-44,H
45064.consuelo.senn,Consuelo SENN,40:12:38,614,Suisse,CH,,45-49,H
42977.didier.besombes,Didier BESOMBES,40:13:09,615,France,FR,,40-44,H
34656.enrico.bartolini,Enrico BARTOLINI,40:14:18,616,Italie,IT,,45-49,H
40333.philippe.locci,Philippe LOCCI,40:14:31,617,France,FR,,35-39,H
41668.stefano.tonchi,Stefano TONCHI,40:15:20,618,Italie,IT,,45-49,H
76508.attila.kiss,Attila KISS,40:15:41,619,Hongrie,HU,,40-44,H
24788.jeanpierre.spiehlmann,Jean-Pierre SPIEHLMANN,40:16:07,620,France,FR,,50-54,H
60747.thomas.capponi,Thomas CAPPONI,40:16:33,621,Italie,IT,,20-34,H
72901.laurent.denis,Laurent DENIS,40:17:02,622,France,FR,,40-44,H
288.franck.veysset,Franck VEYSSET,40:19:31,623,France,FR,,35-39,H
76509.damien.rassat,Damien RASSAT,40:19:40,624,France,FR,,20-34,H
23619.eric.richard,Eric RICHARD,40:20:43,625,France,FR,,45-49,H
38113.vincent.pradeilles,Vincent PRADEILLES,40:20:43,626,France,FR,,45-49,H
13035.carlos.diazcarlus,Carlos DIAZ-CARLUS,40:21:11,627,Espagne,ES,,45-49,H
27383.joel.caer,Joel CAER,40:22:45,628,France,FR,,35-39,H
26044.thierry.caer,Thierry CAER,40:22:46,629,France,FR,,35-39,H
76510.caco.alzugary,Caco ALZUGARY,40:23:23,630,Brésil,BR,,80+,H
47941.thomas.wagner,Thomas WAGNER,40:23:33,631,Allemagne,DE,,55-59,H
7035.marc.bourdonneau,Marc BOURDONNEAU,40:24:59,632,France,FR,,35-39,H
43943.michel.salamin,Michel SALAMIN,40:25:12,633,Suisse,CH,,45-49,H
33488.denis.bonnef,Denis BONNEF,40:25:34,634,France,FR,,50-54,H
57620.sofia.giugni,Sofia GIUGNI,40:26:52,635,Italie,IT,,40-44,F
11409.olivier.leroy,Olivier LEROY,40:30:24,636,France,FR,,45-49,H
47442.frank.becker,Frank BECKER,40:30:32,637,Allemagne,DE,,45-49,H
76511.franck.recasens,Franck RECASENS,40:31:21,638,France,FR,,40-44,H
76171.shane.orourke,Shane O'ROURKE,40:33:01,639,Irlande,IE,,35-39,H
19058.martina.juda,Martina JUDA,40:33:17,640,République tchèque,CZ,,20-34,F
19918.ludwig.brunner,Ludwig BRUNNER,40:33:17,641,Italie,IT,,45-49,H
76512.richard.pomeroy,Richard POMEROY,40:34:23,642,Royaume-Uni,GB,,40-44,H
25002.roby.dudt,Roby DUDT,40:34:28,643,France,FR,,45-49,H
76513.christophe.keyling,Christophe KEYLING,40:34:29,644,France,FR,,40-44,H
45232.danny.kendall,Danny KENDALL,40:35:30,645,Royaume-Uni,GB,,20-34,H
10823.bertrand.mariller,Bertrand MARILLER,40:35:37,646,France,FR,,40-44,H
2678.bruno.martinez,Bruno MARTINEZ,40:35:42,647,France,FR,,45-49,H
2562.aurelien.rivier,Aurelien RIVIER,40:35:48,648,France,FR,,20-34,H
41224.dimitri.lobadowsky,Dimitri LOBADOWSKY,40:35:55,649,Suisse,CH,,20-34,H
,Anonymous,40:36:04,650,Espagne,ES,,40-44,H
22748.patrick.hodgens,Patrick HODGENS,40:36:13,651,Australie,AU,,45-49,H
76514.muriel.denis,Muriel DENIS,40:36:43,652,France,FR,,20-34,F
19301.fabrizio.pistoni,Fabrizio PISTONI,40:38:06,653,Italie,IT,,45-49,H
76515.vincent.lambert,Vincent LAMBERT,40:38:43,654,France,FR,,45-49,H
76516.pedro.gomezmartinez,Pedro GOMEZ-MARTINEZ,40:39:01,655,Espagne,ES,,80+,H
76517.yutaka.iwata,Yutaka IWATA,40:39:02,656,Japon,JP,,80+,H
42364.pierre.toussaint,Pierre TOUSSAINT,40:39:02,657,France,FR,,20-34,H
72424.philippe.jean,Philippe JEAN,40:40:01,658,France,FR,,45-49,H
76050.olivier.forieldestezet,Olivier FORIEL-DESTEZET,40:40:48,659,France,FR,,35-39,H
24170.christian.berthin,Christian BERTHIN,40:41:10,660,France,FR,,55-59,H
76518.agusti.navarrovega,Agusti NAVARRO-VEGA,40:43:10,661,Espagne,ES,,20-34,H
73902.steeve.meunier,Steeve MEUNIER,40:44:10,662,France,FR,,35-39,H
113.pierre.goupil,Pierre GOUPIL,40:44:10,663,France,FR,,35-39,H
20757.luc.hablot,Luc HABLOT,40:44:32,664,France,FR,,45-49,H
76519.joan.ruizcantos,Joan RUIZ-CANTOS,40:45:32,665,Espagne,ES,,80+,H
8657.patrick.dufour,Patrick DUFOUR,40:45:32,666,France,FR,,45-49,H
41310.luismiguel.laracamacho,Luis-Miguel LARA-CAMACHO,40:45:41,667,France,FR,,35-39,H
41309.thierry.nordera,Thierry NORDERA,40:45:42,668,France,FR,,40-44,H
42699.laurent.sennelier,Laurent SENNELIER,40:46:21,669,France,FR,,50-54,H
72455.denis.jorat,Denis JORAT,40:46:22,670,France,FR,,50-54,H
8245.thierry.delaprez,Thierry DELAPREZ,40:49:19,671,France,FR,,50-54,H
42528.stephane.rembaud,Stephane REMBAUD,40:51:37,672,France,FR,,40-44,H
19396.luigialdo.piat,Luigi-Aldo PIAT,40:52:34,673,Italie,IT,,40-44,H
74007.jordi.rosellramentol,Jordi ROSELL-RAMENTOL,40:52:37,674,Espagne,ES,,80+,H
76023.robert.planascoll,Robert PLANAS COLL,40:52:38,675,Espagne,ES,,35-39,H
44981.wolfgang.wagner,Wolfgang WAGNER,40:53:44,676,Allemagne,DE,,50-54,H
30814.sergio.fanchetti,Sergio FANCHETTI,40:54:15,677,Italie,IT,,60-64,H
76521.eric.tuerlings,Eric TUERLINGS,40:55:15,678,Pays-Bas,NL,,45-49,H
76522.franck.maugard,Franck MAUGARD,40:56:10,679,France,FR,,U20,H
40355.pierre.duchamp,Pierre DUCHAMP,40:56:35,680,France,FR,,45-49,H
11236.cedric.valade,Cedric VALADE,40:57:04,681,France,FR,,35-39,H
1339.francois.menard,François MENARD,40:58:39,682,France,FR,,45-49,H
76523.manuel.realperez,Manuel REAL PEREZ,40:58:47,683,Espagne,ES,,50-54,H
76524.josemiguel.salvadorgozalbo,Jose-Miguel SALVADOR-GOZALBO,40:59:56,684,Espagne,ES,,80+,H
42734.philippe.granjon,Philippe GRANJON,41:01:00,685,France,FR,,40-44,H
20223.herve.cairoli,Herve CAIROLI,41:01:11,686,France,FR,,45-49,H
64586.martin.schwencker,Martin SCHWENCKER,41:01:26,687,Allemagne,DE,,40-44,H
30443.walter.locatelli,Walter LOCATELLI,41:03:02,688,France,FR,,55-59,H
9017.vincent.belin,Vincent BELIN,41:03:27,689,France,FR,,50-54,H
47877.thomas.strohmeyer,Thomas STROHMEYER,41:04:19,690,Allemagne,DE,,55-59,H
44309.angela.williams,Angela WILLIAMS,41:04:35,691,Nouvelle-Zélande,NZ,,20-34,F
20404.jonathan.williams,Jonathan WILLIAMS,41:04:36,692,Nouvelle-Zélande,NZ,,20-34,H
39318.goulwenn.tristant,Goulwenn TRISTANT,41:04:53,693,France,FR,,20-34,H
74401.edouard.barros,Edouard BARROS,41:05:04,694,France,FR,,50-54,H
76239.ole.clausen,Ole CLAUSEN,41:06:10,695,Danemark,DK,,35-39,H
74312.philippe.chevalier,Philippe CHEVALIER,41:07:41,696,France,FR,,50-54,H
42567.etienne.harnisch,Etienne HARNISCH,41:10:11,697,France,FR,,45-49,H
20257.jeanclaude.favre,Jean-Claude FAVRE,41:10:11,698,Suisse,CH,,50-54,H
39675.michel.rogues,Michel ROGUES,41:10:56,699,France,FR,,55-59,H
74982.borkur.arnason,Börkur ARNASON,41:12:30,700,Islande,IS,,35-39,H
48842.franco.soldi,Franco SOLDI,41:13:57,701,Italie,IT,,60-64,H
48684.giorgio.fadino,Giorgio FADINO,41:13:57,702,Italie,IT,,35-39,H
28221.joseph.rol,Joseph ROL,41:16:01,703,France,FR,,65-69,H
28033.jacques.laugier,Jacques LAUGIER,41:16:36,704,France,FR,,50-54,H
60013.catherine.litherland,Catherine LITHERLAND,41:18:39,705,Royaume-Uni,GB,,20-34,F
25059.bernard.balizet,Bernard BALIZET,41:18:50,706,France,FR,,55-59,H
5584088.eddy.feliers,Eddy FELIERS,41:19:53,707,Belgique,BE,,40-44,H
73956.alain.bustin,Alain BUSTIN,41:19:53,708,Belgique,BE,,55-59,H
1257.vincent.lecarpentier,Vincent LECARPENTIER,41:21:33,709,France,FR,,35-39,H
7264.christophe.menant,Christophe MENANT,41:22:10,710,France,FR,,40-44,H
76525.daniel.martin,Daniel MARTIN,41:23:34,711,France,FR,,45-49,H
233.noureddine.benguella,Nour-Eddine BENGUELLA,41:23:34,712,France,FR,,45-49,H
41889.stephanie.lagadic,Stephanie LAGADIC,41:23:35,713,France,FR,,20-34,F
47894.nicolas.vanhaecke,Nicolas VANHAECKE,41:24:18,714,France,FR,,20-34,H
8793.loic.peyronnet,Loic PEYRONNET,41:25:58,715,France,FR,,20-34,H
28177.eric.devilaine,Eric DEVILAINE,41:26:03,716,France,FR,,40-44,H
40234.patrick.feriolo,Patrick FERIOLO,41:26:56,717,France,FR,,35-39,H
73930.peter.iwens,Peter IWENS,41:28:52,718,Belgique,BE,,80+,H
26062.ariel.letreut,Ariel LE TREUT,41:29:05,719,France,FR,,45-49,H
76526.danielfernand.devaud,Daniel-Fernand DEVAUD,41:29:16,720,France,FR,,55-59,H
76107.darren.roberts,Darren ROBERTS,41:30:01,721,Royaume-Uni,GB,,35-39,H
1115.jeanphilippe.allaire,Jean-Philippe ALLAIRE,41:30:57,722,France,FR,,45-49,H
28718.laurent.hamel,Laurent HAMEL,41:30:58,723,France,FR,,45-49,H
214.michel.dumas,Michel DUMAS,41:31:48,724,France,FR,,35-39,H
10301.jeanloup.koppe,Jean-Loup KOPPE,41:31:48,725,France,FR,,50-54,H
76334.olivier.chevalley,Olivier CHEVALLEY,41:31:56,726,France,FR,,50-54,H
8575.charles.bonin,Charles BONIN,41:32:23,727,France,FR,,45-49,H
41879.patrice.borgnano,Patrice BORGNANO,41:32:23,728,France,FR,,55-59,H
31850.vicente.ahisgavalda,Vicente AHIS GAVALDA,41:32:34,729,Espagne,ES,,45-49,H
12346.alfonso.cabrerasantana,Alfonso CABRERA-SANTANA,41:32:41,730,Espagne,ES,,40-44,H
20114.arkadiusz.kozmin,Arkadiusz KOZMIN,41:32:51,731,Pologne,PL,,20-34,H
42304.christophe.laverton,Christophe LAVERTON,41:34:03,732,France,FR,,45-49,H
76527.bernat.gordunquiles,Bernat GORDUN QUILES,41:34:07,733,Espagne,ES,,50-54,H
28180.patrick.gunsett,Patrick GUNSETT,41:36:56,734,France,FR,,45-49,H
33043.jeanpierre.bidau,Jean-Pierre BIDAU,41:37:05,735,France,FR,,50-54,H
48837.dante.pagliarini,Dante PAGLIARINI,41:37:55,736,Italie,IT,,40-44,H
76528.ramon.llonchvilalta,Ramon LLONCH-VILALTA,41:38:03,737,Espagne,ES,,45-49,H
76529.kevin.bush,Kevin BUSH,41:38:30,738,Royaume-Uni,GB,,50-54,H
48693.stefano.blotto,Stefano BLOTTO,41:38:44,739,Italie,IT,,80+,H
73847.thomas.rosquistandersen,Thomas ROSQUIST ANDERSEN,41:38:46,740,Danemark,DK,,35-39,H
51885.george.reid,George REID,41:39:13,741,Royaume-Uni,GB,,50-54,H
7912.richard.deforge,Richard DEFORGE,41:39:52,742,France,FR,,35-39,H
74387.jeanmarie.lebrun,Jean-Marie LE BRUN,41:40:38,743,France,FR,,20-34,H
10788.laurent.beauvoir,Laurent BEAUVOIR,41:41:25,744,France,FR,,35-39,H
76087.frederic.weinmann,Frederic WEINMANN,41:41:57,745,France,FR,,60-64,H
26559.claudine.deschateaux,Claudine DESCHATEAUX,41:42:04,746,France,FR,,45-49,F
26558.christian.verhaege,Christian VERHAEGE,41:42:06,747,France,FR,,50-54,H
26790.christophe.legouas,Christophe LEGOUAS,41:42:10,748,France,FR,,40-44,H
20799.danielle.eusebe,Danielle EUSEBE,41:43:03,749,France,FR,,45-49,F
38184.olivier.perrillatbottonet,Olivier PERRILLAT-BOTTONET,41:43:04,750,France,FR,,40-44,H
76530.josette.mathieu,Josette MATHIEU,41:44:13,751,France,FR,,65-69,F
76531.didier.froge,Didier FROGE,41:44:43,752,France,FR,,45-49,H
24769.antonio.baudrillart,Antonio BAUDRILLART,41:44:48,753,France,FR,,35-39,H
11645.loic.giorgi,Loic GIORGI,41:44:53,754,France,FR,,55-59,H
12314.meritxell.llinaspons,Meritxell LLINAS-PONS,41:45:42,755,Espagne,ES,,20-34,F
19415.marco.giacon,Marco GIACON,41:46:50,756,Italie,IT,,35-39,H
19413.marco.dalbosco,Marco DAL BOSCO,41:46:50,757,Italie,IT,,35-39,H
41418.lionel.bourrelly,Lionel BOURRELLY,41:47:13,758,France,FR,,35-39,H
48505.matthias.berndt,Matthias BERNDT,41:47:14,759,Allemagne,DE,,50-54,H
23481.flavio.dalbosco,Flavio DALBOSCO,41:47:15,760,Italie,IT,,45-49,H
19650.franco.pozzi,Franco POZZI,41:47:15,761,Italie,IT,,50-54,H
74125.jaume.soler,Jaume SOLER,41:47:37,762,Espagne,ES,,20-34,H
74030.petr.holy,Petr HOLY,41:47:51,763,République tchèque,CZ,,20-34,H
72349.jan.babicky,Jan BABICKY,41:47:53,764,République tchèque,CZ,,20-34,H
76532.bjorn.norberg,Björn NORBERG,41:48:31,765,Suède,SE,,35-39,H
26545.eric.berton,Eric BERTON,41:48:33,766,France,FR,,45-49,H
26663.philippe.godin,Philippe GODIN,41:48:36,767,France,FR,,55-59,H
1320721.cyrus.parvine,Cyrus PARVINE,41:50:03,768,Suisse,CH,,45-49,H
42863.stephane.marmey,Stephane MARMEY,41:50:16,769,France,FR,,40-44,H
13846.juan.junyentpont,Juan JUNYENT-PONT,41:50:22,770,Espagne,ES,,35-39,H
48006.lars.schlaeger,Lars SCHLAEGER,41:50:36,771,Allemagne,DE,,20-34,H
19093.uwe.herrmann,Uwe HERRMANN,41:50:36,772,Allemagne,DE,,45-49,H
55261.thierry.asselin,Thierry ASSELIN,41:51:01,773,Canada,CA,,35-39,H
76533.eric.benatar,Eric BENATAR,41:51:21,774,France,FR,,40-44,H
72438.frederic.talaga,Frederic TALAGA,41:52:21,775,France,FR,,40-44,H
9245.joel.meuwis,Joel MEUWIS,41:53:18,776,Belgique,BE,,45-49,H
12754.thomas.eller,Thomas ELLER,41:53:22,777,Allemagne,DE,,45-49,H
19924.michael.walters,Michael WALTERS,41:54:34,778,Australie,AU,,45-49,H
30344.jackie.berteloot,Jackie BERTELOOT,41:56:37,779,France,FR,,50-54,H
76534.christian.reiland,Christian REILAND,41:57:03,780,France,FR,,40-44,H
2656.eric.lagneau,Eric LAGNEAU,41:57:04,781,France,FR,,45-49,H
33324.pierre.lemonde,Pierre LEMONDE,41:57:14,782,France,FR,,35-39,H
42027.roger.voisin,Roger VOISIN,41:57:15,783,France,FR,,35-39,H
76535.oscarbernardo.pollantabuyo,Oscar-Bernardo POLLAN-TABUYO,41:57:18,784,Espagne,ES,,80+,H
8150.alexandra.blanc,Alexandra BLANC,41:57:44,785,France,FR,,20-34,F
72324.laurent.berthier,Laurent BERTHIER,41:58:00,786,France,FR,,40-44,H
74110.olivier.allemeersh,Olivier ALLEMEERSH,41:59:01,787,Belgique,BE,,20-34,H
425150.olivier.leroy,Olivier LEROY,41:59:05,788,France,FR,,20-34,H
55430.jeanpaul.goutorbe,Jean-Paul GOUTORBE,41:59:22,789,Grèce,GR,,55-59,H
411.pascal.auroy,Pascal AUROY,42:01:46,790,France,FR,,50-54,H
10870.benoit.daniel,Benoit DANIEL,42:02:26,791,France,FR,,35-39,H
76536.francesc.brionescastillo,Francesc BRIONES-CASTILLO,42:02:38,792,Espagne,ES,,80+,H
76537.eduard.arumiriera,Eduard ARUMI RIERA,42:02:39,793,Espagne,ES,,35-39,H
25499.stephane.carreau,Stephane CARREAU,42:03:04,794,France,FR,,35-39,H
20705.francis.arnaud,Francis ARNAUD,42:03:08,795,France,FR,,70-74,H
74064.gilles.simon,Gilles SIMON,42:03:18,796,France,FR,,45-49,H
24752.albert.roy,Albert ROY,42:03:20,797,France,FR,,45-49,H
10182.patrick.lesieur,Patrick LESIEUR,42:03:53,798,France,FR,,55-59,H
21054.giuseppe.veroni,Giuseppe VERONI,42:05:00,799,Italie,IT,,45-49,H
76538.ramon.martinezfabregas,Ramon MARTINEZ-FABREGAS,42:06:14,800,Espagne,ES,,35-39,H
76539.david.rodoredasala,David RODOREDA-SALA,42:06:14,801,Espagne,ES,,20-34,H
76540.damien.boix,Damien BOIX,42:06:21,802,France,FR,,45-49,H
19937.veronique.deslarzes,Veronique DESLARZES,42:06:29,803,Suisse,CH,,40-44,F
19938.romaine.fellaygirard,Romaine FELLAY-GIRARD,42:06:29,804,Suisse,CH,,35-39,F
72487.david.marchaland,David MARCHALAND,42:08:05,805,France,FR,,20-34,H
47996.josef.ramberger,Josef RAMBERGER,42:08:22,806,Autriche,AT,,50-54,H
7323.enric.terricabrasmarti,Enric TERRICABRAS-MARTI,42:08:30,807,Espagne,ES,,20-34,H
16063.ronald.evans,Ronald EVANS,42:08:34,808,Etats-Unis,US,,40-44,H
76541.emili.solersalles,Emili SOLER-SALLES,42:08:50,809,Espagne,ES,,45-49,H
41969.richard.bertolini,Richard BERTOLINI,42:10:30,810,France,FR,,40-44,H
18807.jane.grundy,Jane GRUNDY,42:10:50,811,Allemagne,DE,,45-49,F
30174.jeanluc.desreumaux,Jean-Luc DESREUMAUX,42:12:33,812,France,FR,,40-44,H
41662.bruno.incardona,Bruno INCARDONA,42:14:05,813,France,FR,,45-49,H
76542.martin.thomson,Martin THOMSON,42:14:08,814,Royaume-Uni,GB,,80+,H
76543.fraser.jamieson,Fraser JAMIESON,42:14:08,815,Royaume-Uni,GB,,40-44,H
76296.eric.lavoine,Eric LAVOINE,42:14:49,816,France,FR,,45-49,H
1610.jeanmichel.touron,Jean-Michel TOURON,42:15:16,817,France,FR,,20-34,H
8175.fabrice.gonzales,Fabrice GONZALES,42:15:59,818,France,FR,,35-39,H
268.joel.vautrin,Joël VAUTRIN,42:17:06,819,France,FR,,40-44,H
11021.frederic.bordat,Frederic BORDAT,42:18:10,820,France,FR,,35-39,H
74221.marc.prudhomme,Marc PRUD'HOMME,42:18:33,821,France,FR,,40-44,H
68941.hubert.beck,Hubert BECK,42:18:45,822,Allemagne,DE,,50-54,H
5320633.karim.toualit,Karim TOUALIT,42:19:33,823,France,FR,,40-44,H
74052.albert.maudosteruel,Albert MAUDOS-TERUEL,42:20:12,824,Espagne,ES,,20-34,H
44337.italo.siena,Italo SIENA,42:20:47,825,Italie,IT,,60-64,H
40565.philippe.cardona,Philippe CARDONA,42:21:50,826,France,FR,,35-39,H
48688.corrado.checchi,Corrado CHECCHI,42:21:56,827,Italie,IT,,35-39,H
48683.dario.darioli,Dario DARIOLI,42:21:57,828,Italie,IT,,40-44,H
76546.karim.chouaib,Karim CHOUAIB,42:22:08,829,France,FR,,20-34,H
74550.dominique.poncet,Dominique PONCET,42:23:46,830,France,FR,,50-54,H
76547.emmanuelle.jaeglin,Emmanuelle JAEGLIN,42:24:50,831,France,FR,,40-44,F
9010.stephane.hamel,Stephane HAMEL,42:24:50,832,France,FR,,35-39,H
33946.frank.fumich,Frank FUMICH,42:25:43,833,Etats-Unis,US,,40-44,H
55252.alexander.nemet,Alexander NEMET,42:25:43,834,Etats-Unis,US,,20-34,H
42063.franck.ducerf,Franck DUCERF,42:27:28,835,France,FR,,40-44,H
76548.gilles.boutellier,Gilles BOUTELLIER,42:27:51,836,France,FR,,35-39,H
40675.benoit.robin,Benoit ROBIN,42:27:51,837,France,FR,,55-59,H
74373.nicolas.solans,Nicolas SOLANS,42:27:51,838,France,FR,,35-39,H
76549.jeanmichel.dunyach,Jean-Michel DUNYACH,42:27:51,839,France,FR,,50-54,H
1586797.katsumi.kocha,Katsumi KOCHA,42:28:53,840,Japon,JP,,45-49,H
19218.norman.bucher,Norman BUCHER,42:30:14,841,Allemagne,DE,,20-34,H
48042.ollipekka.liinalaakso,Olli-Pekka LIINALAAKSO,42:30:46,842,Finlande,FI,,40-44,H
20042.ruth.maillard,Ruth MAILLARD,42:31:19,843,Suisse,CH,,40-44,F
76550.xavier.caillas,Xavier CAILLAS,42:31:31,844,France,FR,,35-39,H
244111.lars.gilberg,Lars GILBERG,42:32:54,845,Norvège,NO,,45-49,H
76551.kahshin.leow,Kah-Shin LEOW,42:32:58,846,Singapour,SG,,20-34,H
76552.antonio.guerrerodominguez,Antonio GUERRERO-DOMINGUEZ,42:33:32,847,Espagne,ES,,80+,H
76553.rafaelmaria.argoteenriquez,Rafael-Maria ARGOTE-ENRIQUEZ,42:33:32,848,Espagne,ES,,35-39,H
33078.didier.goury,Didier GOURY,42:36:14,849,France,FR,,45-49,H
72460.victoria.worster,Victoria WORSTER,42:37:03,850,Royaume-Uni,GB,,35-39,F
1215.nicole.mazet,Nicole MAZET,42:37:59,851,France,FR,,55-59,F
76554.oscar.marticasse,Oscar MARTI-CASSE,42:38:05,852,Espagne,ES,,35-39,H
76555.franciscomanuel.inciocortes,Francisco-Manuel INCIO-CORTES,42:38:39,853,Espagne,ES,,45-49,H
40445.ludovic.groucy,Ludovic GROUCY,42:38:40,854,France,FR,,40-44,H
74359.albert.mirettorrens,Albert MIRET TORRENS,42:39:10,855,Espagne,ES,,40-44,H
8209.marc.sans,Marc SANS,42:39:17,856,France,FR,,50-54,H
76556.albert.perpinanfuentes,Albert PERPINAN-FUENTES,42:40:30,857,Espagne,ES,,50-54,H
904.laurent.coppola,Laurent COPPOLA,42:40:47,858,France,FR,,35-39,H
73898.johann.mathieu,Johann MATHIEU,42:40:47,859,France,FR,,20-34,H
19149.thomas.ehmke,Thomas EHMKE,42:41:12,860,Allemagne,DE,,20-34,H
23500.luis.dearribaindia,Luis DE ARRIBA-INDIA,42:42:26,861,Espagne,ES,,40-44,H
76557.oscar.martinhierro,Oscar MARTIN-HIERRO,42:42:27,862,Espagne,ES,,80+,H
13180.cristo.acostamendez,Cristo ACOSTA-MENDEZ,42:42:44,863,Espagne,ES,,45-49,H
76271.eolo.gonzalezgarcia,Eolo GONZALEZ-GARCIA,42:42:44,864,Espagne,ES,,50-54,H
21313.walter.carraro,Walter CARRARO,42:43:52,865,Italie,IT,,40-44,H
40777.christian.atlan,Christian ATLAN,42:43:52,866,France,FR,,60-64,H
5169695.guy.delangle,Guy DELANGLE,42:43:53,867,France,FR,,45-49,H
19618.marco.marini,Marco MARINI,42:44:15,868,Italie,IT,,45-49,H
30609.maurizio.sala,Maurizio SALA,42:44:15,869,Italie,IT,,40-44,H
21325.ivano.coppi,Ivano COPPI,42:44:15,870,Italie,IT,,50-54,H
19447.pietro.simonini,Pietro SIMONINI,42:44:18,871,Italie,IT,,45-49,H
38638.jeanalbert.arminjon,Jean-Albert ARMINJON,42:44:59,872,France,FR,,55-59,H
17435.dennis.drey,Dennis DREY,42:44:59,873,Etats-Unis,US,,55-59,H
40580.gregory.piron,Gregory PIRON,42:45:53,874,France,FR,,35-39,H
45220.dominique.diffine,Dominique DIFFINE,42:46:02,875,France,FR,,40-44,H
65013.brigitte.demoulin,Brigitte DEMOULIN,42:46:59,876,Belgique,BE,,45-49,F
1409.nicolas.hourdry,Nicolas HOURDRY,42:47:06,877,France,FR,,40-44,H
37922.claude.regnault,Claude REGNAULT,42:47:44,878,France,FR,,50-54,H
76558.kaled.bouamama,Kaled BOUAMAMA,42:47:44,879,France,FR,,80+,H
11303.bruno.rinaldo,Bruno RINALDO,42:47:53,880,France,FR,,40-44,H
76559.sebastien.pezeron,Sebastien PEZERON,42:47:53,881,France,FR,,35-39,H
24741.eddy.sporer,Eddy SPORER,42:48:01,882,France,FR,,45-49,H
76560.jeanbaptiste.dulau,Jean-Baptiste DULAU,42:48:02,883,France,FR,,40-44,H
73943.alexandre.huille,Alexandre HUILLE,42:49:08,884,France,FR,,35-39,H
11627.didier.hardy,Didier HARDY,42:49:42,885,France,FR,,50-54,H
74521.philippe.thevenet,Philippe THEVENET,42:50:02,886,France,FR,,50-54,H
19112.nicola.wahl,Nicola WAHL,42:50:38,887,Allemagne,DE,,45-49,F
76561.vincent.neveu,Vincent NEVEU,42:51:14,888,France,FR,,80+,H
27448.cedric.dufeil,Cedric DUFEIL,42:51:17,889,France,FR,,20-34,H
19322.leonardo.gaiani,Leonardo GAIANI,42:52:22,890,Italie,IT,,35-39,H
19321.nicole.lasagna,Nicole LASAGNA,42:52:23,891,Italie,IT,,20-34,F
21298.massimo.panchetti,Massimo PANCHETTI,42:52:32,892,Italie,IT,,60-64,H
26529.michel.garcin,Michel GARCIN,42:54:18,893,France,FR,,40-44,H
76562.dario.bosi,Dario BOSI,42:54:27,894,Italie,IT,,50-54,H
30562.michele.melacarne,Michele MELACARNE,42:55:38,895,Italie,IT,,50-54,H
74012.josemaria.gomezlucena,Jose-Maria GOMEZ-LUCENA,42:57:23,896,Espagne,ES,,40-44,H
76563.valentin.garciamota,Valentin GARCIA-MOTA,42:57:23,897,Espagne,ES,,40-44,H
231696.olivier.gaillemin,Olivier GAILLEMIN,42:57:27,898,Royaume-Uni,GB,,35-39,H
74066.roger.reymond,Roger REYMOND,42:59:12,899,France,FR,,55-59,H
24946.alexandre.montrichard,Alexandre MONTRICHARD,42:59:17,900,France,FR,,20-34,H
7038.richard.lefranc,Richard LEFRANC,42:59:18,901,France,FR,,35-39,H
33365.alexis.gaon,Alexis GAON,42:59:18,902,France,FR,,20-34,H
74997.michelrene.martinoli,Michel-Rene MARTINOLI,42:59:19,903,France,FR,,60-64,H
73893.hakan.parsson,Håkan PARSSON,42:59:32,904,Suède,SE,,80+,H
19935.dieter.baumgart,Dieter BAUMGART,42:59:35,905,Allemagne,DE,,65-69,H
19936.marcus.weber,Marcus WEBER,42:59:36,906,Allemagne,DE,,40-44,H
75117.gael.dutigny,Gael DUTIGNY,42:59:40,907,Etats-Unis,US,,35-39,H
26520.david.pennec,David PENNEC,43:00:10,908,France,FR,,35-39,H
52107.david.bell,David BELL,43:00:51,909,Royaume-Uni,GB,,45-49,H
4731.craig.slagel,Craig SLAGEL,43:01:42,910,Canada,CA,,35-39,H
19645.hulett.jesus,Hulett JESUS,43:02:02,911,Venezuela,VE,,35-39,H
2647.jacky.champion,Jacky CHAMPION,43:02:21,912,France,FR,,55-59,H
38784.philippe.barriere,Philippe BARRIERE,43:02:21,913,France,FR,,50-54,H
7071.francoise.barriere,Francoise BARRIERE,43:02:21,914,France,FR,,40-44,F
10818.olivier.morineau,Olivier MORINEAU,43:02:58,915,France,FR,,40-44,H
24881.michael.abegg,Michael ABEGG,43:04:23,916,France,FR,,40-44,H
74503.yves.almellones,Yves ALMELLONES,43:04:24,917,France,FR,,45-49,H
41544.stefano.marta,Stefano MARTA,43:04:38,918,Italie,IT,,20-34,H
76066.ignace.matthys,Ignace MATTHYS,43:05:25,919,Belgique,BE,,50-54,H
7747.christophe.fabre,Christophe FABRE,43:06:47,920,France,FR,,35-39,H
,Anonymous,43:07:46,921,Espagne,ES,,20-34,H
6102.dominique.clerc,Dominique CLERC,43:09:35,922,France,FR,,45-49,H
6105.herve.gladkoff,Herve GLADKOFF,43:09:36,923,France,FR,,45-49,H
71002.florian.bechtel,Florian BECHTEL,43:09:39,924,Allemagne,DE,,35-39,H
8105.cyrille.chabrillat,Cyrille CHABRILLAT,43:09:47,925,France,FR,,45-49,H
36436.hiroaki.matsunaga,Hiroaki MATSUNAGA,43:09:49,926,Japon,JP,,20-34,H
48499.jakob.vestergaard,Jakob VESTERGAARD,43:10:33,927,Danemark,DK,,40-44,H
324.marc.caudrillier,Marc CAUDRILLIER,43:12:32,928,France,FR,,40-44,H
2519.eric.stich,Eric STICH,43:12:54,929,France,FR,,40-44,H
33485.xavier.genot,Xavier GENOT,43:13:38,930,France,FR,,35-39,H
76564.etienne.burniat,Etienne BURNIAT,43:14:07,931,Belgique,BE,,45-49,H
41884.patrick.houssin,Patrick HOUSSIN,43:14:33,932,France,FR,,45-49,H
76565.philippe.marmet,Philippe MARMET,43:15:29,933,France,FR,,45-49,H
9370.regis.vanhasbrouck,Regis VANHASBROUCK,43:16:30,934,France,FR,,50-54,H
392.frederic.ferrand,Frédéric FERRAND,43:18:41,935,France,FR,,45-49,H
76566.vincent.lapouge,Vincent LAPOUGE,43:20:34,936,France,FR,,50-54,H
12762.alfred.miralles,Alfred MIRALLES,43:20:46,937,Espagne,ES,,50-54,H
76567.joseluis.francodoural,Jose-Luis FRANCO-DOURAL,43:20:46,938,Espagne,ES,,80+,H
76568.jaume.puigzacares,Jaume PUIG-ZACARES,43:20:46,939,Espagne,ES,,45-49,H
8594.philippe.destenay,Philippe DESTENAY,43:21:38,940,France,FR,,45-49,H
25012.thierry.barras,Thierry BARRAS,43:21:42,941,Belgique,BE,,50-54,H
27589.huguette.jaume,Huguette JAUME,43:21:53,942,France,FR,,55-59,F
76569.gilles.bouchet,Gilles BOUCHET,43:22:35,943,France,FR,,45-49,H
76570.fernando.ferrer,Fernando FERRER,43:23:25,944,Espagne,ES,,35-39,H
3915.jenny.uehisa,Jenny UEHISA,43:23:25,945,Etats-Unis,US,,20-34,F
76571.josep.roviracasadevall,Josep ROVIRA-CASADEVALL,43:23:36,946,Espagne,ES,,50-54,H
76572.alberto.nogalesalvarez,Alberto NOGALES-ALVAREZ,43:23:36,947,Espagne,ES,,80+,H
76573.antonio.rosell,Antonio ROSELL,43:23:36,948,Espagne,ES,,45-49,H
75948.christophe.carminati,Christophe CARMINATI,43:23:39,949,France,FR,,40-44,H
72459.philippe.colin,Philippe COLIN,43:23:41,950,France,FR,,40-44,H
39664.jeanluc.bosser,Jean-Luc BOSSER,43:24:02,951,France,FR,,40-44,H
10461.jeancharles.leclerc,Jean-Charles LECLERC,43:24:57,952,France,FR,,35-39,H
20128.paul.kwakkenbos,Paul KWAKKENBOS,43:25:20,953,Pays-Bas,NL,,45-49,H
34701.andrea.galimberti,Andrea GALIMBERTI,43:26:20,954,Italie,IT,,35-39,H
40875.patrick.gachet,Patrick GACHET,43:26:47,955,France,FR,,45-49,H
10585.benoit.delachat,Benoit DELACHAT,43:27:20,956,France,FR,,45-49,H
8584.sylvie.dumas,Sylvie DUMAS,43:27:20,957,France,FR,,45-49,F
40610.philippe.benoist,Philippe BENOIST,43:27:20,958,France,FR,,45-49,H
19172.andrea.falkus,Andrea FALKUS,43:27:20,959,Allemagne,DE,,40-44,F
9978.pierre.veyrat,Pierre VEYRAT,43:27:35,960,France,FR,,35-39,H
76574.frederique.bonnaure,Frederique BONNAURE,43:27:47,961,France,FR,,35-39,F
32058.salvador.mestrealemany,Salvador MESTRE-ALEMANY,43:28:20,962,Espagne,ES,,45-49,H
11607.frederic.cortial,Frederic CORTIAL,43:30:11,963,France,FR,,35-39,H
10833.yannick.szybowicz,Yannick SZYBOWICZ,43:30:40,964,France,FR,,40-44,H
33472.jeanmarc.delorme,Jean-Marc DELORME,43:31:25,965,France,FR,,35-39,H
44758.eric.altwegg,Eric ALTWEGG,43:32:52,966,France,FR,,55-59,H
76575.claude.martin,Claude MARTIN,43:34:30,967,France,FR,,45-49,H
1128.bertrand.delongvilliers,Bertrand DE LONGVILLIERS,43:34:41,968,France,FR,,50-54,H
25121.paul.jardon,Paul JARDON,43:34:54,969,Belgique,BE,,50-54,H
57700.francesco.mintrone,Francesco MINTRONE,43:35:05,970,Italie,IT,,40-44,H
52638.christine.preston,Christine PRESTON,43:35:25,971,Royaume-Uni,GB,,45-49,F
76576.richard.leonard,Richard LEONARD,43:35:26,972,Royaume-Uni,GB,,80+,H
42989.jeannot.gastrin,Jeannot GASTRIN,43:35:40,973,France,FR,,50-54,H
76577.nicolas.ramillon,Nicolas RAMILLON,43:35:43,974,France,FR,,20-34,H
13209.emilio.amichriau,Emilio AMICH-RIAU,43:36:18,975,Espagne,ES,,45-49,H
76578.guy.alex,Guy ALEX,43:36:47,976,France,FR,,50-54,H
72492.thierry.dubois,Thierry DUBOIS,43:37:38,977,France,FR,,45-49,H
24180.jeanpierre.alard,Jean-Pierre ALARD,43:37:57,978,France,FR,,60-64,H
76579.jordi.mestreborras,Jordi MESTRE-BORRAS,43:39:36,979,Espagne,ES,,80+,H
64577.wolfgang.olbrisch,Wolfgang OLBRISCH,43:39:51,980,Allemagne,DE,,45-49,H
10192.richard.pioche,Richard PIOCHE,43:39:51,981,France,FR,,55-59,H
41268.philippe.marcillon,Philippe MARCILLON,43:39:53,982,France,FR,,40-44,H
42595.georges.inacio,Georges INACIO,43:40:05,983,France,FR,,50-54,H
19478.fernando.campanini,Fernando CAMPANINI,43:41:00,984,Italie,IT,,60-64,H
27511.jeanrene.nedelec,Jean-Rene NEDELEC,43:41:01,985,France,FR,,45-49,H
42918.vincent.joukoff,Vincent JOUKOFF,43:41:06,986,France,FR,,45-49,H
45078.marcel.nickler,Marcel NICKLER,43:41:07,987,Suisse,CH,,50-54,H
76580.denis.clerc,Denis CLERC,43:41:07,988,France,FR,,45-49,H
28219.eric.galamand,Eric GALAMAND,43:42:31,989,France,FR,,40-44,H
74005.nekane.ituarteandonegi,Nekane ITUARTE ANDONEGI,43:43:15,990,Espagne,ES,,35-39,F
76581.alberto.almansamartin,Alberto ALMANSA-MARTIN,43:43:28,991,Espagne,ES,,40-44,H
13413.kosme.arrieta,Kosme ARRIETA,43:43:41,992,Espagne,ES,,40-44,H
1614277.inaki.agirrezabalaga,Inaki AGIRREZABALAGA,43:43:41,993,Espagne,ES,,20-34,H
74034.joan.ruizdebustillopont,Joan RUIZ-DE BUSTILLO-PONT,43:44:02,994,Espagne,ES,,80+,H
31899.toni.pratsan,Toni PRAT-SAN,43:45:24,995,Espagne,ES,,U18,H
12739.pedroaugusto.pestanaalves,Pedro Augusto PESTANA ALVES,43:46:06,996,Portugal,PT,,20-34,H
76582.goncalo.silva,Goncalo SILVA,43:46:06,997,Portugal,PT,,20-34,H
24542.claire.rimbault,Claire RIMBAULT,43:46:56,998,France,FR,,35-39,F
8710.evelyne.debel,Evelyne DEBEL,43:46:56,999,France,FR,,35-39,F
21258.antonio.penzo,Antonio PENZO,43:47:00,1000,Italie,IT,,45-49,H
226021.david.wright,David WRIGHT,43:47:01,1001,Royaume-Uni,GB,,40-44,H
26798.eddy.uguen,Eddy UGUEN,43:47:59,1002,France,FR,,40-44,H
40292.ronan.evenas,Ronan EVENAS,43:47:59,1003,France,FR,,45-49,H
40661.ludovic.trabuchet,Ludovic TRABUCHET,43:48:51,1004,France,FR,,20-34,H
76583.jonathan.steele,Jonathan STEELE,43:48:59,1005,Royaume-Uni,GB,,35-39,H
72396.cyril.martins,Cyril MARTINS,43:50:02,1006,France,FR,,20-34,H
57724.bruno.perrin,Bruno PERRIN,43:50:15,1007,France,FR,,45-49,H
20543.stephane.galeazzi,Stephane GALEAZZI,43:50:15,1008,France,FR,,45-49,H
11209.patrice.favre,Patrice FAVRE,43:50:16,1009,France,FR,,45-49,H
28269.olivier.tisseyre,Olivier TISSEYRE,43:50:19,1010,France,FR,,35-39,H
31992.carles.conillcortes,Carles CONILL-CORTES,43:50:24,1011,Espagne,ES,,20-34,H
75092.patrick.rivaud,Patrick RIVAUD,43:50:27,1012,France,FR,,35-39,H
26280.jeanyves.lebris,Jean-Yves LE BRIS,43:51:43,1013,France,FR,,50-54,H
42756.jeanchristophe.linger,Jean-Christophe LINGER,43:52:12,1014,France,FR,,35-39,H
74096.reinis.zogots,Reinis ZOGOTS,43:52:28,1015,Lettonie,LV,,20-34,H
48078.franco.zomer,Franco ZOMER,43:53:00,1016,Italie,IT,,40-44,H
19191.olaf.baars,Olaf BAARS,43:53:45,1017,Allemagne,DE,,45-49,H
76584.pascal.barbery,Pascal BARBERY,43:54:06,1018,France,FR,,80+,H
40999.bruno.bosc,Bruno BOSC,43:54:16,1019,France,FR,,35-39,H
52635.hannah.moorebarton,Hannah MOORE-BARTON,43:55:06,1020,Royaume-Uni,GB,,20-34,F
76585.paul.vitry,Paul VITRY,43:55:16,1021,France,FR,,40-44,H
57686.dominique.aru,Dominique ARU,43:56:32,1022,France,FR,,45-49,H
73994.jeanluc.roomans,Jean-Luc ROOMANS,43:56:38,1023,Belgique,BE,,45-49,H
38404.jeanmichel.berly,Jean-Michel BERLY,43:56:46,1024,France,FR,,50-54,H
38493.laurent.dalou,Laurent DALOU,43:56:46,1025,France,FR,,50-54,H
20033.nataliya.marmier,Nataliya MARMIER,43:56:57,1026,France,FR,,50-54,F
76586.lionel.guehennec,Lionel GUEHENNEC,43:56:59,1027,France,FR,,50-54,H
41886.yves.pyanet,Yves PYANET,43:57:06,1028,France,FR,,50-54,H
6832.olivier.martin,Olivier MARTIN,43:57:50,1029,France,FR,,35-39,H
20567.roger.rolot,Roger ROLOT,43:58:56,1030,France,FR,,55-59,H
42752.pascal.pecclet,Pascal PECCLET,43:59:00,1031,France,FR,,45-49,H
76045.richard.fuller,Richard FULLER,43:59:19,1032,Royaume-Uni,GB,,20-34,H
76173.william.leahy,William LEAHY,43:59:19,1033,Royaume-Uni,GB,,40-44,H
8636.cedric.campagnoni,Cedric CAMPAGNONI,43:59:22,1034,France,FR,,35-39,H
48861.gianni.vanzan,Gianni VANZAN,43:59:43,1035,Italie,IT,,35-39,H
76587.guislain.levielle,Guislain LEVIELLE,43:59:56,1036,France,FR,,45-49,H
716.laurent.bassinet,Laurent BASSINET,44:00:20,1037,France,FR,,40-44,H
41431.michel.dreux,Michel DREUX,44:00:20,1038,France,FR,,50-54,H
74205.ludovic.perche,Ludovic PERCHE,44:00:22,1039,France,FR,,80+,H
30089.eric.jeanson,Eric JEANSON,44:00:24,1040,France,FR,,35-39,H
76588.jeanmarie.hamon,Jean-Marie HAMON,44:00:25,1041,France,FR,,45-49,H
171.guilherme.hora,Guilherme RODRIGUES-DA HORA (Guilherme HORA),44:01:03,1042,Portugal,PT,,35-39,H
31987.hugo.velez,Hugo VELEZ,44:01:03,1043,Portugal,PT,,20-34,H
39031.jeanmichel.aurioux,Jean-Michel AURIOUX,44:01:32,1044,France,FR,,50-54,H
57658.antonio.garciaurbaneja,Antonio GARCIA-URBANEJA,44:03:35,1045,Espagne,ES,,55-59,H
76589.natalia.legeylafarga,Natalia LEGEY-LAFARGA,44:03:35,1046,Espagne,ES,,35-39,F
73992.alban.plancon,Alban PLANCON,44:03:42,1047,France,FR,,80+,H
45467.martin.raulf,Martin RAULF,44:04:29,1048,Allemagne,DE,,45-49,H
76590.felicien.coumba,Felicien COUMBA,44:05:51,1049,France,FR,,45-49,H
27156.xavier.graindorge,Xavier GRAINDORGE,44:06:02,1050,France,FR,,40-44,H
7691.patrick.bertineau,Patrick BERTINEAU,44:06:03,1051,France,FR,,45-49,H
74073.cyrille.bras,Cyrille BRAS,44:07:32,1052,France,FR,,35-39,H
73052.gerard.bras,Gerard BRAS,44:07:32,1053,France,FR,,60-64,H
19410.riccardo.albrile,Riccardo ALBRILE,44:07:34,1054,Italie,IT,,40-44,H
48841.claudio.tagliafraschi,Claudio TAGLIAFRASCHI,44:07:40,1055,Italie,IT,,35-39,H
19442.marco.roz,Marco ROZ,44:07:41,1056,Italie,IT,,40-44,H
76591.pierre.moritz,Pierre MORITZ,44:07:45,1057,France,FR,,50-54,H
76592.jeanyves.marchais,Jean-Yves MARCHAIS,44:08:08,1058,France,FR,,50-54,H
76084.yannis.coquerelle,Yannis COQUERELLE,44:08:10,1059,France,FR,,35-39,H
74702.jeanmarc.prouheze,Jean-Marc PROUHEZE,44:08:22,1060,France,FR,,40-44,H
10988.stephane.piselli,Stephane PISELLI,44:08:27,1061,France,FR,,35-39,H
76593.jerome.savignac,Jerome SAVIGNAC,44:08:39,1062,France,FR,,35-39,H
24064.benoit.cassan,Benoit CASSAN,44:08:39,1063,France,FR,,40-44,H
76594.stephane.thery,Stephane THERY,44:08:48,1064,France,FR,,50-54,H
8185.stephane.rateau,Stephane RATEAU,44:08:53,1065,France,FR,,40-44,H
26364.alain.kurth,Alain KURTH,44:09:16,1066,France,FR,,40-44,H
19927.claude.baumann,Claude BAUMANN,44:09:52,1067,Suisse,CH,,40-44,H
6812.remi.hardouin,Remi HARDOUIN,44:09:53,1068,France,FR,,40-44,H
19390.siro.uliana,Siro ULIANA,44:09:56,1069,Italie,IT,,55-59,H
32675.jerome.dubreuil,Jerome DUBREUIL,44:10:29,1070,France,FR,,20-34,H
40410.michael.dubreuil,Michael DUBREUIL,44:10:30,1071,France,FR,,20-34,H
28224.bernard.miton,Bernard MITON,44:10:48,1072,France,FR,,50-54,H
76328.guy.margueritte,Guy MARGUERITTE,44:11:15,1073,France,FR,,45-49,H
48751.dimitri.dinca,Dimitri D'INCA,44:12:27,1074,Italie,IT,,35-39,H
74485.clement.melet,Clement MELET,44:12:58,1075,France,FR,,80+,H
8510.erwan.rioual,Erwan RIOUAL,44:13:00,1076,France,FR,,40-44,H
32285.jordi.lluismartinez,Jordi LLUIS-MARTINEZ,44:13:12,1077,Espagne,ES,,40-44,H
21305.giovanni.barbero,Giovanni BARBERO,44:13:14,1078,Italie,IT,,50-54,H
10445.gianluca.ughetti,Gianluca UGHETTI,44:13:14,1079,Italie,IT,,20-34,H
34639.giovanni.capirone,Giovanni CAPIRONE,44:13:15,1080,Italie,IT,,45-49,H
212257.miquelangel.ivarsespi,Miquel Àngel IVARS ESPI,44:13:36,1081,Espagne,ES,,35-39,H
74054.david.dasilva,David DA SILVA,44:14:28,1082,France,FR,,20-34,H
76595.david.mainchain,David MAINCHAIN,44:15:41,1083,France,FR,,80+,H
76596.emmanuel.fortin,Emmanuel FORTIN,44:15:50,1084,France,FR,,40-44,H
25425.andre.grandmont,Andre GRANDMONT,44:16:40,1085,Belgique,BE,,45-49,H
74105.denis.pirsoul,Denis PIRSOUL,44:16:40,1086,Belgique,BE,,40-44,H
76127.benoit.jordant,Benoit JORDANT,44:16:58,1087,Belgique,BE,,45-49,H
25645.jeanmichel.hamm,Jean-Michel HAMM,44:17:19,1088,France,FR,,20-34,H
24860.claude.herrenberger,Claude HERRENBERGER,44:17:20,1089,France,FR,,50-54,H
76597.italo.orru,Italo ORRU,44:17:37,1090,Italie,IT,,45-49,H
66551.drago.velebit,Drago VELEBIT,44:17:37,1091,Autriche,AT,,45-49,H
72468.jeanfrancois.rittaud,Jean-Francois RITTAUD,44:18:31,1092,France,FR,,50-54,H
19492.roberto.tomasi,Roberto TOMASI,44:18:31,1093,Italie,IT,,45-49,H
25063.philippe.leonelli,Philippe LEONELLI,44:18:56,1094,France,FR,,20-34,H
48335.patrick.pochon,Patrick POCHON,44:18:59,1095,Suisse,CH,,20-34,H
38271.bruno.maretheu,Bruno MARETHEU,44:19:06,1096,France,FR,,45-49,H
42850.goran.mojicevic,Goran MOJICEVIC,44:19:15,1097,France,FR,,35-39,H
9687.michel.solimeis,Michel SOLIMEIS,44:19:29,1098,France,FR,,45-49,H
5781482.philippe.payen,Philippe PAYEN,44:19:43,1099,France,FR,,45-49,H
74557.jeanmarc.bret,Jean-Marc BRET,44:20:10,1100,France,FR,,40-44,H
76598.gilles.derriey,Gilles DERRIEY,44:21:25,1101,France,FR,,50-54,H
8456.thierry.daurelle,Thierry DAURELLE,44:21:45,1102,France,FR,,45-49,H
1454613.bernadette.daurelle,Bernadette DAURELLE,44:21:45,1103,France,FR,,45-49,F
40738.jeanyves.pinguet,Jean-Yves PINGUET,44:21:46,1104,France,FR,,45-49,H
74129.laurent.lauger,Laurent LAUGER,44:22:44,1105,France,FR,,35-39,H
74128.jerome.duba,Jerome DUBA,44:22:46,1106,France,FR,,35-39,H
11575.jerome.vidal,Jerome VIDAL,44:22:46,1107,France,FR,,20-34,H
26194.michel.brageot,Michel BRAGEOT,44:23:15,1108,France,FR,,45-49,H
30288.gilles.ulrich,Gilles ULRICH,44:23:16,1109,France,FR,,45-49,H
76599.william.battle,William BATTLE,44:23:18,1110,Royaume-Uni,GB,,35-39,H
19223.hans.wurl,Hans WÜRL,44:23:41,1111,Allemagne,DE,,45-49,H
57720.anita.szilagyi,Anita SZILAGYI,44:23:48,1112,Hongrie,HU,,20-34,F
76600.jeanpascal.balmoze,Jean-Pascal BALMOZE,44:23:57,1113,France,FR,,35-39,H
14886.rob.apple,Rob APPLE,44:24:34,1114,Etats-Unis,US,,45-49,H
162538.susan.donnelly,Susan DONNELLY,44:24:34,1115,Etats-Unis,US,,45-49,F
995669.dani.rodriguezgarcia,Dani RODRIGUEZ-GARCIA,44:24:47,1116,Espagne,ES,,20-34,H
24097.steve.keller,Steve KELLER,44:24:48,1117,Espagne,ES,,35-39,H
76602.laurent.dufosse,Laurent DUFOSSE,44:26:19,1118,France,FR,,45-49,H
76603.patrick.langlois,Patrick LANGLOIS,44:27:00,1119,France,FR,,50-54,H
13198.manuel.duranhidalgo,Manuel DURAN-HIDALGO,44:27:06,1120,Espagne,ES,,80+,H
76272.francisco.contrerasmunoz,Francisco CONTRERAS-MUNOZ,44:27:06,1121,Espagne,ES,,40-44,H
27768.marcel.baril,Marcel BARIL,44:27:35,1122,France,FR,,55-59,H
19484.roberto.zammattio,Roberto ZAMMATTIO,44:28:43,1123,Italie,IT,,45-49,H
74162.pierre.laine,Pierre LAINE,44:29:28,1124,France,FR,,50-54,H
76604.josepm.falippurgimon,Josep-M FALIP-PURGIMON,44:29:57,1125,Espagne,ES,,45-49,H
76605.daniel.puigborras,Daniel PUIG-BORRAS,44:30:06,1126,Espagne,ES,,80+,H
74053.xavier.serrallongagasch,Xavier SERRALLONGA-GASCH,44:30:58,1127,Espagne,ES,,45-49,H
76067.toni.serrallongagasch,Toni SERRALLONGA-GASCH,44:30:58,1128,Espagne,ES,,50-54,H
12809.roque.lucas,Roque LUCAS,44:31:48,1129,Espagne,ES,,50-54,H
12808.josep.dulcetgenaro,Josep DULCET GENARO,44:31:49,1130,Espagne,ES,,55-59,H
44913.peter.flock,Peter FLOCK,44:31:53,1131,Allemagne,DE,,35-39,H
32591.stephanie.aucuit,Stephanie AUCUIT,44:32:21,1132,France,FR,,35-39,F
,Anonymous,44:32:53,1133,France,FR,,40-44,H
7939.raphael.robert,Raphael ROBERT,44:33:05,1134,France,FR,,20-34,H
59204.federico.biasin,Federico BIASIN,44:33:13,1135,Italie,IT,,45-49,H
118.arnaud.baguenierdesormeaux,Arnaud BAGUENIER DESORMEAUX,44:33:40,1136,France,FR,,40-44,H
26096.frederic.nogues,Frederic NOGUES,44:34:31,1137,France,FR,,35-39,H
76606.eric.mertz,Eric MERTZ,44:34:31,1138,France,FR,,50-54,H
55338.panagiotis.andromedas,Panagiotis ANDROMEDAS,44:34:38,1139,Grèce,GR,,40-44,H
73900.yiannis.reizis,Yiannis REIZIS,44:34:38,1140,Grèce,GR,,35-39,H
55378.panagiotis.konstantinou,Panagiotis KONSTANTINOU,44:34:39,1141,Grèce,GR,,35-39,H
55479.athanasios.glaroudis,Athanasios GLAROUDIS,44:34:39,1142,Grèce,GR,,35-39,H
76607.robert.dawirs,Robert DAWIRS,44:34:43,1143,Belgique,BE,,35-39,H
19184.dieter.klein,Dieter KLEIN,44:34:50,1144,Allemagne,DE,,40-44,H
19186.mathias.paul,Mathias PAUL,44:34:50,1145,Allemagne,DE,,50-54,H
43578.jacky.queraux,Jacky QUERAUX,44:34:52,1146,France,FR,,50-54,H
40311.laurence.roux,Laurence ROUX,44:34:52,1147,France,FR,,45-49,F
43577.didier.maitre,Didier MAITRE,44:34:53,1148,France,FR,,45-49,H
33339.francoise.osbert,Francoise OSBERT,44:35:08,1149,France,FR,,50-54,F
74116.annemarie.mauger,Anne-Marie MAUGER,44:35:40,1150,France,FR,,45-49,F
74176.luc.carpentier,Luc CARPENTIER,44:36:46,1151,France,FR,,45-49,H
27043.bernard.lefalher,Bernard LE FALHER,44:38:18,1152,France,FR,,40-44,H
76608.agustin.risuenomartin,Agustin RISUENO-MARTIN,44:38:24,1153,Espagne,ES,,40-44,H
76609.abel.paniaguabenito,Abel PANIAGUA-BENITO,44:38:24,1154,Espagne,ES,,35-39,H
19237.ralf.kolsch,Ralf KÖLSCH,44:38:25,1155,Allemagne,DE,,45-49,H
24749.pascal.lebel,Pascal LEBEL,44:38:31,1156,France,FR,,40-44,H
28253.marc.boussounian,Marc BOUSSOUNIAN,44:38:31,1157,France,FR,,50-54,H
24747.michel.duchowicz,Michel DUCHOWICZ,44:38:32,1158,France,FR,,45-49,H
,Anonymous,44:38:36,1159,Allemagne,DE,,40-44,H
73913.lionel.bouillaguet,Lionel BOUILLAGUET,44:39:21,1160,France,FR,,35-39,H
24717.laurent.desbard,Laurent DESBARD,44:39:59,1161,France,FR,,35-39,H
595288.nicolas.boucard,Nicolas BOUCARD,44:39:59,1162,France,FR,,20-34,H
76610.frederic.moreau,Frederic MOREAU,44:39:59,1163,France,FR,,40-44,H
20023.markus.hirtner,Markus HIRTNER,44:40:01,1164,Suisse,CH,,40-44,H
10883.eric.reynaud,Eric REYNAUD,44:41:28,1165,France,FR,,40-44,H
32844.thierry.mornet,Thierry MORNET,44:42:03,1166,France,FR,,45-49,H
76611.tamas.gyurjan,Tamas GYURJAN,44:42:45,1167,Hongrie,HU,,20-34,H
40958.florent.subtil,Florent SUBTIL,44:43:55,1168,France,FR,,50-54,H
64371.christian.roth,Christian ROTH,44:44:40,1169,France,FR,,45-49,H
24527.jeanclaude.beaumel,Jean-Claude BEAUMEL,44:45:00,1170,France,FR,,65-69,H
72958.david.cuccolo,David CUCCOLO,44:46:01,1171,France,FR,,40-44,H
55419.michael.papakonstantis,Michael PAPAKONSTANTIS,44:46:37,1172,Grèce,GR,,80+,H
55388.georgios.chalvadakis,Georgios CHALVADAKIS,44:46:39,1173,Grèce,GR,,45-49,H
30163.pascal.thube,Pascal THUBE,44:47:33,1174,France,FR,,45-49,H
11738.corinne.faure,Corinne FAURE,44:47:43,1175,France,FR,,40-44,F
11279.mathias.leblois,Mathias LEBLOIS,44:47:56,1176,France,FR,,40-44,H
76612.frederic.bernard,Frederic BERNARD,44:48:08,1177,France,FR,,40-44,H
76613.ludovic.erard,Ludovic ERARD,44:48:24,1178,France,FR,,35-39,H
52518.andrewpeter.moralee,Andrew-Peter MORALEE,44:49:01,1179,Royaume-Uni,GB,,55-59,H
74010.pierre.aupaix,Pierre AUPAIX,44:50:09,1180,Belgique,BE,,45-49,H
7244.denis.hayetine,Denis HAYETINE,44:50:09,1181,France,FR,,50-54,H
19563.giuseppe.magenes,Giuseppe MAGENES,44:50:46,1182,Italie,IT,,40-44,H
76266.christian.humbert,Christian HUMBERT,44:50:46,1183,France,FR,,50-54,H
57698.alberto.lorenzoni,Alberto LORENZONI,44:50:50,1184,Italie,IT,,40-44,H
21269.michele.mombelli,Michele MOMBELLI,44:50:51,1185,Italie,IT,,40-44,H
76614.isabelle.deffez,Isabelle DEFFEZ,44:51:08,1186,France,FR,,45-49,F
55538.ioannis.germakopoulos,Ioannis GERMAKOPOULOS,44:52:08,1187,Grèce,GR,,65-69,H
63443.bernd.kienzle,Bernd KIENZLE,44:52:21,1188,Allemagne,DE,,45-49,H
8644.alessandro.tarallo,Alessandro TARALLO,44:52:34,1189,Italie,IT,,40-44,H
19566.diego.donega,Diego DONEGA,44:53:08,1190,Italie,IT,,40-44,H
294182.jackboris.liver,Jack Boris LIVER,44:53:16,1191,Suisse,CH,,20-34,H
13182.margit.hirtzy,Margit HIRTZY,44:53:28,1192,Autriche,AT,,45-49,F
18942.franz.hirtzy,Franz HIRTZY,44:53:29,1193,Autriche,AT,,50-54,H
59672.andrea.simonato,Andrea SIMONATO,44:53:30,1194,Italie,IT,,35-39,H
30472.mike.rey,Mike REY,44:53:30,1195,Etats-Unis,US,,35-39,H
24806.jacques.franz,Jacques FRANZ,44:54:06,1196,France,FR,,45-49,H
30362.cyril.hivert,Cyril HIVERT,44:54:06,1197,France,FR,,20-34,H
24968.daniel.ditsch,Daniel DITSCH,44:54:07,1198,France,FR,,50-54,H
76615.fabrice.guernon,Fabrice GUERNON,44:54:08,1199,France,FR,,40-44,H
76616.marc.macary,Marc MACARY,44:54:44,1200,France,FR,,55-59,H
7774.mary.gay,Mary GAY,44:55:39,1201,France,FR,,55-59,F
7111.henri.joyer,Henri JOYER,44:55:40,1202,France,FR,,55-59,H
24791.herve.lega,Herve LEGA,44:56:32,1203,Belgique,BE,,40-44,H
39612.cedric.helmer,Cedric HELMER,44:57:06,1204,France,FR,,35-39,H
75076.jeff.campbell,Jeff CAMPBELL,44:57:46,1205,Royaume-Uni,GB,,50-54,H
52286.andrew.pooler,Andrew POOLER,44:57:46,1206,Royaume-Uni,GB,,80+,H
76617.david.williamson,David WILLIAMSON,44:57:47,1207,Royaume-Uni,GB,,20-34,H
10212.philippe.daubignard,Philippe DAUBIGNARD,44:58:12,1208,France,FR,,50-54,H
43526.pierre.letanoux,Pierre LETANOUX,44:59:25,1209,France,FR,,50-54,H
20554.thierry.seignol,Thierry SEIGNOL,44:59:26,1210,France,FR,,45-49,H
46631.bernhard.conradt,Bernhard CONRADT,44:59:37,1211,Allemagne,DE,,40-44,H
19239.dietrich.klaassen,Dietrich KLAASSEN,44:59:38,1212,Allemagne,DE,,40-44,H
76302.teddy.kill,Teddy KILL,44:59:40,1213,France,FR,,20-34,H
41570.aurelien.huard,Aurelien HUARD,45:00:13,1214,France,FR,,20-34,H
41000.hubert.remy,Hubert REMY,45:00:39,1215,France,FR,,50-54,H
76618.janmaarten.vandenhoek,Jan-Maarten VAN DEN HOEK,45:00:42,1216,Pays-Bas,NL,,40-44,H
39085.benoit.prangere,Benoit PRANGERE,45:00:42,1217,France,FR,,45-49,H
10900.philippe.chienno,Philippe CHIENNO,45:00:42,1218,France,FR,,35-39,H
76619.helen.chase,Helen CHASE,45:01:24,1219,Royaume-Uni,GB,,40-44,F
38502.dominique.vanlaethem,Dominique VANLAETHEM,45:01:25,1220,France,FR,,45-49,H
76620.herve.virevialle,Herve VIREVIALLE,45:02:09,1221,France,FR,,40-44,H
76621.jordi.cruellsvilardaga,Jordi CRUELLS-VILARDAGA,45:02:13,1222,Espagne,ES,,40-44,H
55453.evangelos.grammatosis,Evangelos GRAMMATOSIS,45:02:22,1223,Grèce,GR,,35-39,H
40981.serge.maziere,Serge MAZIERE,45:02:36,1224,France,FR,,50-54,H
8860.pascal.laurent,Pascal LAURENT,45:02:37,1225,France,FR,,45-49,H
41371.stephane.chevalier,Stephane CHEVALIER,45:02:39,1226,France,FR,,35-39,H
7183.patrick.turgy,Patrick TURGY,45:02:45,1227,France,FR,,50-54,H
44724.jeanrobert.petex,Jean-Robert PETEX,45:02:53,1228,France,FR,,45-49,H
40963.genevieve.mas,Genevieve MAS,45:02:58,1229,France,FR,,50-54,F
26869.jeanpaul.charpentier,Jean-Paul CHARPENTIER,45:03:36,1230,France,FR,,50-54,H
20920.jeanclaude.penicaud,Jean-Claude PENICAUD,45:04:00,1231,France,FR,,45-49,H
1237.edouard.lethelier,Edouard LETHELIER,45:04:00,1232,France,FR,,40-44,H
20234.laurent.rime,Laurent RIME,45:04:02,1233,Suisse,CH,,35-39,H
20044.grace.sacher,Grace SACHER,45:04:31,1234,Allemagne,DE,,55-59,F
76001.david.menard,David MENARD,45:04:51,1235,France,FR,,35-39,H
793770.antony.wyatt,Antony WYATT,45:04:53,1236,Australie,AU,,45-49,H
74635.maryse.dupre,Maryse DUPRE,45:08:36,1237,France,FR,,55-59,F
40723.didier.pierre,Didier PIERRE,45:08:38,1238,France,FR,,40-44,H
40423.dominique.vautier,Dominique VAUTIER,45:08:39,1239,France,FR,,35-39,H
76503.philippe.boyer,Philippe BOYER,45:08:43,1240,France,FR,,50-54,H
27710.emmanuel.cloarec,Emmanuel CLOAREC,45:08:51,1241,France,FR,,20-34,H
19231.friedbert.isenmann,Friedbert ISENMANN,45:08:53,1242,Allemagne,DE,,45-49,H
74171.jacques.poleni,Jacques POLENI,45:12:13,1243,France,FR,,55-59,H
8022.antoine.lebaron,Antoine LE BARON,45:12:15,1244,France,FR,,45-49,H
8193.jerome.duboullay,Jerome DU BOULLAY,45:12:15,1245,France,FR,,40-44,H
74506.eric.kuster,Eric KUSTER,45:12:28,1246,France,FR,,35-39,H
74261.natacha.guingamp,Natacha GUINGAMP,45:12:29,1247,France,FR,,35-39,F
74820.jacques.dumoux,Jacques DUMOUX,45:13:05,1248,France,FR,,45-49,H
74423.eric.melet,Eric MELET,45:13:05,1249,France,FR,,50-54,H
1141.claude.mirodatos,Claude MIRODATOS,45:13:05,1250,France,FR,,60-64,H
20038.patrick.reymond,Patrick REYMOND,45:13:06,1251,Suisse,CH,,55-59,H
76623.floreal.corredor,Floreal CORREDOR,45:13:09,1252,France,FR,,45-49,H
45359.grainne.connor,Grainne CONNOR,45:13:10,1253,Irlande,IE,,20-34,F
45358.greg.byrne,Greg BYRNE,45:13:10,1254,Irlande,IE,,20-34,H
76624.gregory.collett,Gregory COLLETT,45:14:16,1255,Royaume-Uni,GB,,50-54,H
76625.john.rees,John REES,45:14:16,1256,Royaume-Uni,GB,,45-49,H
6090.patrick.baudain,Patrick BAUDAIN,45:14:18,1257,France,FR,,45-49,H
32985.erick.gomez,Erick GOMEZ,45:14:40,1258,France,FR,,55-59,H
74015.dominique.bruneel,Dominique BRUNEEL,45:14:50,1259,France,FR,,45-49,H
76626.emmanuel.dubreuil,Emmanuel DUBREUIL,45:15:50,1260,France,FR,,40-44,H
62978.harald.bajohr,Harald BAJOHR,45:16:23,1261,Allemagne,DE,,40-44,H
76275.benjamin.warner,Benjamin WARNER,45:16:28,1262,Royaume-Uni,GB,,20-34,H
76627.michael.oconnor,Michael O'CONNOR,45:16:28,1263,Royaume-Uni,GB,,20-34,H
76628.israel.teniasvinau,Israel TENIAS-VINAU,45:17:37,1264,Espagne,ES,,80+,H
76629.xavi.castellvi,Xavi CASTELLVI,45:17:38,1265,Espagne,ES,,80+,H
24716.lionel.buchon,Lionel BUCHON,45:17:49,1266,France,FR,,35-39,H
76630.tony.dasneves,Tony DAS NEVES,45:17:57,1267,France,FR,,35-39,H
34617.gunnar.faehn,Gunnar FAEHN,45:18:09,1268,Norvège,NO,,60-64,H
404063.ono.shinobu,Ono SHINOBU,45:18:48,1269,Japon,JP,,50-54,H
76631.laurent.boric,Laurent BORIC,45:18:53,1270,France,FR,,35-39,H
11360.christian.repkat,Christian REPKAT,45:19:51,1271,France,FR,,60-64,H
1591.thierry.carte,Thierry CARTE,45:19:52,1272,France,FR,,45-49,H
34642.paolo.bucci,Paolo BUCCI,45:19:55,1273,Italie,IT,,55-59,H
45541.marianne.dahl,Marianne DAHL,45:20:22,1274,Allemagne,DE,,65-69,F
42181.christophe.vanherreweghe,Christophe VAN HERREWEGHE,45:21:09,1275,France,FR,,40-44,H
40533.brigitte.dupraz,Brigitte DUPRAZ,45:21:09,1276,France,FR,,50-54,F
42604.jerome.vermeersch,Jerome VERMEERSCH,45:21:10,1277,France,FR,,40-44,H
30263.thierry.salot,Thierry SALOT,45:21:16,1278,France,FR,,40-44,H
27792.pierrick.vaillant,Pierrick VAILLANT,45:21:37,1279,France,FR,,45-49,H
2685.pierre.cambon,Pierre CAMBON,45:21:38,1280,France,FR,,50-54,H
33114.xavier.mauban,Xavier MAUBAN,45:21:39,1281,France,FR,,45-49,H
72418.pascal.franck,Pascal FRANCK,45:21:42,1282,France,FR,,50-54,H
76632.claude.deiber,Claude DEIBER,45:22:23,1283,France,FR,,80+,H
1609.romain.jouffroy,Romain JOUFFROY,45:23:52,1284,France,FR,,20-34,H
26643.jeanyves.baron,Jean-Yves BARON,45:23:54,1285,France,FR,,45-49,H
76633.eric.leborgne,Eric LE BORGNE,45:24:39,1286,France,FR,,20-34,H
46144.martin.kunzler,Martin KÜNZLER,45:24:43,1287,Suisse,CH,,20-34,H
12799.josu.artechebilbao,Josu ARTECHE-BILBAO,45:25:10,1288,Espagne,ES,,80+,H
24803.fabrice.martin,Fabrice MARTIN,45:25:38,1289,France,FR,,35-39,H
31969.pere.masosagrera,Pere MASO-SAGRERA,45:25:38,1290,Espagne,ES,,45-49,H
51905.thomas.boother,Thomas BOOTHER,45:26:05,1291,Royaume-Uni,GB,,20-34,H
6244.aurelia.grenier,Aurelia GRENIER,45:26:06,1292,France,FR,,20-34,F
76634.joan.iborraplans,Joan IBORRA-PLANS,45:26:11,1293,Espagne,ES,,50-54,H
75080.hasni.djebbar,Hasni DJEBBAR,45:26:12,1294,France,FR,,60-64,H
10850.francois.halliez,Francois HALLIEZ,45:26:29,1295,France,FR,,20-34,H
74227.arnaud.devillez,Arnaud DEVILLEZ,45:28:30,1296,France,FR,,80+,H
25062.jose.kolton,Jose KOLTON,45:28:32,1297,France,FR,,50-54,H
74798.joao.faustino,Joao FAUSTINO,45:29:01,1298,Portugal,PT,,35-39,H
42381.christian.evain,Christian EVAIN,45:29:31,1299,Suisse,CH,,50-54,H
74913.stephen.greenslade,Stephen GREENSLADE,45:29:33,1300,Royaume-Uni,GB,,35-39,H
74915.bruno.godefroid,Bruno GODEFROID,45:29:33,1301,Belgique,BE,,35-39,H
72445.philippe.prudhomme,Philippe PRUD'HOMME,45:29:59,1302,France,FR,,40-44,H
42908.didier.daudey,Didier DAUDEY,45:30:26,1303,France,FR,,45-49,H
39877.herve.koch,Herve KOCH,45:30:58,1304,France,FR,,40-44,H
6891.alain.basset,Alain BASSET,45:30:59,1305,France,FR,,45-49,H
76635.carlos.gonzalezdiaz,Carlos GONZALEZ-DIAZ,45:32:12,1306,Espagne,ES,,40-44,H
24868.chantal.chartier,Chantal CHARTIER,45:32:42,1307,France,FR,,50-54,F
24869.jeanclaude.chartier,Jean-Claude CHARTIER,45:32:42,1308,France,FR,,50-54,H
74510.thierry.merlen,Thierry MERLEN,45:32:43,1309,France,FR,,55-59,H
74115.pierre.lemaire,Pierre LEMAIRE,45:32:44,1310,France,FR,,50-54,H
1672.thierry.ratelade,Thierry RATELADE,45:32:52,1311,France,FR,,55-59,H
25395.christian.gries,Christian GRIES,45:33:06,1312,France,FR,,50-54,H
27514.bruno.lauret,Bruno LAURET,45:33:29,1313,France,FR,,20-34,H
76636.laurent.bouly,Laurent BOULY,45:33:29,1314,France,FR,,40-44,H
1249.olivier.jenntreyer,Olivier JENN-TREYER,45:33:32,1315,France,FR,,40-44,H
42552.didier.leon,Didier LEON,45:33:52,1316,France,FR,,45-49,H
39608.michel.sireau,Michel SIREAU,45:33:53,1317,France,FR,,50-54,H
59985.jeanpierre.chandeze,Jean-Pierre CHANDEZE,45:34:02,1318,France,FR,,60-64,H
76637.miquel.boadaartigas,Miquel BOADA-ARTIGAS,45:35:14,1319,Espagne,ES,,35-39,H
40555.myriam.muris,Myriam MURIS,45:35:21,1320,France,FR,,20-34,F
76638.blake.roseveare,Blake ROSEVEARE,45:35:38,1321,Royaume-Uni,GB,,20-34,H
76639.duncan.craig,Duncan CRAIG,45:35:38,1322,Royaume-Uni,GB,,20-34,H
42551.franck.mitifiot,Franck MITIFIOT,45:35:40,1323,France,FR,,20-34,H
76641.jeanpaul.huot,Jean-Paul HUOT,45:35:59,1324,France,FR,,45-49,H
76642.edward.callaghan,Edward CALLAGHAN,45:36:34,1325,Royaume-Uni,GB,,20-34,H
11892.manuel.ramosgarcia,Manuel RAMOS-GARCIA,45:37:22,1326,Espagne,ES,,80+,H
76644.michel.trupia,Michel TRUPIA,45:37:23,1327,France,FR,,45-49,H
11342.reynald.desruelle,Reynald DESRUELLE,45:37:27,1328,France,FR,,45-49,H
76645.john.vernon,John VERNON,45:37:56,1329,Royaume-Uni,GB,,55-59,H
30113.xavier.verdoot,Xavier VERDOOT,45:39:01,1330,Belgique,BE,,20-34,H
76646.rodolphe.meteau,Rodolphe METEAU,45:39:47,1331,France,FR,,40-44,H
7115.sylvie.popeye,Sylvie POPEYE,45:39:47,1332,France,FR,,40-44,F
74097.diegoantonio.bonillagarcia,Diego-Antonio BONILLA-GARCIA,45:39:55,1333,Espagne,ES,,45-49,H
23488.stephane.marchand,Stephane MARCHAND,45:40:20,1334,France,FR,,35-39,H
76647.francois.castell,Francois CASTELL,45:40:21,1335,France,FR,,45-49,H
37793.stephane.bragard,Stephane BRAGARD,45:41:17,1336,France,FR,,35-39,H
27586.bruno.lefeuvre,Bruno LEFEUVRE,45:43:15,1337,France,FR,,45-49,H
10963.thierry.besancon,Thierry BESANCON,45:43:24,1338,France,FR,,40-44,H
76648.laurent.charron,Laurent CHARRON,45:43:25,1339,France,FR,,45-49,H
76649.jacques.rimour,Jacques RIMOUR,45:43:40,1340,France,FR,,45-49,H
20113.rafal.tyszkiewicz,Rafal TYSZKIEWICZ,45:44:27,1341,Pologne,PL,,35-39,H
10719.fabien.vigne,Fabien VIGNE,45:44:46,1342,France,FR,,20-34,H
10731.robert.frattali,Robert FRATTALI,45:44:46,1343,France,FR,,20-34,H
76650.daphne.roberti,Daphne ROBERTI,45:45:07,1344,Belgique,BE,,20-34,F
76651.benjamin.trend,Benjamin TREND,45:45:13,1345,Royaume-Uni,GB,,20-34,H
41927.susan.brocklebank,Susan BROCKLEBANK,45:45:19,1346,Royaume-Uni,GB,,45-49,F
76652.jamie.anderson,Jamie ANDERSON,45:45:22,1347,Royaume-Uni,GB,,20-34,H
43815.tom.curran,Tom CURRAN,45:45:23,1348,Irlande,IE,,20-34,H
76653.jerome.hamon,Jerome HAMON,45:45:39,1349,France,FR,,45-49,H
11389.cyrille.leborgne,Cyrille LEBORGNE,45:45:57,1350,France,FR,,20-34,H
76654.eric.basile,Eric BASILE,45:46:12,1351,France,FR,,45-49,H
76655.marc.matamorosgasparin,Marc MATAMOROS-GASPARIN,45:46:16,1352,Espagne,ES,,20-34,H
42726.frederic.fabre,Frederic FABRE,45:46:53,1353,France,FR,,20-34,H
41683.dominique.deboucherville,Dominique DE BOUCHERVILLE,45:47:40,1354,France,FR,,40-44,H
76656.ludovic.bertrand,Ludovic BERTRAND,45:48:09,1355,France,FR,,40-44,H
6975020.michel.raveu,Michel RAVEU,45:48:16,1356,France,FR,,40-44,H
76008.yan.vintrou,Yan VINTROU,45:48:37,1357,France,FR,,35-39,H
24871.francis.kaps,Francis KAPS,45:48:52,1358,France,FR,,50-54,H
20645.marcantoine.bertrand,Marc-Antoine BERTRAND,45:49:38,1359,France,FR,,55-59,H
11709.gael.roser,Gael ROSER,45:49:47,1360,France,FR,,20-34,H
76657.seamus.oconghaile,Seamus O'CONGHAILE,45:49:49,1361,Irlande,IE,,80+,H
6975022.cyrille.sellier,Cyrille SELLIER,45:50:11,1362,France,FR,,80+,H
79585.jean.delattre,Jean DELATTRE,45:51:13,1363,France,FR,,50-54,H
19426.roberto.ciccotelli,Roberto CICCOTELLI,45:51:20,1364,Italie,IT,,20-34,H
